SMHasher3 XXH3-64 0.8.3: 1AAEE62C expected 1AAEE62C PASS
XXH3 sanity len=12 seed=0000000000000000: a713daf0dfbb77e7 expected a713daf0dfbb77e7 PASS
XXH3 sanity len=12 seed=9e3779b185ebca8d: e7303e1b2336de0e expected e7303e1b2336de0e PASS
XXH3 sanity len=24 seed=0000000000000000: a3fe70bf9d3510eb expected a3fe70bf9d3510eb PASS
XXH3 sanity len=24 seed=9e3779b185ebca8d: 850e80fc35bdd690 expected 850e80fc35bdd690 PASS
XXH3 sanity len=48 seed=0000000000000000: 397da259ecba1f11 expected 397da259ecba1f11 PASS
XXH3 sanity len=48 seed=9e3779b185ebca8d: adc2cbaa44acc616 expected adc2cbaa44acc616 PASS
XXH3 sanity len=80 seed=0000000000000000: bcdefbbb2c47c90a expected bcdefbbb2c47c90a PASS
XXH3 sanity len=80 seed=9e3779b185ebca8d: c6dd0cb699532e73 expected c6dd0cb699532e73 PASS
XXH3 sanity len=195 seed=0000000000000000: cd94217ee362ec3a expected cd94217ee362ec3a PASS
XXH3 sanity len=195 seed=9e3779b185ebca8d: ba68003d370cb3d9 expected ba68003d370cb3d9 PASS
XXH_VERSION_NUMBER=804
recorded paper pair A seed=cd362ec99e1e6259 hash=bf1f613669d6c8ae PASS
recorded base-1143 pair seed=c8eae1baae13330b hash=448e3716c8effb94 PASS
M len=16: 8912a3da9fc464368202a1be238b7d11
Mprime len=16: 76ed5c25603b9bc97dfd5e41dc7482ee
witness len=16 seed=c8eae1baae13330b a=908ab0d640b4feb6 b=28a993b3a78d73a2 collision=0
M len=32: 8912a3da9fc464368202a1be238b7d1100000000000000000000000000000000
Mprime len=32: 76ed5c25603b9bc97dfd5e41dc7482ee00000000000000000000000000000000
witness len=32 seed=c8eae1baae13330b a=00ffe25bba202dfb b=00ffe25bba202dfb collision=1
M len=128: 8912a3da9fc464368202a1be238b7d11a56186f8dc03bd1f78bfbd2ba3386ced7093d3639fc8f076abe3f9a757e5c84290720e6340b2e7820a16a5633b9b0344773006232e3abc7d4727eafba248b46cf2a6516698382bd2fa890528924cd1b618df4aa87d1af4bcec13f92bf8a1163e657fb0885deddf709a0252fbe3ae169d
Mprime len=128: 76ed5c25603b9bc97dfd5e41dc7482eea56186f8dc03bd1f78bfbd2ba3386ced7093d3639fc8f076abe3f9a757e5c84290720e6340b2e7820a16a5633b9b0344773006232e3abc7d4727eafba248b46cf2a6516698382bd2fa890528924cd1b618df4aa87d1af4bcec13f92bf8a1163e657fb0885deddf709a0252fbe3ae169d
witness len=128 seed=c8eae1baae13330b a=448e3716c8effb94 b=448e3716c8effb94 collision=1
sampling trials=1073741824 salt=0x2026091801000477 logical_streams=2 execution_threads=1
stream worker=0 init=0xbba624ab6a9001c4 trials=536870912
hit worker=0 index=3275526 seed=9c23c7948b18e822 len16=0 a16=928630443bc8fa50 b16=66c0e27da204ccc3 len32=1 a32=8f9d7d620afc85f6 b32=8f9d7d620afc85f6 len128=1 a128=25a6e2bcbc9fe05b b128=25a6e2bcbc9fe05b
hit worker=0 index=3288757 seed=19fde3cac3cc1816 len16=0 a16=fe6c91f913ed963f b16=a7bad207b6204692 len32=1 a32=974f1aa28b3dafd1 b32=974f1aa28b3dafd1 len128=1 a128=c23e59b241d4b59f b128=c23e59b241d4b59f
hit worker=0 index=3962490 seed=6351e6429f56d5d0 len16=0 a16=3e8416fd2f65ddc4 b16=cd95762e0eb05def len32=1 a32=87c03939e0087bad b32=87c03939e0087bad len128=1 a128=5aeb8a855b0fa868 b128=5aeb8a855b0fa868
hit worker=0 index=4099817 seed=948c1b8989dbd2e9 len16=0 a16=7e79f7fb0e1a5f02 b16=aeb9409f47cfb8d5 len32=1 a32=c7180d56102f1123 b32=c7180d56102f1123 len128=1 a128=490a0b725e5f1f3a b128=490a0b725e5f1f3a
hit worker=0 index=7068650 seed=bb8265ecab7e5539 len16=0 a16=6875a0d89f5edccd b16=81f575d179b339ed len32=1 a32=4305c5645dc052c9 b32=4305c5645dc052c9 len128=1 a128=a947a36a3771f354 b128=a947a36a3771f354
hit worker=0 index=11564898 seed=b36a4e46b3b51508 len16=0 a16=0903f70bf282cad7 b16=be73177e067d69ab len32=1 a32=c30cd935580be0af b32=c30cd935580be0af len128=1 a128=2766bf5d5247bbeb b128=2766bf5d5247bbeb
hit worker=0 index=14337500 seed=81a3d33bf53cd8ec len16=0 a16=eec1177e782292cb b16=00d327da3b195e21 len32=1 a32=532a09dc26540595 b32=532a09dc26540595 len128=1 a128=938a19f88bfce056 b128=938a19f88bfce056
hit worker=0 index=19534661 seed=f1de50eede77b188 len16=0 a16=5a5dac6d9ca310cf b16=18bdbbc5ba85a454 len32=1 a32=19f437d249e0bd3f b32=19f437d249e0bd3f len128=1 a128=72cf8741ac1c9a94 b128=72cf8741ac1c9a94
hit worker=0 index=21535603 seed=9243927f2423c93f len16=0 a16=15b07e6470881e92 b16=a1a7614a4052f285 len32=1 a32=69e59870212d535a b32=69e59870212d535a len128=1 a128=0ee1637519f2b374 b128=0ee1637519f2b374
hit worker=0 index=22524248 seed=457fdb772d8c96de len16=0 a16=319a8d9881586d7b b16=c98bd0992c6ecef6 len32=1 a32=e87ad6e96794facc b32=e87ad6e96794facc len128=1 a128=9da89414109530f8 b128=9da89414109530f8
hit worker=0 index=22780749 seed=39dd6642931320cb len16=0 a16=7ecd51c88cb1427a b16=1e2837781d7fd422 len32=1 a32=8347dd9f8c9321cf b32=8347dd9f8c9321cf len128=1 a128=2be511ce625160b8 b128=2be511ce625160b8
hit worker=0 index=26549138 seed=c6016324fe90a39f len16=0 a16=efc5a5ffbae270e0 b16=80eb4266947deeda len32=1 a32=d5ddab5a82cc49a0 b32=d5ddab5a82cc49a0 len128=1 a128=156a5234a34dbad4 b128=156a5234a34dbad4
hit worker=0 index=36457879 seed=830e3e8632a3f906 len16=0 a16=d724c55da8f2fd4b b16=57c415927e8aec35 len32=1 a32=b5e4e1ed748ceb85 b32=b5e4e1ed748ceb85 len128=1 a128=35eea66b5645f9bb b128=35eea66b5645f9bb
hit worker=0 index=45308636 seed=cabe19eb131ca027 len16=0 a16=5e9822493a091a57 b16=43c7b0669d72eea2 len32=1 a32=b0c9b224544e60a7 b32=b0c9b224544e60a7 len128=1 a128=f57d4084ae6f05af b128=f57d4084ae6f05af
hit worker=0 index=45653491 seed=c9aa44d6467a9e01 len16=0 a16=a640ca64bc0d2699 b16=134df8e2864a46c0 len32=1 a32=618b6c6682ae80d0 b32=618b6c6682ae80d0 len128=1 a128=ee19a5c1f3d38f52 b128=ee19a5c1f3d38f52
hit worker=0 index=46939748 seed=051f8f6592e8a8ec len16=0 a16=6775ac3c09d8398e b16=bf2bd8227873ec62 len32=1 a32=496dc92cd0eb5335 b32=496dc92cd0eb5335 len128=1 a128=6dd0c749e4243ed1 b128=6dd0c749e4243ed1
hit worker=0 index=47943978 seed=3b4142c13396c79c len16=0 a16=d2a34f9269ec48ed b16=390dc916fdd0c137 len32=1 a32=2fba5a253d3f4bc0 b32=2fba5a253d3f4bc0 len128=1 a128=934786b3e249f525 b128=934786b3e249f525
hit worker=0 index=50259373 seed=1af40bbb31196db4 len16=0 a16=f0c07730b7d1f6b1 b16=b7ad04c0621e050a len32=1 a32=0f73e62ddd96efda b32=0f73e62ddd96efda len128=1 a128=d2b2c451db36070d b128=d2b2c451db36070d
hit worker=0 index=50865023 seed=068205034353689c len16=0 a16=ef8c7cd4d13a85fb b16=22fcecd6c6d5c14c len32=1 a32=de2192b598d00a28 b32=de2192b598d00a28 len128=1 a128=670638f6aefc48c2 b128=670638f6aefc48c2
hit worker=0 index=52448429 seed=41bd1627799f2d16 len16=0 a16=13ff201a5ae71e4e b16=7bbe40d229d62ef1 len32=1 a32=25f63ad03653b5d1 b32=25f63ad03653b5d1 len128=1 a128=bde4c3db8daa03f3 b128=bde4c3db8daa03f3
hit worker=0 index=52625092 seed=cabd28e141ff6a4b len16=0 a16=7933f46a9080b20f b16=c5b3d8f4c0e466c2 len32=1 a32=6d60f6bd38b3b6c3 b32=6d60f6bd38b3b6c3 len128=1 a128=739c604b8308671a b128=739c604b8308671a
hit worker=0 index=54026530 seed=a5b56ee4e75c1aaf len16=0 a16=792e7e1778b80a48 b16=380c4d187d5c9b1f len32=1 a32=14c26fb237716626 b32=14c26fb237716626 len128=1 a128=7d694f79ce95758f b128=7d694f79ce95758f
hit worker=0 index=54729466 seed=f2cf06804b8eafb8 len16=0 a16=e405214899f047dd b16=ad7773bdece1a1a0 len32=1 a32=a5fc9979b2009320 b32=a5fc9979b2009320 len128=1 a128=99672cae84cda22d b128=99672cae84cda22d
hit worker=0 index=54886701 seed=429fd6502fe5d3ee len16=0 a16=7ff1104cf3ee13c2 b16=dc151a0d750b785a len32=1 a32=d485ed475fa95775 b32=d485ed475fa95775 len128=1 a128=4de9dc072f02a078 b128=4de9dc072f02a078
hit worker=0 index=59657487 seed=e75b0a401d371430 len16=0 a16=b9ef54ba7910ba25 b16=c3b96b8628e4cef2 len32=1 a32=b5fd307b0cb739ed b32=b5fd307b0cb739ed len128=1 a128=d5ee5347171c0a41 b128=d5ee5347171c0a41
hit worker=0 index=64595179 seed=1b83771244c0e1ee len16=0 a16=ca141ae61c9606d7 b16=405861a2a43e4b8b len32=1 a32=e0d7de6add9b0cc4 b32=e0d7de6add9b0cc4 len128=1 a128=0187c2e530e53cb0 b128=0187c2e530e53cb0
hit worker=0 index=64969224 seed=5c850a9b7e8144fc len16=0 a16=abbcab690102517c b16=3ed77ba39da04cf7 len32=1 a32=65905922a456eb50 b32=65905922a456eb50 len128=1 a128=66aacc83f35f5fdf b128=66aacc83f35f5fdf
hit worker=0 index=68860670 seed=cb7f8b41949f7b23 len16=0 a16=80b6927cb61e85c3 b16=ae1106f12a326d99 len32=1 a32=04695a57d3a6a98e b32=04695a57d3a6a98e len128=1 a128=c9068372c46f5668 b128=c9068372c46f5668
hit worker=0 index=70784414 seed=9acef70d3f19372c len16=0 a16=776355ea2ecfbf78 b16=1fb61bf050ed33cf len32=1 a32=26536d2af29c79d0 b32=26536d2af29c79d0 len128=1 a128=18ea20f557c0af7d b128=18ea20f557c0af7d
hit worker=0 index=73578914 seed=12dde73cbd1788cf len16=0 a16=f41f00e82dcfa0e6 b16=4c2fc3b069fad424 len32=1 a32=7fbbe9db67f87095 b32=7fbbe9db67f87095 len128=1 a128=a2702fda75b8ce4a b128=a2702fda75b8ce4a
hit worker=0 index=83490035 seed=0c61c6a9def70e00 len16=0 a16=4232262cbb3b2707 b16=ec4c0802df5a94bf len32=1 a32=cd46f6e89fe6cafc b32=cd46f6e89fe6cafc len128=1 a128=a00fa565b67f8b61 b128=a00fa565b67f8b61
hit worker=0 index=89133994 seed=e2dde784e4cf411e len16=0 a16=cd8e560f61663f71 b16=330d17830d5c2ab0 len32=1 a32=2290ff2f32c5432b b32=2290ff2f32c5432b len128=1 a128=16f4bc9d90f86c8d b128=16f4bc9d90f86c8d
hit worker=0 index=90052705 seed=437d29aab5b4ab9b len16=0 a16=2fd5a28395892c9a b16=9728117ec5b98ebd len32=1 a32=980723c75b728dd0 b32=980723c75b728dd0 len128=1 a128=df6ad336ff474ca8 b128=df6ad336ff474ca8
hit worker=0 index=91748892 seed=bc621808f68f434c len16=0 a16=0c5f06e86ea5fe34 b16=5938cd321ee8e021 len32=1 a32=3312137fe753a44e b32=3312137fe753a44e len128=1 a128=2487f8374d7c7094 b128=2487f8374d7c7094
hit worker=0 index=93020323 seed=c4663e028553577e len16=0 a16=6fc9128baafc7cee b16=c946821ac1ba468d len32=1 a32=4f72951768a1ac8e b32=4f72951768a1ac8e len128=1 a128=730308619dd3462d b128=730308619dd3462d
hit worker=0 index=94521931 seed=66dd62dc26947c69 len16=0 a16=70cd7b83834efc9c b16=de850ceaf7fbfd9d len32=1 a32=30d367c0a8e4a117 b32=30d367c0a8e4a117 len128=1 a128=f94077afb175ac45 b128=f94077afb175ac45
hit worker=0 index=98305250 seed=a3a77835a15810a7 len16=0 a16=d24d6dc3398a70a3 b16=559080a8b10703ce len32=1 a32=00a05b9c86d85d79 b32=00a05b9c86d85d79 len128=1 a128=8fdcbcfcc0b5d292 b128=8fdcbcfcc0b5d292
hit worker=0 index=98996438 seed=438218fe4c339a38 len16=0 a16=032aabc07cf129d5 b16=994fcf55aec6b1c2 len32=1 a32=57452f164cb9fe40 b32=57452f164cb9fe40 len128=1 a128=429b0e1808440e75 b128=429b0e1808440e75
hit worker=0 index=100236391 seed=e300062ab4541b1c len16=0 a16=4f4a15050d68e359 b16=9a480d6ea050305f len32=1 a32=35d119fa811f51ca b32=35d119fa811f51ca len128=1 a128=b89cbec155fed5c5 b128=b89cbec155fed5c5
hit worker=0 index=101604866 seed=db6024b72cf74f2b len16=0 a16=e3a230341d35a9bb b16=d1f31f2300cba753 len32=1 a32=23f907656f5afb5e b32=23f907656f5afb5e len128=1 a128=071a3f6fb84b3d67 b128=071a3f6fb84b3d67
hit worker=0 index=105411039 seed=9b0239b9503cd1b8 len16=0 a16=e278640676d489b1 b16=92cb7d4c8e2d4876 len32=1 a32=6aa744b0aabcace9 b32=6aa744b0aabcace9 len128=1 a128=ff607b88023abe20 b128=ff607b88023abe20
hit worker=0 index=106760937 seed=1ba7968ab29b5a9c len16=0 a16=7ad3c7b59e931190 b16=6efacff88f38072d len32=1 a32=76806ca53c7c2d88 b32=76806ca53c7c2d88 len128=1 a128=5697967ac4a81458 b128=5697967ac4a81458
hit worker=0 index=108581931 seed=64864693c3b72707 len16=0 a16=35c55e6ebafa54ff b16=0d3e96470a415c2f len32=1 a32=56c189d67fb24c8e b32=56c189d67fb24c8e len128=1 a128=65fa56ff493e729d b128=65fa56ff493e729d
hit worker=0 index=109284516 seed=f2bc06666da9d92b len16=0 a16=a783905a2566aa31 b16=64ac21cf664a2ab6 len32=1 a32=3a04603fc4650776 b32=3a04603fc4650776 len128=1 a128=d7ea4fe50a3c6f5d b128=d7ea4fe50a3c6f5d
hit worker=0 index=111039337 seed=0caa46cb05d4b94c len16=0 a16=2bfbcc3a7204f522 b16=146ecf8b1b4e5395 len32=1 a32=f9b03962d0e84ec0 b32=f9b03962d0e84ec0 len128=1 a128=fdcfa1ca594ab49c b128=fdcfa1ca594ab49c
hit worker=0 index=111917030 seed=33116b1146239444 len16=0 a16=e723fba28a797743 b16=e339fd61e78521b7 len32=1 a32=d5e6320b8e8c5947 b32=d5e6320b8e8c5947 len128=1 a128=35c6735fc6a87550 b128=35c6735fc6a87550
hit worker=0 index=114082368 seed=09e257962ef7a490 len16=0 a16=9377a1f3304ce274 b16=ff7c48e765902c23 len32=1 a32=6b14633d553188c1 b32=6b14633d553188c1 len128=1 a128=f609003c8e8a08a3 b128=f609003c8e8a08a3
hit worker=0 index=118811343 seed=7a513317b573130b len16=0 a16=4570579a53e2fdfc b16=ca92a0525ef00bbe len32=1 a32=40ad899c7d9250fd b32=40ad899c7d9250fd len128=1 a128=242c94cdc8eb52fb b128=242c94cdc8eb52fb
hit worker=0 index=119708587 seed=a784063745b438fb len16=0 a16=c7e0489abbc449fd b16=6f96d308756309c6 len32=1 a32=ea683ca5a1429793 b32=ea683ca5a1429793 len128=1 a128=7858fc18d516228e b128=7858fc18d516228e
hit worker=0 index=121039482 seed=779d6e07a714ae3a len16=0 a16=12f5f654dc489c17 b16=093aa434b0e32a1f len32=1 a32=727e27cee31eb20a b32=727e27cee31eb20a len128=1 a128=78a6e88cdd94589b b128=78a6e88cdd94589b
hit worker=0 index=122321738 seed=6b0c065115beee18 len16=0 a16=23ddf0c977d508f7 b16=1a993657f80312f3 len32=1 a32=35ef9495a735c8a8 b32=35ef9495a735c8a8 len128=1 a128=5a6d7344b00d5c41 b128=5a6d7344b00d5c41
hit worker=0 index=124858009 seed=03233a4066380ed0 len16=0 a16=280ee5a0f7dc9dab b16=39c8890419f57cb9 len32=1 a32=c16b4225353ed32e b32=c16b4225353ed32e len128=1 a128=72143782a8763648 b128=72143782a8763648
hit worker=0 index=130937482 seed=0f05cfccee307039 len16=0 a16=5676de894d9e72da b16=fa9c7d5fec359f73 len32=1 a32=0baa7c466958dc02 b32=0baa7c466958dc02 len128=1 a128=fe0568ccf9d41fde b128=fe0568ccf9d41fde
hit worker=0 index=132939742 seed=4e1f2704f0e02519 len16=0 a16=8588d9f6a5e10cb3 b16=c1046d41fe7222f1 len32=1 a32=5cfca24c2ab7dd2a b32=5cfca24c2ab7dd2a len128=1 a128=316923758bcc876f b128=316923758bcc876f
hit worker=0 index=133825703 seed=01e376485ef7d07f len16=0 a16=c27cfeae5270b819 b16=78d01df8af0bb57b len32=1 a32=3bd95a538573288d b32=3bd95a538573288d len128=1 a128=7962e24d8a907210 b128=7962e24d8a907210
hit worker=0 index=135254410 seed=db783f24b8132dca len16=0 a16=87734b9108f2bb64 b16=78b093db1b85121e len32=1 a32=0a68761f304ed339 b32=0a68761f304ed339 len128=1 a128=4cc6839ab7253ecb b128=4cc6839ab7253ecb
hit worker=0 index=143816089 seed=cbda168772d5b188 len16=0 a16=226bccb39482a53d b16=3009a5a43f691579 len32=1 a32=681f3e61d81a3c83 b32=681f3e61d81a3c83 len128=1 a128=59173b0012d5f38e b128=59173b0012d5f38e
hit worker=0 index=144739112 seed=054b8e0d3842ba1c len16=0 a16=285cad33dd817190 b16=847bcdc1d0be30a7 len32=1 a32=2a391e7267a3d0e4 b32=2a391e7267a3d0e4 len128=1 a128=856d333752918520 b128=856d333752918520
hit worker=0 index=148063349 seed=894018ee32f1d1c0 len16=0 a16=365d944e2f18ca05 b16=56dc4da9a675eb66 len32=1 a32=0025b8bef444568c b32=0025b8bef444568c len128=1 a128=161b2e6a5603a72b b128=161b2e6a5603a72b
hit worker=0 index=148848024 seed=bac55232a01b63b0 len16=0 a16=820fae057cf0fedc b16=215ee62560a4820f len32=1 a32=b72b0797ff17e659 b32=b72b0797ff17e659 len128=1 a128=0ec7d070a6aaef79 b128=0ec7d070a6aaef79
hit worker=0 index=150740859 seed=c82b877c3a1cf309 len16=0 a16=39f4b126325dbd54 b16=576aaadbd64fad27 len32=1 a32=36847f4bdd5de742 b32=36847f4bdd5de742 len128=1 a128=52e0d6b427249918 b128=52e0d6b427249918
hit worker=0 index=154757365 seed=437198c869574baa len16=0 a16=2055e6be248a567f b16=b572cbdb9fccef46 len32=1 a32=5a7f3808ab87359e b32=5a7f3808ab87359e len128=1 a128=d219df10c9459ce9 b128=d219df10c9459ce9
hit worker=0 index=155214953 seed=2121f76376f4d692 len16=0 a16=7449024f8071cc69 b16=318beeace8b3433d len32=1 a32=77e8d38a53e4fb94 b32=77e8d38a53e4fb94 len128=1 a128=81198bd0bf3b86a1 b128=81198bd0bf3b86a1
hit worker=0 index=159714791 seed=483f3b92b43dabed len16=0 a16=ddf31b2d8c140983 b16=f7a9530955be4f90 len32=1 a32=f6b479b94cbefaec b32=f6b479b94cbefaec len128=1 a128=423876f017a142dd b128=423876f017a142dd
hit worker=0 index=161327421 seed=fb3b4d8135165316 len16=0 a16=63ff08fe76e557df b16=518a0b39edb6f0a0 len32=1 a32=deb6ce4143e59032 b32=deb6ce4143e59032 len128=1 a128=328b82167fb61fdf b128=328b82167fb61fdf
hit worker=0 index=164284589 seed=cc8e0825b48f67c4 len16=0 a16=6e0b80632d1dab01 b16=a1f787b285bf7132 len32=1 a32=dc01cc159486e54f b32=dc01cc159486e54f len128=1 a128=068921ce38aac46f b128=068921ce38aac46f
hit worker=0 index=167670644 seed=539f87d21d568eac len16=0 a16=802ad3eca7fabf5d b16=2afdbf3388508b0e len32=1 a32=012339f1cf17903b b32=012339f1cf17903b len128=1 a128=5966c9af23acb5d5 b128=5966c9af23acb5d5
hit worker=0 index=171162879 seed=f3fe76a8a9cf8ebc len16=0 a16=1975c79ac600c2bc b16=f3871fa69e47f88c len32=1 a32=131ee6021bb83f5f b32=131ee6021bb83f5f len128=1 a128=014964263e382f64 b128=014964263e382f64
hit worker=0 index=178729075 seed=647db902ed7872b8 len16=0 a16=f1d8b3d095641289 b16=1a7c01b7d4ab1ec5 len32=1 a32=37827c0227cd1f28 b32=37827c0227cd1f28 len128=1 a128=5acb4b5129396f3a b128=5acb4b5129396f3a
hit worker=0 index=181373296 seed=7aa04609babe3bbc len16=0 a16=6318f963c3bf7dbe b16=32cd4c56ed03336d len32=1 a32=6ea474dcbe2cf9ee b32=6ea474dcbe2cf9ee len128=1 a128=b18fc5d2868bc68c b128=b18fc5d2868bc68c
hit worker=0 index=183579053 seed=db83f339ae207a11 len16=0 a16=37e0da3ea73b24f4 b16=d82654db876cca17 len32=1 a32=260e4e94f583b5a7 b32=260e4e94f583b5a7 len128=1 a128=110ab332f394594f b128=110ab332f394594f
hit worker=0 index=185261657 seed=06e1f93c3e0f9f16 len16=0 a16=24b4b442f55e61a2 b16=bb4a7c1f9738481e len32=1 a32=ae02631e000cacbe b32=ae02631e000cacbe len128=1 a128=64cb186d567ddaec b128=64cb186d567ddaec
hit worker=0 index=188660258 seed=4319b44f39a4ac6b len16=0 a16=adeefca2bd0f1366 b16=fb9d0a943f2edd9a len32=1 a32=08ef61c3ad20495a b32=08ef61c3ad20495a len128=1 a128=da45c1dbe0e19846 b128=da45c1dbe0e19846
hit worker=0 index=192906464 seed=075004b039288058 len16=0 a16=c46e1ad53b417529 b16=7510fd85cfc0acfb len32=1 a32=9d2d33cc4b007753 b32=9d2d33cc4b007753 len128=1 a128=e9a455524537e080 b128=e9a455524537e080
hit worker=0 index=194631155 seed=bc040608b2a73780 len16=0 a16=448deaf28b124f4b b16=4f8a8b51e724bc1f len32=1 a32=f4b67dcedfdb671a b32=f4b67dcedfdb671a len128=1 a128=43c76dc096e0fd24 b128=43c76dc096e0fd24
hit worker=0 index=196228413 seed=a35fe78667dda295 len16=0 a16=5a9688452c20c387 b16=f9c6738966dd48a7 len32=1 a32=2d985ae81fd80720 b32=2d985ae81fd80720 len128=1 a128=4ecd19ce7adb84ff b128=4ecd19ce7adb84ff
hit worker=0 index=198848840 seed=caf76fa9baf77dc9 len16=0 a16=7de5f7401d56cdaa b16=6fb25bf6fcd9180a len32=1 a32=768976953838be13 b32=768976953838be13 len128=1 a128=f70250544cdbd378 b128=f70250544cdbd378
hit worker=0 index=198864215 seed=5b03e638c408d996 len16=0 a16=ddd63cba0d0c83b4 b16=a85ac54406bd78d2 len32=1 a32=51c857e2bf4de46f b32=51c857e2bf4de46f len128=1 a128=bb796381b93ef3bb b128=bb796381b93ef3bb
hit worker=0 index=202002712 seed=5367970a5b5b9062 len16=0 a16=3a7325bb9cd52864 b16=5853ad395ac8f674 len32=1 a32=bd07fae67a1f33f5 b32=bd07fae67a1f33f5 len128=1 a128=efe881e30188bb51 b128=efe881e30188bb51
hit worker=0 index=204056871 seed=5c779796c3f74708 len16=0 a16=4c5bfaf7d0a34102 b16=f272ef5c17ee7065 len32=1 a32=df3e687e4543e2ac b32=df3e687e4543e2ac len128=1 a128=bd9ea9134196597d b128=bd9ea9134196597d
hit worker=0 index=204695633 seed=3a8417980de4a0b8 len16=0 a16=837a63199d48c0b6 b16=d6214636fc3bbdd1 len32=1 a32=e6f4e919d4ef1122 b32=e6f4e919d4ef1122 len128=1 a128=bd0b7e38ce3a7221 b128=bd0b7e38ce3a7221
hit worker=0 index=206866217 seed=fb237b8c6875e649 len16=0 a16=eb2d93c759a2a3be b16=aa36729ec70eb94c len32=1 a32=9d0b2e2737a2373d b32=9d0b2e2737a2373d len128=1 a128=f3d8c67ea5c1b0b0 b128=f3d8c67ea5c1b0b0
hit worker=0 index=211592928 seed=2420265b4b0c0fc4 len16=0 a16=7ed07f1a2a4d394a b16=7f59bb8f4661fdc7 len32=1 a32=46819ccd5c7a826d b32=46819ccd5c7a826d len128=1 a128=bc1c2ad8b8ed6daf b128=bc1c2ad8b8ed6daf
hit worker=0 index=212402146 seed=07ffb588cde09b1c len16=0 a16=4840e8dd6aeb7b51 b16=96fc59724ca5126f len32=1 a32=ce315ee95f3089df b32=ce315ee95f3089df len128=1 a128=aa6defe0d87c8daf b128=aa6defe0d87c8daf
hit worker=0 index=213933687 seed=c4a3a7c0d7a04338 len16=0 a16=6861fcfaaa4c9fea b16=be4261b638ece940 len32=1 a32=38c446d49b54d8c6 b32=38c446d49b54d8c6 len128=1 a128=7cce7c4bd1623ece b128=7cce7c4bd1623ece
hit worker=0 index=217398753 seed=5abb1be42e14101e len16=0 a16=17888b4d673dec9f b16=f7eaba408ab18aa7 len32=1 a32=816510446da0a359 b32=816510446da0a359 len128=1 a128=fcd78cb9e880951f b128=fcd78cb9e880951f
hit worker=0 index=220088423 seed=1c2c173da59f23c4 len16=0 a16=859e1b3f3e5bd220 b16=dd3f83b2fa26db15 len32=1 a32=2f4928146f050264 b32=2f4928146f050264 len128=1 a128=a7797bc772e244b9 b128=a7797bc772e244b9
hit worker=0 index=225327997 seed=f3819851ae91631c len16=0 a16=b958d81a95dce731 b16=ce103f288c1b26bb len32=1 a32=390fc0947b728815 b32=390fc0947b728815 len128=1 a128=e15e21e11c0e5e5b b128=e15e21e11c0e5e5b
hit worker=0 index=226283866 seed=736016e88418c88b len16=0 a16=4ed434488f91cb3d b16=dac87d4dc2ff8234 len32=1 a32=7ebf4049300ecb63 b32=7ebf4049300ecb63 len128=1 a128=0280934c25353405 b128=0280934c25353405
hit worker=0 index=231110204 seed=e1dfe0e5325ccd14 len16=0 a16=65174b6f1f1e376f b16=9e49639ae969e869 len32=1 a32=3ff043b52ee173c3 b32=3ff043b52ee173c3 len128=1 a128=8e56105302390089 b128=8e56105302390089
hit worker=0 index=231213232 seed=d58d7bca430fbddc len16=0 a16=5a4e1f976ad8e094 b16=9e58c31aa4a55838 len32=1 a32=a5c6eda2b3b8647a b32=a5c6eda2b3b8647a len128=1 a128=2740aea6baca44e4 b128=2740aea6baca44e4
hit worker=0 index=232815073 seed=d344964b739d5c3c len16=0 a16=1a26521406f465e1 b16=05a55b6bc4671dce len32=1 a32=f8e88e3de07d24df b32=f8e88e3de07d24df len128=1 a128=bd451e9e13afd12c b128=bd451e9e13afd12c
hit worker=0 index=234478962 seed=428de5810d9eaac8 len16=0 a16=ec2c1467c9392b1a b16=be9eb5b8b4c2c574 len32=1 a32=e6cb254cb57da08c b32=e6cb254cb57da08c len128=1 a128=7e1c13abc35d454f b128=7e1c13abc35d454f
hit worker=0 index=236653792 seed=5b036b05bc982108 len16=0 a16=05ee210845139bb4 b16=6e771865be781604 len32=1 a32=bd1611f45cd5d540 b32=bd1611f45cd5d540 len128=1 a128=8b09f7e57e793eca b128=8b09f7e57e793eca
hit worker=0 index=239663441 seed=c777766feaef3320 len16=0 a16=09fbb72a13cefb13 b16=951ff0c83d3f554c len32=1 a32=3fb801f3cad15629 b32=3fb801f3cad15629 len128=1 a128=d569515e985b3158 b128=d569515e985b3158
hit worker=0 index=240750613 seed=9221e63e14e01498 len16=0 a16=69d8f8d975b7c645 b16=6ae9f5fa5ec99b76 len32=1 a32=5da097980c0d3751 b32=5da097980c0d3751 len128=1 a128=af8b9c9ccbe98238 b128=af8b9c9ccbe98238
hit worker=0 index=242352151 seed=899de7682bfbb618 len16=0 a16=2a3abc29a8096dc1 b16=b292f2203cb5e2c9 len32=1 a32=f87a350dc9f43076 b32=f87a350dc9f43076 len128=1 a128=09390cf88282ad6f b128=09390cf88282ad6f
hit worker=0 index=243439246 seed=d58008f6bf5bc5a0 len16=0 a16=7eaa6a46b0b76cab b16=19ce6dbf4db4f0c3 len32=1 a32=49cb1e8e9d4006ab b32=49cb1e8e9d4006ab len128=1 a128=e732b8c42da34546 b128=e732b8c42da34546
hit worker=0 index=243673833 seed=0c1e16b27af7522d len16=0 a16=0db76e42eba22252 b16=d676aff0fdeb4ebd len32=1 a32=046ffaec4384cc86 b32=046ffaec4384cc86 len128=1 a128=ef417de9058d3239 b128=ef417de9058d3239
hit worker=0 index=256030118 seed=aafd5f7f3bd811a9 len16=0 a16=a2d263e1019b50f0 b16=abc5080714d9bfea len32=1 a32=43c3f99fe42485c4 b32=43c3f99fe42485c4 len128=1 a128=647c28f11402f565 b128=647c28f11402f565
hit worker=0 index=256817864 seed=611c766fbbd6630c len16=0 a16=03e402e9211a06a6 b16=ad0fca0b5f074d7b len32=1 a32=73f5ed0f7c1ca7a4 b32=73f5ed0f7c1ca7a4 len128=1 a128=a778a3b8d219ff88 b128=a778a3b8d219ff88
hit worker=0 index=257919485 seed=c38fe55bb2db9fbc len16=0 a16=2390957f3c5a87fc b16=8f5f9d6047ca2352 len32=1 a32=8af6cd9981e328fb b32=8af6cd9981e328fb len128=1 a128=04cd596714b234f0 b128=04cd596714b234f0
hit worker=0 index=258725357 seed=ee3837d6bbbc3b83 len16=0 a16=b30835ae8c61ac43 b16=69e73dfe4f5f3910 len32=1 a32=22d4aa790f317514 b32=22d4aa790f317514 len128=1 a128=72b5dd13e032674b b128=72b5dd13e032674b
hit worker=0 index=259568911 seed=4662928ee7e1d3a1 len16=0 a16=ed49afede454b4de b16=2a05aa7a2cd8cb91 len32=1 a32=2532379da92fafea b32=2532379da92fafea len128=1 a128=199cacd62f946fe6 b128=199cacd62f946fe6
hit worker=0 index=259705939 seed=b3a826492408098e len16=0 a16=49a0ed6ca1da757a b16=bdde9f0f7de9c89c len32=1 a32=c8fde30d361330f8 b32=c8fde30d361330f8 len128=1 a128=5a1d0c44d35faa7b b128=5a1d0c44d35faa7b
hit worker=0 index=261881180 seed=cade04e77be9a0f9 len16=0 a16=0a49b4d9fba26d28 b16=66f240e467c9362e len32=1 a32=6f20c4537adfde71 b32=6f20c4537adfde71 len128=1 a128=f797b5626af0b6a3 b128=f797b5626af0b6a3
hit worker=0 index=262598878 seed=248d3b7203d48eb4 len16=0 a16=b34ba735fdc70dc0 b16=11a9ebeee60eee1b len32=1 a32=0baa883c184b71dc b32=0baa883c184b71dc len128=1 a128=cc79dac725c8bead b128=cc79dac725c8bead
hit worker=0 index=263230849 seed=5b1a668344d7d6e9 len16=0 a16=55703934b72370fc b16=27633fdc6b95c8ae len32=1 a32=e232c30d08c407ed b32=e232c30d08c407ed len128=1 a128=5ef3599eaecabd7f b128=5ef3599eaecabd7f
hit worker=0 index=267202107 seed=a31ab2aef67ff908 len16=0 a16=4d343774dbb92876 b16=494e9d2d64bb0b6d len32=1 a32=e1861ca446e3bdfc b32=e1861ca446e3bdfc len128=1 a128=9aec44cc33f3bbb0 b128=9aec44cc33f3bbb0
hit worker=0 index=270948463 seed=4a73382bb06bcb27 len16=0 a16=0dacbe950eca1984 b16=7a2ecdce1f0e6836 len32=1 a32=521f64ee84240f81 b32=521f64ee84240f81 len128=1 a128=0fb0a75dfdd7f213 b128=0fb0a75dfdd7f213
hit worker=0 index=272835227 seed=8624048471b49226 len16=0 a16=b7c0c343986dfc85 b16=db39163c6725be89 len32=1 a32=1aa37b6b3484e1d3 b32=1aa37b6b3484e1d3 len128=1 a128=f1acac58807e0e7b b128=f1acac58807e0e7b
hit worker=0 index=274065018 seed=3b89154f3de1567e len16=0 a16=1a17651f55ee40a2 b16=a0788b5f20b625b6 len32=1 a32=2abbfe66a77048bc b32=2abbfe66a77048bc len128=1 a128=dfd36e5ea822f397 b128=dfd36e5ea822f397
hit worker=0 index=274264228 seed=c566ceeccbb94196 len16=0 a16=7a6d53cde8d73a7f b16=6420c3f9c591a269 len32=1 a32=1bcf00967cd682e3 b32=1bcf00967cd682e3 len128=1 a128=ec5669aa60f2a538 b128=ec5669aa60f2a538
hit worker=0 index=279248234 seed=5399e8c0bf18bfd8 len16=0 a16=b7cb557b2c535283 b16=9988bd09c819539a len32=1 a32=d495af52c540eba6 b32=d495af52c540eba6 len128=1 a128=420367d88e15ae88 b128=420367d88e15ae88
hit worker=0 index=280777856 seed=d3804628d4be2d04 len16=0 a16=73b661879ac51d0e b16=87b190771d6b49d3 len32=1 a32=371774ab03fa7aeb b32=371774ab03fa7aeb len128=1 a128=a15ddc13132e23de b128=a15ddc13132e23de
hit worker=0 index=284349647 seed=d341306a3f564b91 len16=0 a16=afde5179b4aae4b3 b16=f5f351d24e920327 len32=1 a32=dcde8f0208647680 b32=dcde8f0208647680 len128=1 a128=2fb58f063b99687d b128=2fb58f063b99687d
hit worker=0 index=284659266 seed=6323ea4931a07e20 len16=0 a16=2ee9231253ec929e b16=d4b05631bd9614f4 len32=1 a32=ebcaac5593ac5ee5 b32=ebcaac5593ac5ee5 len128=1 a128=4603cd8aa922d1a4 b128=4603cd8aa922d1a4
hit worker=0 index=287105261 seed=ec7057a4a3b61f88 len16=0 a16=fcc4ff517680f160 b16=9ed1aa8adea0fd38 len32=1 a32=1b0cb73845e35682 b32=1b0cb73845e35682 len128=1 a128=5f5148b4078e2860 b128=5f5148b4078e2860
hit worker=0 index=289565100 seed=433717290ab97266 len16=0 a16=4e66b2abd1a853c6 b16=22946929035da18f len32=1 a32=4083e68acfa5e41a b32=4083e68acfa5e41a len128=1 a128=77cd9e68cd8c6e6e b128=77cd9e68cd8c6e6e
hit worker=0 index=291653267 seed=e0bdc6dda71e137e len16=0 a16=64fb2f1065d1c1e5 b16=061889925a1c3cbe len32=1 a32=eec51d16d9dd7d26 b32=eec51d16d9dd7d26 len128=1 a128=85c1769864ba312b b128=85c1769864ba312b
hit worker=0 index=295273411 seed=4303e99ab6dc03bc len16=0 a16=8a6a77b7666f951a b16=6c7b87856ca9e231 len32=1 a32=b5a02ea44534932b b32=b5a02ea44534932b len128=1 a128=0c63f122619de437 b128=0c63f122619de437
hit worker=0 index=303249310 seed=615d46df1a9fcb88 len16=0 a16=0e478dcbaab7f1c8 b16=6b8a4e303d6d4618 len32=1 a32=a503fd61f9128b84 b32=a503fd61f9128b84 len128=1 a128=d49ffd4092c5bd93 b128=d49ffd4092c5bd93
hit worker=0 index=307709931 seed=c3a578395660d284 len16=0 a16=9b2460ba7cc19d6a b16=37f1676ea4cfd5ce len32=1 a32=f4ed4b0dc3b61d0b b32=f4ed4b0dc3b61d0b len128=1 a128=f3f4a556f13a5ffe b128=f3f4a556f13a5ffe
hit worker=0 index=308493292 seed=452406a1bb9ab5e4 len16=0 a16=9e8bb85eaf344244 b16=59a38ebb79aaf151 len32=1 a32=6968816613f16dc6 b32=6968816613f16dc6 len128=1 a128=e317f843034a8299 b128=e317f843034a8299
hit worker=0 index=312803144 seed=3aa606e540959808 len16=0 a16=f313d6a6ed63d881 b16=41038811c75ba19d len32=1 a32=6f736b14ac2c548d b32=6f736b14ac2c548d len128=1 a128=ca35ad3e533aa8d2 b128=ca35ad3e533aa8d2
hit worker=0 index=313124760 seed=7c44155db9542a2c len16=0 a16=f83f1be8689b86e4 b16=b4e4424d67505ae8 len32=1 a32=f7643ba87377b4f6 b32=f7643ba87377b4f6 len128=1 a128=84d469428841aaa3 b128=84d469428841aaa3
hit worker=0 index=316666811 seed=1bbfc9ede3b3eb88 len16=0 a16=44ab45b1b34d685a b16=86495b3022154f4c len32=1 a32=78cfe1c41a4325c7 b32=78cfe1c41a4325c7 len128=1 a128=8237b51adb848d97 b128=8237b51adb848d97
hit worker=0 index=325823585 seed=c4ffd69d9c98a58e len16=0 a16=22f038322016e3cc b16=3dc8ce56433feef7 len32=1 a32=78ca3ef15c6d26f9 b32=78ca3ef15c6d26f9 len128=1 a128=c472d8cec1e5c75a b128=c472d8cec1e5c75a
hit worker=0 index=328574833 seed=4b8255cd6bb49639 len16=0 a16=e3cfdb26d697c565 b16=15797b5d623a466a len32=1 a32=f40ed91fd6cb4b15 b32=f40ed91fd6cb4b15 len128=1 a128=44044fa3d777babe b128=44044fa3d777babe
hit worker=0 index=329071099 seed=0f6e11198296de48 len16=0 a16=527073625414d373 b16=a215e96c09224242 len32=1 a32=86484aa9620413d5 b32=86484aa9620413d5 len128=1 a128=e7545818ed4c5619 b128=e7545818ed4c5619
hit worker=0 index=330522320 seed=0a1a09536b60ce39 len16=0 a16=ade3293ce1d2a573 b16=e75e2b527fb47f29 len32=1 a32=767d4761945d4390 b32=767d4761945d4390 len128=1 a128=0d11323f7aff7b13 b128=0d11323f7aff7b13
hit worker=0 index=331263978 seed=9cac47cbd3f62ec0 len16=0 a16=537f210e3320c1ce b16=721a0849cb514e89 len32=1 a32=cff6a4e6d4389599 b32=cff6a4e6d4389599 len128=1 a128=735722dae90bbde7 b128=735722dae90bbde7
hit worker=0 index=332749233 seed=7b8f87bbbc5424c2 len16=0 a16=2e523f92d3232df4 b16=3b6d6e8056a27457 len32=1 a32=cdf484c1e8d042e8 b32=cdf484c1e8d042e8 len128=1 a128=6cf54570f706c352 b128=6cf54570f706c352
hit worker=0 index=333848976 seed=ef2e4b879cc55f80 len16=0 a16=8a57f5e302ef48c0 b16=9cacea479de6aa8b len32=1 a32=2fdcd0ae24fa5a78 b32=2fdcd0ae24fa5a78 len128=1 a128=685c6244c5b3319d b128=685c6244c5b3319d
hit worker=0 index=334817448 seed=0a945c2e3afee581 len16=0 a16=27077e23ac02b601 b16=62001291c6699d83 len32=1 a32=fc9d447883e8ed67 b32=fc9d447883e8ed67 len128=1 a128=67004363670e355e b128=67004363670e355e
hit worker=0 index=337529803 seed=e83dff082a70f308 len16=0 a16=d077cee97fdffd8c b16=b06df6db1e0fcdaf len32=1 a32=a3ce95da94b565fd b32=a3ce95da94b565fd len128=1 a128=9a29d3516b9f0ba7 b128=9a29d3516b9f0ba7
hit worker=0 index=340325165 seed=c6a9f421ad048eda len16=0 a16=5afe0221b96cad25 b16=0a8258f1bd0136fa len32=1 a32=d83afebd15a39a6a b32=d83afebd15a39a6a len128=1 a128=1bf6709093b191db b128=1bf6709093b191db
hit worker=0 index=340546368 seed=d70912b0d7d100bc len16=0 a16=72878947419221da b16=4691f0c02ef22a71 len32=1 a32=26927bf5a594a035 b32=26927bf5a594a035 len128=1 a128=c76b9468570cf01b b128=c76b9468570cf01b
hit worker=0 index=341094237 seed=1bc0368695975108 len16=0 a16=0f90aec853a2973c b16=050092bafc27e838 len32=1 a32=73f661e8e2ad0d7f b32=73f661e8e2ad0d7f len128=1 a128=a8bf389bee931bca b128=a8bf389bee931bca
hit worker=0 index=349522972 seed=5bc3e647a5c187ce len16=0 a16=b4a98e6a6ba0d704 b16=051a527d87d42932 len32=1 a32=f6eca82bf0620ea4 b32=f6eca82bf0620ea4 len128=1 a128=08cd091a8eb59217 b128=08cd091a8eb59217
hit worker=0 index=350102381 seed=1b6390d0f22115fc len16=0 a16=dfd41c45bbebe164 b16=6c17d43a40e97d3b len32=1 a32=52e8bd7535bbe045 b32=52e8bd7535bbe045 len128=1 a128=68883d0fdb8f7f4c b128=68883d0fdb8f7f4c
hit worker=0 index=352337840 seed=17356290b31fd293 len16=0 a16=a28caafd517c257c b16=742d7413da6af8c6 len32=1 a32=430af1a29e68bd46 b32=430af1a29e68bd46 len128=1 a128=b0372694f997104e b128=b0372694f997104e
hit worker=0 index=352727016 seed=54330904c812ed45 len16=0 a16=5e6b45af69682efd b16=896c6c3cde764261 len32=1 a32=73dcdc9854c3e2d5 b32=73dcdc9854c3e2d5 len128=1 a128=f4f8e1bc0d6e0c36 b128=f4f8e1bc0d6e0c36
hit worker=0 index=354396379 seed=e42408a6cbf8c438 len16=0 a16=54011ad8a38ec33a b16=82a6f43085c135a2 len32=1 a32=5480152a3a066f7a b32=5480152a3a066f7a len128=1 a128=d8efe2a639dc4eea b128=d8efe2a639dc4eea
hit worker=0 index=355487183 seed=8361952745d97e1c len16=0 a16=b6847d75294fb71e b16=0ce4cb98f8024bce len32=1 a32=341348bd2ac01730 b32=341348bd2ac01730 len128=1 a128=3c74891f27dbce36 b128=3c74891f27dbce36
hit worker=0 index=362206438 seed=1b4454febf40753c len16=0 a16=300db154c8da3bf7 b16=1432690ee9482998 len32=1 a32=ab04219ea7a08b68 b32=ab04219ea7a08b68 len128=1 a128=67322e908f326759 b128=67322e908f326759
hit worker=0 index=363486191 seed=08fc077f3b342303 len16=0 a16=1a654d5221979b32 b16=f39a9447f82203a3 len32=1 a32=df65b4d271a0307e b32=df65b4d271a0307e len128=1 a128=f537bf86cb2c9faa b128=f537bf86cb2c9faa
hit worker=0 index=364232773 seed=420e9b3b44d8bf96 len16=0 a16=cf08fd0d8ca46586 b16=b8f4f2a986030700 len32=1 a32=55d0416c97af6a4f b32=55d0416c97af6a4f len128=1 a128=b5e2a4c3cb5bdfce b128=b5e2a4c3cb5bdfce
hit worker=0 index=367561763 seed=3baba48af3d8ec38 len16=0 a16=3390c81aa7d441c4 b16=14dc7a8f349c0ead len32=1 a32=8a132cc81b26dca9 b32=8a132cc81b26dca9 len128=1 a128=8240adfecd921d9a b128=8240adfecd921d9a
hit worker=0 index=368556925 seed=e3a01217f994ef34 len16=0 a16=a3722b981b62a220 b16=d49f0ea055117e5d len32=1 a32=41eecd2d6dfd1af6 b32=41eecd2d6dfd1af6 len128=1 a128=fbc06c37820c15cb b128=fbc06c37820c15cb
hit worker=0 index=375611165 seed=1073a061358b05bc len16=0 a16=88169d00ca240890 b16=54fad0b5e5e4b2fb len32=1 a32=e281a6498ae73463 b32=e281a6498ae73463 len128=1 a128=5055a4588ad3921b b128=5055a4588ad3921b
hit worker=0 index=379912567 seed=c77656b11500c45f len16=0 a16=067d399aed2caa2d b16=a834536ef577e0c4 len32=1 a32=f232aab75131cdec b32=f232aab75131cdec len128=1 a128=bd18d95c5a1d087e b128=bd18d95c5a1d087e
hit worker=0 index=380156342 seed=4c3e3f8567373f38 len16=0 a16=6eca8ebc32d039b9 b16=a757f4d76198a0fc len32=1 a32=efa536b2c5b6bc34 b32=efa536b2c5b6bc34 len128=1 a128=52a7c36ff486b9e2 b128=52a7c36ff486b9e2
hit worker=0 index=384546621 seed=938378076e74489b len16=0 a16=9482fc76154223f1 b16=aff8042f8b559476 len32=1 a32=b104f0ad5cacbaff b32=b104f0ad5cacbaff len128=1 a128=7bec7bda6a8e9694 b128=7bec7bda6a8e9694
hit worker=0 index=388050685 seed=18cef65314e1076e len16=0 a16=e88f36f7efb05867 b16=9c11cc44e82515e2 len32=1 a32=ff793f93ffc23ac3 b32=ff793f93ffc23ac3 len128=1 a128=d457a8b06456d66a b128=d457a8b06456d66a
hit worker=0 index=389084874 seed=f39e3e54fce68120 len16=0 a16=46d770bea53e68a0 b16=daf5628f764fd641 len32=1 a32=12eb82a2c8ce59b2 b32=12eb82a2c8ce59b2 len128=1 a128=aaa267b2788e4d29 b128=aaa267b2788e4d29
hit worker=0 index=390170871 seed=1b72176774583400 len16=0 a16=9d7fe89896c4e221 b16=bc359f01a9d99854 len32=1 a32=cb04851940651dc4 b32=cb04851940651dc4 len128=1 a128=4374a09e54a615d9 b128=4374a09e54a615d9
hit worker=0 index=390261527 seed=161d73b9ad78d43c len16=0 a16=a13f08a32f722a04 b16=c0863e2b165298d8 len32=1 a32=56ad51bdaf4699f2 b32=56ad51bdaf4699f2 len128=1 a128=11f8261124236ef7 b128=11f8261124236ef7
hit worker=0 index=392915731 seed=731253622c84781e len16=0 a16=f861cc27511a913a b16=0ab14363ea5b262f len32=1 a32=11f709b4a0a6e0f8 b32=11f709b4a0a6e0f8 len128=1 a128=4fbbf7a771d20203 b128=4fbbf7a771d20203
hit worker=0 index=393751937 seed=830162fef2f86614 len16=0 a16=b8e6a5bb68dfc465 b16=718edfe4a2d9545b len32=1 a32=a689c7792fee728e b32=a689c7792fee728e len128=1 a128=b67da970800eab00 b128=b67da970800eab00
hit worker=0 index=401253353 seed=b488e42834699294 len16=0 a16=d084703686365dc5 b16=6275ca58e49120ad len32=1 a32=2e5fa006a7be267f b32=2e5fa006a7be267f len128=1 a128=da18e7d91b10bcb4 b128=da18e7d91b10bcb4
hit worker=0 index=402794955 seed=0b2a798e7d1cd5e5 len16=0 a16=da052a0f6c2b2525 b16=d6eeec4e245d8881 len32=1 a32=b080d43c8b3ad69f b32=b080d43c8b3ad69f len128=1 a128=0f4c0b2b75790858 b128=0f4c0b2b75790858
hit worker=0 index=408738996 seed=6241e5381d055138 len16=0 a16=5d107693a96526ed b16=bc3ece3af1898693 len32=1 a32=9b31794cec828666 b32=9b31794cec828666 len128=1 a128=b571f965288b1c9a b128=b571f965288b1c9a
hit worker=0 index=409170289 seed=d6232ac9361e39d4 len16=0 a16=0109a1a665d9648e b16=b03bae7218c942ba len32=1 a32=d091298c11179f80 b32=d091298c11179f80 len128=1 a128=dc43e1876ef3daad b128=dc43e1876ef3daad
hit worker=0 index=409584001 seed=e5e1a84441d87317 len16=0 a16=8ebcd2be83bcac72 b16=1943381ce9ea72b4 len32=1 a32=1739c30eeb5db380 b32=1739c30eeb5db380 len128=1 a128=d1745e4a92e05e44 b128=d1745e4a92e05e44
hit worker=0 index=410500230 seed=3146060457a6ca1c len16=0 a16=45c1845f4d39499d b16=079b2a93f7102b53 len32=1 a32=76cbe82f15a7abde b32=76cbe82f15a7abde len128=1 a128=e1340971d42bf257 b128=e1340971d42bf257
hit worker=0 index=413971194 seed=1afda3d93b951abb len16=0 a16=0e9731ef22eb439a b16=f4c0e46089519f41 len32=1 a32=55bc7d59e73161fa b32=55bc7d59e73161fa len128=1 a128=4e6656130c1d3699 b128=4e6656130c1d3699
hit worker=0 index=415487185 seed=53a5ee6c73249af0 len16=0 a16=b67ec3511fae2ed3 b16=3330bcbfa7d993c8 len32=1 a32=c62985cf3b5e277a b32=c62985cf3b5e277a len128=1 a128=a719266ec80406b7 b128=a719266ec80406b7
hit worker=0 index=420146999 seed=9eeadc2fe9c7d538 len16=0 a16=6c94f0abd232f44b b16=bf0da23b701a3501 len32=1 a32=30fc460f426eef1e b32=30fc460f426eef1e len128=1 a128=df71c36475bbf1dd b128=df71c36475bbf1dd
hit worker=0 index=420377796 seed=7ca934ce34e1c244 len16=0 a16=d81d880f3fef7f34 b16=26d8551c66823a23 len32=1 a32=b0fff6c2bd66a269 b32=b0fff6c2bd66a269 len128=1 a128=15ee0ad259ed9834 b128=15ee0ad259ed9834
hit worker=0 index=423189999 seed=f2121749ed83069c len16=0 a16=e9d48efb30f74838 b16=a41fcf0f5fe47563 len32=1 a32=7a2c1c798b40cf27 b32=7a2c1c798b40cf27 len128=1 a128=c53fe364e9df98db b128=c53fe364e9df98db
hit worker=0 index=428487559 seed=41438785dd78e9fe len16=0 a16=4504d8e89a8e2e59 b16=4222531efca0eaf1 len32=1 a32=0327571128167748 b32=0327571128167748 len128=1 a128=c6df77b51ae3f151 b128=c6df77b51ae3f151
hit worker=0 index=433106271 seed=6149906dd0579f8c len16=0 a16=bd565f7902239b99 b16=3ce0c4dc729e5552 len32=1 a32=32fb236625fd7884 b32=32fb236625fd7884 len128=1 a128=adb55906b912da78 b128=adb55906b912da78
hit worker=0 index=435425775 seed=c6996686afb804e8 len16=0 a16=f8bfa07a8c3717e2 b16=d423bf184083255c len32=1 a32=36d7b53523fb357b b32=36d7b53523fb357b len128=1 a128=88c1c4e6779783fc b128=88c1c4e6779783fc
hit worker=0 index=438175444 seed=71626a600becc2b4 len16=0 a16=ace793042ac635ae b16=10adc346a5687032 len32=1 a32=bf0e683fd17e80a2 b32=bf0e683fd17e80a2 len128=1 a128=430d34640c988ffc b128=430d34640c988ffc
hit worker=0 index=438223062 seed=833ee05a5307ebaf len16=0 a16=93dcb6ec8ae55101 b16=2afe0427b877986d len32=1 a32=462cd226ba8d2bfe b32=462cd226ba8d2bfe len128=1 a128=38714a2abdd96614 b128=38714a2abdd96614
hit worker=0 index=438389285 seed=f4a3c7b1fc1b0d44 len16=0 a16=f0b79d8c4182a550 b16=49821d80ae9a60c2 len32=1 a32=530b2d162a5e17e0 b32=530b2d162a5e17e0 len128=1 a128=e56a80c1b677d9ed b128=e56a80c1b677d9ed
hit worker=0 index=439186146 seed=d37df78abec952d1 len16=0 a16=2426e0825a82728d b16=197c7a40b203dc07 len32=1 a32=edefb0c3028a26af b32=edefb0c3028a26af len128=1 a128=50e23565ab15d5cd b128=50e23565ab15d5cd
hit worker=0 index=443783258 seed=c86bf29eb2c02ba9 len16=0 a16=f7d7a87e836f85cc b16=8402869d29a128b0 len32=1 a32=96a0dc9d3f0cddf1 b32=96a0dc9d3f0cddf1 len128=1 a128=2560d9b133f52312 b128=2560d9b133f52312
hit worker=0 index=447494013 seed=0bf58b98ed32b0c4 len16=0 a16=cf9afeabd5713a74 b16=f9e6b68850648d05 len32=1 a32=0afef8322d946e44 b32=0afef8322d946e44 len128=1 a128=61796914a7e0b5a1 b128=61796914a7e0b5a1
hit worker=0 index=447506625 seed=70680bc2eb073e90 len16=0 a16=0db0006ceba5b88f b16=e3f1fc4eab185e69 len32=1 a32=48d1c98d5dc355cb b32=48d1c98d5dc355cb len128=1 a128=2ee9d3e4af3d1816 b128=2ee9d3e4af3d1816
hit worker=0 index=447851216 seed=6bfd66075d1bc280 len16=0 a16=94215bf3a343e8c6 b16=1c54eb50f3b8d9c1 len32=1 a32=952c89d1dc0c8c16 b32=952c89d1dc0c8c16 len128=1 a128=4dfb444a6b74fd5c b128=4dfb444a6b74fd5c
hit worker=0 index=448116714 seed=0a91f23ab4f25b8f len16=0 a16=9c4087fbbb79ed8a b16=f4219801f70ae7d5 len32=1 a32=3ca274adb4550c6f b32=3ca274adb4550c6f len128=1 a128=a18ff138ef0f66bb b128=a18ff138ef0f66bb
hit worker=0 index=450328953 seed=53adf63a77fd7c80 len16=0 a16=20e8f828c4cb585e b16=154abfa0ecea6366 len32=1 a32=f13d11003ec7df40 b32=f13d11003ec7df40 len128=1 a128=dda76c41759bf346 b128=dda76c41759bf346
hit worker=0 index=450340147 seed=9c3d1fc882b8ca93 len16=0 a16=89f20e9b60e1d708 b16=6cb306f17249c21e len32=1 a32=e7695c9b450f64e6 b32=e7695c9b450f64e6 len128=1 a128=209784a6bce12385 b128=209784a6bce12385
hit worker=0 index=452607204 seed=64637747ea16f300 len16=0 a16=0081e42728d62d65 b16=603439a3cbe77435 len32=1 a32=d3d4f0468607258b b32=d3d4f0468607258b len128=1 a128=d1e2859756b2ef92 b128=d1e2859756b2ef92
hit worker=0 index=459349780 seed=b3137fa1c404d28b len16=0 a16=004341af186bd660 b16=aeb7ea1e2fb348d2 len32=1 a32=597d11e5e1aabf3a b32=597d11e5e1aabf3a len128=1 a128=641f1bf0e52fe22a b128=641f1bf0e52fe22a
hit worker=0 index=460553146 seed=17a00bc93e370c33 len16=0 a16=79e4c6c5781c1ee8 b16=287136224151cbe1 len32=1 a32=a87b93507d794e84 b32=a87b93507d794e84 len128=1 a128=8891a1d643d3aad7 b128=8891a1d643d3aad7
hit worker=0 index=460896681 seed=c6835facf7e83cfe len16=0 a16=c6040dc35c31b906 b16=f0d196c56496a888 len32=1 a32=71c8c61322a8ca19 b32=71c8c61322a8ca19 len128=1 a128=1aef02f84f353cc7 b128=1aef02f84f353cc7
hit worker=0 index=464237754 seed=530d0bcdb177fe9e len16=0 a16=e74b3ee4adef2ae7 b16=b46174889ef3851e len32=1 a32=7354f47c5bf014e4 b32=7354f47c5bf014e4 len128=1 a128=5cf8acc1775ee322 b128=5cf8acc1775ee322
hit worker=0 index=464756460 seed=c8000fdc7c9ff9fe len16=0 a16=0b75ec373427fbb9 b16=8da2523b2ce1f633 len32=1 a32=1d1b51e0e9ad3c8e b32=1d1b51e0e9ad3c8e len128=1 a128=997755d12c20a00d b128=997755d12c20a00d
hit worker=0 index=465089279 seed=75dddecbba549a71 len16=0 a16=56e09648eba99673 b16=23712811a37fb903 len32=1 a32=32e1fc09fce43e0b b32=32e1fc09fce43e0b len128=1 a128=295fe10194bb4b41 b128=295fe10194bb4b41
hit worker=0 index=467101823 seed=0da19350ed1c4c2d len16=0 a16=365f38670769480e b16=80aff667e7cd952f len32=1 a32=f9eb904e1e29f73b b32=f9eb904e1e29f73b len128=1 a128=1ceb064e31c3bf81 b128=1ceb064e31c3bf81
hit worker=0 index=467996757 seed=9344114d342c80ed len16=0 a16=c1751d5f7f5adb6f b16=a96ba2ae1f1c14ab len32=1 a32=a24ed842ee80b5cb b32=a24ed842ee80b5cb len128=1 a128=d663324a76d5c0a1 b128=d663324a76d5c0a1
hit worker=0 index=472883453 seed=02ca34b8ef819cb0 len16=0 a16=42f0767960735baf b16=a25bf3d0b91df31c len32=1 a32=969664f97e59c2eb b32=969664f97e59c2eb len128=1 a128=c5a512c3f66a0c78 b128=c5a512c3f66a0c78
hit worker=0 index=476831238 seed=c3749b0698604e94 len16=0 a16=699689b87f421e62 b16=02a845219522f7af len32=1 a32=f6233402ed94b8da b32=f6233402ed94b8da len128=1 a128=73399bc3174f753e b128=73399bc3174f753e
hit worker=0 index=479016848 seed=6704281d4bffff1c len16=0 a16=1bd676824187201c b16=ae440a0ebfcae9e5 len32=1 a32=b23c03ff6fa8c233 b32=b23c03ff6fa8c233 len128=1 a128=75633122c2889562 b128=75633122c2889562
hit worker=0 index=483229662 seed=f343a3c820f37bdf len16=0 a16=2e3c3cddfe2239ae b16=977f706653a5847c len32=1 a32=2b892f5ed45d485e b32=2b892f5ed45d485e len128=1 a128=ea076e1b2af3f117 b128=ea076e1b2af3f117
hit worker=0 index=491368903 seed=a2bdf725b731b63e len16=0 a16=39cd26b6b849dfb2 b16=f47a5b522877c4f4 len32=1 a32=bc5b3f877baf2608 b32=bc5b3f877baf2608 len128=1 a128=5645d95625b6cd2d b128=5645d95625b6cd2d
hit worker=0 index=491491825 seed=2fa00401e5564fe8 len16=0 a16=4d2f3c5fc342d9e0 b16=f70e515383286bc4 len32=1 a32=339614fc80e8f1a0 b32=339614fc80e8f1a0 len128=1 a128=f88014e8da5e3a67 b128=f88014e8da5e3a67
hit worker=0 index=493345075 seed=4c016767f278defc len16=0 a16=cf6b5e735f117adb b16=778c9820e86c29d9 len32=1 a32=a985aa490e9918ce b32=a985aa490e9918ce len128=1 a128=cf06ade478132094 b128=cf06ade478132094
hit worker=0 index=493871412 seed=039c075bbf333680 len16=0 a16=2663fdb1dfae2e31 b16=cac75481ae6a398b len32=1 a32=9f478295feac22cd b32=9f478295feac22cd len128=1 a128=bb194eac47399a32 b128=bb194eac47399a32
hit worker=0 index=495915000 seed=cac17983d3d708f6 len16=0 a16=446387814eeb4118 b16=df04e7f7cd5d319d len32=1 a32=cf55407dcad65192 b32=cf55407dcad65192 len128=1 a128=0f8372ff963cc140 b128=0f8372ff963cc140
hit worker=0 index=495954496 seed=b575f419f864b604 len16=0 a16=dff42a7ebd5def43 b16=3919f3c970cfab02 len32=1 a32=685919250cb6f0ad b32=685919250cb6f0ad len128=1 a128=6b56850a632d8399 b128=6b56850a632d8399
hit worker=0 index=501420303 seed=f1bc662036307380 len16=0 a16=0660ce7f335aa509 b16=05b370978cc0d574 len32=1 a32=0e6d3c21dc1f936a b32=0e6d3c21dc1f936a len128=1 a128=d6ab753aa6663ce9 b128=d6ab753aa6663ce9
hit worker=0 index=502440907 seed=bb4eff47fd6ed3b0 len16=0 a16=a742a87d39a69b01 b16=86e395468b8273af len32=1 a32=42943c13b7efb914 b32=42943c13b7efb914 len128=1 a128=7091d871a6ac1465 b128=7091d871a6ac1465
hit worker=0 index=503413525 seed=5f1fce4fa5b42c13 len16=0 a16=94992611722243bb b16=39e7cffc1cecee69 len32=1 a32=b3ad1cc1d788d4a5 b32=b3ad1cc1d788d4a5 len128=1 a128=a3b602f4596c2a45 b128=a3b602f4596c2a45
hit worker=0 index=503597456 seed=12bb99f2b40db8d6 len16=0 a16=acfdd33ad330869c b16=9851e61f0ad078ea len32=1 a32=f9f6e7e2879610ec b32=f9f6e7e2879610ec len128=1 a128=34bbf526559475d6 b128=34bbf526559475d6
hit worker=0 index=504498757 seed=d35a30cee3fbbb08 len16=0 a16=bf0fe75c7812f668 b16=965eb861d18d36eb len32=1 a32=a450843637ac58be b32=a450843637ac58be len128=1 a128=0fd033537b4d8c9a b128=0fd033537b4d8c9a
hit worker=0 index=505503323 seed=92c5840208dbacc4 len16=0 a16=d41547029b099f8f b16=4f922af86fef97dd len32=1 a32=0f3c7d9595a4bdb2 b32=0f3c7d9595a4bdb2 len128=1 a128=d12928be72623bba b128=d12928be72623bba
hit worker=0 index=506562280 seed=0ad17ee6016a7db8 len16=0 a16=ac4d87d4669c04d8 b16=4398c27ddc0577bc len32=1 a32=49f1cadf2c4ab7e2 b32=49f1cadf2c4ab7e2 len128=1 a128=0124302b1f284a33 b128=0124302b1f284a33
hit worker=0 index=508830182 seed=e2f986e46ad8380b len16=0 a16=a197814539dc543c b16=51d4f3b902812c79 len32=1 a32=230c6ae3f17de269 b32=230c6ae3f17de269 len128=1 a128=a1df52e331f339d1 b128=a1df52e331f339d1
hit worker=0 index=516772122 seed=191da5ccb27428a1 len16=0 a16=2ffd5dbce6688170 b16=84e2d535241103d3 len32=1 a32=6ea3092261317659 b32=6ea3092261317659 len128=1 a128=c0a9209f51c49a2b b128=c0a9209f51c49a2b
hit worker=0 index=520697227 seed=db9f164331493715 len16=0 a16=d2ab520d118f3cb6 b16=233eb5f5f8b2f858 len32=1 a32=13e6dfed4775ea57 b32=13e6dfed4775ea57 len128=1 a128=88890e3bd2b6cd06 b128=88890e3bd2b6cd06
hit worker=0 index=522437413 seed=9adeeb0a5c693679 len16=0 a16=e946916139c9922d b16=22bfb9975365774b len32=1 a32=1987f7f83f2bc0f1 b32=1987f7f83f2bc0f1 len128=1 a128=6ea19c27d3c17ec5 b128=6ea19c27d3c17ec5
hit worker=0 index=523716628 seed=d8237966f3f97068 len16=0 a16=b8ac611c65ffa29f b16=abdcd6de5bee6b1d len32=1 a32=30af6906322edf51 b32=30af6906322edf51 len128=1 a128=489656ab601ad81a b128=489656ab601ad81a
hit worker=0 index=524892186 seed=4ad483ae7857dc92 len16=0 a16=e8174d69f90dd595 b16=727bd2fe7007639c len32=1 a32=7f2166e85198332c b32=7f2166e85198332c len128=1 a128=44fcc25d11ff9c74 b128=44fcc25d11ff9c74
hit worker=0 index=525804927 seed=18131817ee73d21e len16=0 a16=d13f1bf712d17850 b16=a750e03bafc583d4 len32=1 a32=73d9dbda0faf81e9 b32=73d9dbda0faf81e9 len128=1 a128=324be3859f9b0014 b128=324be3859f9b0014
hit worker=0 index=528286809 seed=9badb4cae30c7593 len16=0 a16=b891e44ebea3ec42 b16=e18d7893fc9fa327 len32=1 a32=992dbdbd1fcb5571 b32=992dbdbd1fcb5571 len128=1 a128=6372ddb2ad72379d b128=6372ddb2ad72379d
hit worker=0 index=528524899 seed=07e84b0cae41369f len16=0 a16=fdd18e0d8816b362 b16=5c0c7b5789be02ef len32=1 a32=ffbc3ba895dc99c4 b32=ffbc3ba895dc99c4 len128=1 a128=7cb1950892aada8c b128=7cb1950892aada8c
hit worker=0 index=529619642 seed=0ed7f7abfdff2bd9 len16=0 a16=dc554fd621ab6b8b b16=e23b0d9ccf1db260 len32=1 a32=ea4fa16df27ca6cf b32=ea4fa16df27ca6cf len128=1 a128=78b3a44305be5185 b128=78b3a44305be5185
hit worker=0 index=530524904 seed=c45a72e9bc69e7c1 len16=0 a16=9bd0b2f088a41c7e b16=0708fa02ea701fb4 len32=1 a32=d48cf13b3035063a b32=d48cf13b3035063a len128=1 a128=bf0d70bc596acc8e b128=bf0d70bc596acc8e
hit worker=0 index=530648219 seed=cc75a40a3af94da6 len16=0 a16=b45acb37e6651bd3 b16=bcaf25f918d1ebc5 len32=1 a32=35d5948d9156d10b b32=35d5948d9156d10b len128=1 a128=31cdf66c03c303c8 b128=31cdf66c03c303c8
hit worker=0 index=530746216 seed=2c9fff4571efdbbc len16=0 a16=d12279fc30299242 b16=00b5b6c9120e33e4 len32=1 a32=3da123538024d048 b32=3da123538024d048 len128=1 a128=08d15c36f07bfd9c b128=08d15c36f07bfd9c
hit worker=0 index=531175258 seed=236053a91326acc4 len16=0 a16=4f795b18223e9d9b b16=8df124071cd56790 len32=1 a32=51e0b9bfd3125228 b32=51e0b9bfd3125228 len128=1 a128=9a5f154a2494c4cc b128=9a5f154a2494c4cc
hit worker=0 index=531630959 seed=a759f6046b9586a8 len16=0 a16=ed1ea6aed00ce7bf b16=dd2d1b2e137e5d26 len32=1 a32=e141a0be96a726c3 b32=e141a0be96a726c3 len128=1 a128=391c4f17de1a4f77 b128=391c4f17de1a4f77
hit worker=0 index=532126518 seed=6b4964ce5b411ec0 len16=0 a16=6205ec727e92aa58 b16=8843b0c204c185b2 len32=1 a32=62e57e1133905a01 b32=62e57e1133905a01 len128=1 a128=b8bd82363ab2e963 b128=b8bd82363ab2e963
hit worker=0 index=532500859 seed=9ab6c41ac89011f4 len16=0 a16=ad885fc9d4cc1da3 b16=9c365927f898604f len32=1 a32=206eab8d88291e87 b32=206eab8d88291e87 len128=1 a128=22dbaacf4bb03b28 b128=22dbaacf4bb03b28
hit worker=0 index=536328902 seed=105b72a8ed54fba8 len16=0 a16=30d501a42bd3d119 b16=26d5ea6a677c9802 len32=1 a32=81f5667092d4329d b32=81f5667092d4329d len128=1 a128=c4fdfdec2ad25be7 b128=c4fdfdec2ad25be7
stream worker=1 init=0xbba624ab6a9020b3 trials=536870912
hit worker=1 index=538320023 seed=4a223fcb8d7c2cb8 len16=0 a16=b780d9bba8206e58 b16=8beb2be0b2dd25d3 len32=1 a32=617ea3ad78cf1e94 b32=617ea3ad78cf1e94 len128=1 a128=7040ef2f155fcfcb b128=7040ef2f155fcfcb
hit worker=1 index=538348909 seed=0b4f363133f6f789 len16=0 a16=19852f2cbbc4d8a3 b16=4fffc48e4169d9e6 len32=1 a32=a5802f2759ca0ada b32=a5802f2759ca0ada len128=1 a128=a799551d2dad19dc b128=a799551d2dad19dc
hit worker=1 index=538640936 seed=d8df78dd9dd3ebfe len16=0 a16=e57665a7b94cbecb b16=07b62e451b2075e2 len32=1 a32=da99baaf13349af7 b32=da99baaf13349af7 len128=1 a128=c6cff0f5b6b9e055 b128=c6cff0f5b6b9e055
hit worker=1 index=539153372 seed=82f4160324940c9c len16=0 a16=72e4242d5e7fb21c b16=30a91b2eb8ba11a5 len32=1 a32=f7cafb319154fede b32=f7cafb319154fede len128=1 a128=8086dfe46cccfa03 b128=8086dfe46cccfa03
hit worker=1 index=542358920 seed=db8f670a4ae3b5bc len16=0 a16=ca1c763f43119a5d b16=ff3a0312a562a013 len32=1 a32=2b26870f7b3a24f2 b32=2b26870f7b3a24f2 len128=1 a128=f10415624ce58129 b128=f10415624ce58129
hit worker=1 index=542495154 seed=5bd17226433e61b8 len16=0 a16=6f21e0a9fec9187d b16=4930409e38a37157 len32=1 a32=df64337589580f69 b32=df64337589580f69 len128=1 a128=61985b0318db61f4 b128=61985b0318db61f4
hit worker=1 index=543644098 seed=4dd60487b3a1c13c len16=0 a16=cea9223dbb1949a2 b16=79e7695b4e433144 len32=1 a32=3a0382818b3f40ac b32=3a0382818b3f40ac len128=1 a128=c987a177dbef3fcf b128=c987a177dbef3fcf
hit worker=1 index=543980667 seed=a38de6122cbb7bfd len16=0 a16=13b0ca798c3329e7 b16=58bb3e8eec07d3fa len32=1 a32=79365146db08d765 b32=79365146db08d765 len128=1 a128=00f4836dded4d924 b128=00f4836dded4d924
hit worker=1 index=544043813 seed=99f126f2c6199b8f len16=0 a16=525a81144f579186 b16=a93b9e1c0faf486c len32=1 a32=f7c2ec74ec6c8cc1 b32=f7c2ec74ec6c8cc1 len128=1 a128=959fe814a01ebe06 b128=959fe814a01ebe06
hit worker=1 index=552073548 seed=a33d45cee7634920 len16=0 a16=8cbe4e755c6bf4b6 b16=f739ca307da0785b len32=1 a32=c5cb575813d2e48d b32=c5cb575813d2e48d len128=1 a128=2c6fbb9925fd45aa b128=2c6fbb9925fd45aa
hit worker=1 index=552762025 seed=c26e34d9a5192ece len16=0 a16=ff85a930b09efa04 b16=990bca714ab1b1bf len32=1 a32=464848a464bc79b7 b32=464848a464bc79b7 len128=1 a128=f8c658a970878bea b128=f8c658a970878bea
hit worker=1 index=553921780 seed=f3fc3413c633da9c len16=0 a16=3899e514ace09e79 b16=f06f9b46160787a1 len32=1 a32=54bade4d21f238e3 b32=54bade4d21f238e3 len128=1 a128=101ec63dbdfbd48c b128=101ec63dbdfbd48c
hit worker=1 index=563295063 seed=8723f62fc5d6146e len16=0 a16=f30336203e984757 b16=fb27f3390d082aff len32=1 a32=2e0f539b2fd220b8 b32=2e0f539b2fd220b8 len128=1 a128=f2463f2cf82ba253 b128=f2463f2cf82ba253
hit worker=1 index=564102207 seed=376937d8c45d9ecb len16=0 a16=b2a3631b9ed66d2a b16=197da69c2cad28f6 len32=1 a32=78b6c53bfce057da b32=78b6c53bfce057da len128=1 a128=2cfd040ae34c5aae b128=2cfd040ae34c5aae
hit worker=1 index=565151446 seed=630687c5f3188488 len16=0 a16=41b5b870abde6413 b16=52f478cfdc4ea8d4 len32=1 a32=1880593f18c1f188 b32=1880593f18c1f188 len128=1 a128=e01145c27122d820 b128=e01145c27122d820
hit worker=1 index=567256860 seed=1737c5e8f4d37d1a len16=0 a16=13f6c81dba18d20f b16=f94d1c438ff0eeb3 len32=1 a32=595f94419e5f81ff b32=595f94419e5f81ff len128=1 a128=81be068e7eceb6ac b128=81be068e7eceb6ac
hit worker=1 index=567447508 seed=0359f60a63d45a5b len16=0 a16=8f648d7ca8825a98 b16=9b2f946a1ff895ff len32=1 a32=dcda7c1a00ad2440 b32=dcda7c1a00ad2440 len128=1 a128=ac25174387d7ca11 b128=ac25174387d7ca11
hit worker=1 index=571617407 seed=078433aab414f94d len16=0 a16=987aba282ec48cb6 b16=0ce308402fe5d450 len32=1 a32=73d4814b0bbffd08 b32=73d4814b0bbffd08 len128=1 a128=4ab21928b92baf89 b128=4ab21928b92baf89
hit worker=1 index=573639101 seed=ab9de33dadc336b3 len16=0 a16=2692cb2cd8ba0db4 b16=ae728284e13dba78 len32=1 a32=18c3f27b1f0bb9d7 b32=18c3f27b1f0bb9d7 len128=1 a128=76274693a95ddcd6 b128=76274693a95ddcd6
hit worker=1 index=576455927 seed=6d1596282e541539 len16=0 a16=4fd954666f794eac b16=86189d2cb2b8449a len32=1 a32=2fddcfc1b49f12d6 b32=2fddcfc1b49f12d6 len128=1 a128=9f052a33a1e01952 b128=9f052a33a1e01952
hit worker=1 index=578973070 seed=636d885458838727 len16=0 a16=e13786150f2d6d6a b16=e5eb495555cf9069 len32=1 a32=2ee540f384dde470 b32=2ee540f384dde470 len128=1 a128=0d4a9728e918ad53 b128=0d4a9728e918ad53
hit worker=1 index=579414859 seed=b627f64aebbba988 len16=0 a16=63d11e4efdda30f8 b16=dd1334fa1c109752 len32=1 a32=c524e85d5bfb348c b32=c524e85d5bfb348c len128=1 a128=6b4845fd8f4708c1 b128=6b4845fd8f4708c1
hit worker=1 index=585973814 seed=e3e168c5b05479d4 len16=0 a16=c0ec0f572b2fe535 b16=1401bf0efdb3ce1b len32=1 a32=9f39233a257a0da1 b32=9f39233a257a0da1 len128=1 a128=a44d0c7c13b6308a b128=a44d0c7c13b6308a
hit worker=1 index=586139727 seed=c8f2ebbfbdfab704 len16=0 a16=6c7cebfb37f98e8c b16=12ac1cce92a1e79b len32=1 a32=8cc06848fc8c5b20 b32=8cc06848fc8c5b20 len128=1 a128=3bc50197529f1d3d b128=3bc50197529f1d3d
hit worker=1 index=586635863 seed=dac167f4eefcf23c len16=0 a16=0e320998355b174e b16=99b670a07faccf3b len32=1 a32=7a1f4f70d447a6c7 b32=7a1f4f70d447a6c7 len128=1 a128=68ff00df385af6af b128=68ff00df385af6af
hit worker=1 index=588327752 seed=4b9d6792ea9b0c4e len16=0 a16=3a536235ba83efae b16=f6f8dd08760e3e8f len32=1 a32=ff4fe5a5a2eef397 b32=ff4fe5a5a2eef397 len128=1 a128=1f9fd55d09027646 b128=1f9fd55d09027646
hit worker=1 index=588501369 seed=6bfc543d92f0743c len16=0 a16=024a2c62356a3648 b16=bc4b643219b8204a len32=1 a32=7686020e86a24ffa b32=7686020e86a24ffa len128=1 a128=cbe5b831b846f6c3 b128=cbe5b831b846f6c3
hit worker=1 index=589026165 seed=19fa104cb399bb7e len16=0 a16=40580e9043cb097c b16=91556f09a3c0c38f len32=1 a32=9dee5ae9537fefb6 b32=9dee5ae9537fefb6 len128=1 a128=fb8bd73e47049297 b128=fb8bd73e47049297
hit worker=1 index=593599235 seed=82c63608b67d3fdc len16=0 a16=5bfb7878b9b7edff b16=1487e6e807f8a413 len32=1 a32=af18893cafd80686 b32=af18893cafd80686 len128=1 a128=5de1fcb0c4534244 b128=5de1fcb0c4534244
hit worker=1 index=593844167 seed=0fdd760aba9fd588 len16=0 a16=84c5892e344567a9 b16=0d4c6fefd66c7784 len32=1 a32=b25bb48fb61950db b32=b25bb48fb61950db len128=1 a128=3e48c10cab6e3acd b128=3e48c10cab6e3acd
hit worker=1 index=597400402 seed=a86b0fca2e9c9c6e len16=0 a16=71d6e6e83c350fdc b16=d43593f4def43519 len32=1 a32=0f4fcf9be5ab05ee b32=0f4fcf9be5ab05ee len128=1 a128=b5b052d3f926d72f b128=b5b052d3f926d72f
hit worker=1 index=597693333 seed=db804929fb332300 len16=0 a16=de95bb2b2be08cea b16=1a2adfaf94517a7d len32=1 a32=126f9df0bbc1bdb6 b32=126f9df0bbc1bdb6 len128=1 a128=85dee56f249af584 b128=85dee56f249af584
hit worker=1 index=599029053 seed=4c9e8a5b3b80979c len16=0 a16=9d17de78c777782a b16=c5eec07dfeab3804 len32=1 a32=99d949cc2e20a051 b32=99d949cc2e20a051 len128=1 a128=674701f7cc4981c7 b128=674701f7cc4981c7
hit worker=1 index=600104888 seed=bca39443f37c41cc len16=0 a16=47cdfe2d6402f729 b16=baeb88b8fa5132f5 len32=1 a32=e0231b0a47ae0ead b32=e0231b0a47ae0ead len128=1 a128=6fb2d919b4ee5369 b128=6fb2d919b4ee5369
hit worker=1 index=600942114 seed=10419428b62d3f96 len16=0 a16=3bad09648718df76 b16=60923a3e3d3129c2 len32=1 a32=68b8f2bde2de1cf6 b32=68b8f2bde2de1cf6 len128=1 a128=53b53c942bc3caf8 b128=53b53c942bc3caf8
hit worker=1 index=603141164 seed=9ad52ae8b5b7bdaa len16=0 a16=8ca2be9dab7f2d37 b16=c226ecd92d693e75 len32=1 a32=fc27216e0245d42a b32=fc27216e0245d42a len128=1 a128=368945254e2810cb b128=368945254e2810cb
hit worker=1 index=605150058 seed=5b6598bb708cd2e8 len16=0 a16=81269da5a1bd113e b16=c93b8dcdb91ff9d4 len32=1 a32=77853c7751583ede b32=77853c7751583ede len128=1 a128=a6998f94696157f5 b128=a6998f94696157f5
hit worker=1 index=605749324 seed=4e4d8d87f11ce7c4 len16=0 a16=94c6cbc51529c39d b16=134cd21b7be8906c len32=1 a32=334823834693e242 b32=334823834693e242 len128=1 a128=3d9e7d9993cac32f b128=3d9e7d9993cac32f
hit worker=1 index=609608935 seed=bca3734e1ff8fa26 len16=0 a16=02beb0b095c0e616 b16=a16e7b070042c4ab len32=1 a32=17d4a4459ff03b0e b32=17d4a4459ff03b0e len128=1 a128=448db9a71e7414ce b128=448db9a71e7414ce
hit worker=1 index=611560798 seed=66719c30bbf8dc08 len16=0 a16=791c83b337ccfff7 b16=693dd01a9b66fb42 len32=1 a32=df8767d56dbf6f26 b32=df8767d56dbf6f26 len128=1 a128=fd58738f272a2f86 b128=fd58738f272a2f86
hit worker=1 index=614454014 seed=13a3e40b6ae73d28 len16=0 a16=1325a5fef9cac486 b16=7468ebb3fe6937fe len32=1 a32=7b1e4dc3de7bc9f9 b32=7b1e4dc3de7bc9f9 len128=1 a128=357bec10336c85a2 b128=357bec10336c85a2
hit worker=1 index=617162283 seed=241203a4b2ff80a5 len16=0 a16=4c89246405aad653 b16=ccab665bb9895ccc len32=1 a32=90cc644c6305d493 b32=90cc644c6305d493 len128=1 a128=c3c5f042923e23cd b128=c3c5f042923e23cd
hit worker=1 index=619000171 seed=72be89305558e3c5 len16=0 a16=111f29d7a9d6f21d b16=dc6d263c7cbad029 len32=1 a32=41e3ea3d8430ce5d b32=41e3ea3d8430ce5d len128=1 a128=b2983aa958186444 b128=b2983aa958186444
hit worker=1 index=620844474 seed=5b5f6cad35777e9e len16=0 a16=6cc134bc774282d0 b16=02db031206397966 len32=1 a32=2743ede220b4c9e5 b32=2743ede220b4c9e5 len128=1 a128=2775c72448df7c16 b128=2775c72448df7c16
hit worker=1 index=622337291 seed=464e62617bbcee7e len16=0 a16=111ba1cc83edad14 b16=9d0fe7962febded3 len32=1 a32=bcaa5e9e5e9e6a73 b32=bcaa5e9e5e9e6a73 len128=1 a128=fd36442a0d69d765 b128=fd36442a0d69d765
hit worker=1 index=623389510 seed=6d67b6ccf18c288f len16=0 a16=f0df56d9200fa0fc b16=0f2905476ffe26b7 len32=1 a32=1d2bc16fc337db11 b32=1d2bc16fc337db11 len128=1 a128=b762313430d086ae b128=b762313430d086ae
hit worker=1 index=625703344 seed=99bfecc2e74f13fc len16=0 a16=a8287ae88a723f50 b16=7f2ae774e65cd5f2 len32=1 a32=fd7a5e267a9c2c03 b32=fd7a5e267a9c2c03 len128=1 a128=7912c64bd315182d b128=7912c64bd315182d
hit worker=1 index=637121812 seed=3ae3f9d3552d47d4 len16=0 a16=add4c71c8e30f2bc b16=752401ce6c5eb185 len32=1 a32=22fadaa5c133998e b32=22fadaa5c133998e len128=1 a128=979a6e99b6bafd1e b128=979a6e99b6bafd1e
hit worker=1 index=640371224 seed=4ba2d59fdb98f1f8 len16=0 a16=178b6c70a5e97758 b16=e2a5c2a54d614259 len32=1 a32=48b38d8f72238c13 b32=48b38d8f72238c13 len128=1 a128=82bfddd0075be3f7 b128=82bfddd0075be3f7
hit worker=1 index=640460057 seed=4ea2491aab9fa083 len16=0 a16=dcd7e4e6cf68091e b16=1a301f2a68141c01 len32=1 a32=f31b4df54e0ea518 b32=f31b4df54e0ea518 len128=1 a128=dfeab52e72901eef b128=dfeab52e72901eef
hit worker=1 index=644197872 seed=1c0ab790329d6107 len16=0 a16=351b946429c0a11f b16=fcb77ea524612c76 len32=1 a32=3ab8b8709656bdcd b32=3ab8b8709656bdcd len128=1 a128=9f73f4eec8249902 b128=9f73f4eec8249902
hit worker=1 index=645057353 seed=9bd92368933b62e3 len16=0 a16=ec5c0cfc60b5e717 b16=af54598726f8cb00 len32=1 a32=f40bd23c32e92ba7 b32=f40bd23c32e92ba7 len128=1 a128=244d79282eacaffa b128=244d79282eacaffa
hit worker=1 index=646268643 seed=787e74cae4bb89c3 len16=0 a16=ccbc0c8d965c51c0 b16=279b2f288467eb02 len32=1 a32=068b5c155af67df8 b32=068b5c155af67df8 len128=1 a128=be094effb21a71e2 b128=be094effb21a71e2
hit worker=1 index=649994197 seed=d3963607f52c5d1c len16=0 a16=778b41627817d3d5 b16=501a4e3bbc6bcfd7 len32=1 a32=b59f63b2d5a21340 b32=b59f63b2d5a21340 len128=1 a128=836b451aa8cfe3a5 b128=836b451aa8cfe3a5
hit worker=1 index=653085527 seed=63e75e4143add9b0 len16=0 a16=9bcf96a891683fba b16=b95bf38346d7677d len32=1 a32=64d8fac8ac807d47 b32=64d8fac8ac807d47 len128=1 a128=30ad4a02533c8166 b128=30ad4a02533c8166
hit worker=1 index=653547777 seed=cbdb81c9377c94b4 len16=0 a16=50441255ac98b751 b16=19ecc1d4861d0ae8 len32=1 a32=09994223f9def116 b32=09994223f9def116 len128=1 a128=b9437aa33151ec9f b128=b9437aa33151ec9f
hit worker=1 index=656278201 seed=69c621ddb75b97e0 len16=0 a16=c41ac14ee49f2280 b16=146f5f406b901bcd len32=1 a32=41b798dd79e6a2a0 b32=41b798dd79e6a2a0 len128=1 a128=ae58fdbdc09c9510 b128=ae58fdbdc09c9510
hit worker=1 index=661268733 seed=f3739a5b6b47979e len16=0 a16=d4a2c44d87194aa8 b16=a893aaa35cb9e09b len32=1 a32=7958b2029a39b372 b32=7958b2029a39b372 len128=1 a128=dedde76bce7859ba b128=dedde76bce7859ba
hit worker=1 index=666820118 seed=b37a38e444ab1d4c len16=0 a16=6b09d166c85f2d69 b16=1749cba69e4fdd0e len32=1 a32=5d2b2b51f5ab3cd9 b32=5d2b2b51f5ab3cd9 len128=1 a128=5153cf71b3e978d3 b128=5153cf71b3e978d3
hit worker=1 index=667687880 seed=c53ff91bf678ddbf len16=0 a16=d63c1243db6aa977 b16=2b6e0dcc43b170b4 len32=1 a32=513d1644f65d568e b32=513d1644f65d568e len128=1 a128=888c059e990b62c3 b128=888c059e990b62c3
hit worker=1 index=670125032 seed=cb086669b75f7fdc len16=0 a16=7084111e4058cdc9 b16=7a433071bf87e2fa len32=1 a32=72b5a6de202f4dfb b32=72b5a6de202f4dfb len128=1 a128=dfc49c4a4ec1c865 b128=dfc49c4a4ec1c865
hit worker=1 index=670697875 seed=4ffe4e657dc476dc len16=0 a16=c92d542e2c049b0b b16=210d7fccafa28f25 len32=1 a32=0cddb54036de988c b32=0cddb54036de988c len128=1 a128=ac3eaba32f1c8ff7 b128=ac3eaba32f1c8ff7
hit worker=1 index=671509435 seed=c4e7f6e1c07bf326 len16=0 a16=af3ba625e7582312 b16=ae4f6295edc6c2a4 len32=1 a32=744fb2691524c9a9 b32=744fb2691524c9a9 len128=1 a128=9e512b8cd1baa7a2 b128=9e512b8cd1baa7a2
hit worker=1 index=672065600 seed=dc66558afb79cc95 len16=0 a16=6aad926f114df5e1 b16=26b60bdb20b7518b len32=1 a32=2519042e6b699f0d b32=2519042e6b699f0d len128=1 a128=441596dff243369f b128=441596dff243369f
hit worker=1 index=673875098 seed=fac651f5b4409ca5 len16=0 a16=67c9f253ec864ee7 b16=734eca9d3d15f778 len32=1 a32=faaa7e265f16c772 b32=faaa7e265f16c772 len128=1 a128=eea04c611b937628 b128=eea04c611b937628
hit worker=1 index=674365881 seed=bbc421728d0d10c4 len16=0 a16=1a3a85735ff877bc b16=a457e2a8603582c7 len32=1 a32=5092252cce1c50ca b32=5092252cce1c50ca len128=1 a128=660f77089bd82f58 b128=660f77089bd82f58
hit worker=1 index=677249753 seed=19d19bc3341450c0 len16=0 a16=26e12d18a9f80723 b16=48f712dbcf5c03d9 len32=1 a32=d6ccc419f6ed6029 b32=d6ccc419f6ed6029 len128=1 a128=50c7368b140d4a8f b128=50c7368b140d4a8f
hit worker=1 index=677738711 seed=92010652a86fd434 len16=0 a16=ebfa924c1f57b659 b16=fab1b7a0b61e6d6c len32=1 a32=604aecdb82b06c52 b32=604aecdb82b06c52 len128=1 a128=11cde18bc3d2185c b128=11cde18bc3d2185c
hit worker=1 index=679608108 seed=b4c4eee135dc0131 len16=0 a16=d5c3b258da0e99d4 b16=6dba4f0508870184 len32=1 a32=8e3ffc9d55fdc00f b32=8e3ffc9d55fdc00f len128=1 a128=5c5bd741f400484c b128=5c5bd741f400484c
hit worker=1 index=682019259 seed=4575a6ea6c64eb7e len16=0 a16=e02d8ae6c7eff44c b16=c7bd30fb952794da len32=1 a32=dc932f7ee1016d17 b32=dc932f7ee1016d17 len128=1 a128=613eb7936f41a1e3 b128=613eb7936f41a1e3
hit worker=1 index=683904287 seed=537daa20b66f4894 len16=0 a16=34a9b137ab850459 b16=5679622072965ef7 len32=1 a32=404c7288a0656e82 b32=404c7288a0656e82 len128=1 a128=d781704c6e34b72e b128=d781704c6e34b72e
hit worker=1 index=684914894 seed=47fecbaadba3fe48 len16=0 a16=aa5d5ea0f87887a2 b16=0761ab42683a7dfa len32=1 a32=2a0bfdc8080e049b b32=2a0bfdc8080e049b len128=1 a128=d8a3ebadda4293d6 b128=d8a3ebadda4293d6
hit worker=1 index=686360845 seed=9b75e3c3bd9d28b8 len16=0 a16=1e78a374d21c3ab2 b16=b7226bd203c4512c len32=1 a32=1d2dc137f229eefb b32=1d2dc137f229eefb len128=1 a128=fc972dceea665c8b b128=fc972dceea665c8b
hit worker=1 index=688244554 seed=657016fb433dc67e len16=0 a16=8ce646d6b085820b b16=fe1acf1ff8a6638d len32=1 a32=02760c429148c072 b32=02760c429148c072 len128=1 a128=e1f95d93c2c43cbc b128=e1f95d93c2c43cbc
hit worker=1 index=688337693 seed=01bdf762e41c1100 len16=0 a16=eb1724f7287f818e b16=7073756548fa9bc5 len32=1 a32=d000282c4f5834bb b32=d000282c4f5834bb len128=1 a128=ad89f4e91a2adf46 b128=ad89f4e91a2adf46
hit worker=1 index=692274076 seed=033e1e393ae0ec3c len16=0 a16=c85a04597f5a8796 b16=5c7f6bf3d07dbdd7 len32=1 a32=0fff1463cd1a94ba b32=0fff1463cd1a94ba len128=1 a128=b1b3f4895178049b b128=b1b3f4895178049b
hit worker=1 index=698207924 seed=52f05cab13bf140c len16=0 a16=caed26ed233bb7d5 b16=1e449862e5e003b8 len32=1 a32=7cfb8c6a7c159d19 b32=7cfb8c6a7c159d19 len128=1 a128=eff2041e8d45c2a8 b128=eff2041e8d45c2a8
hit worker=1 index=700477995 seed=53a2fa2ac3eac298 len16=0 a16=9d23b0c4189f69b2 b16=fb4822156376a6e3 len32=1 a32=767f400959265fe3 b32=767f400959265fe3 len128=1 a128=42fdf669046f6ef5 b128=42fdf669046f6ef5
hit worker=1 index=702668348 seed=5b61bcde8d845227 len16=0 a16=c1c90f8e73e1c0e1 b16=1ff75e54a7ce8b84 len32=1 a32=e53a4b73c9e05a8b b32=e53a4b73c9e05a8b len128=1 a128=2d01ddb972e76890 b128=2d01ddb972e76890
hit worker=1 index=708969740 seed=e0e5a7d7b3a71b95 len16=0 a16=2f5f8e6895c3090c b16=204b6576232c12ea len32=1 a32=b2f463d3ef05095e b32=b2f463d3ef05095e len128=1 a128=4efb735d56b786cf b128=4efb735d56b786cf
hit worker=1 index=716887811 seed=9b7f66c64720ce5c len16=0 a16=91a8fd7d795c2f2e b16=ab3f926204a98e74 len32=1 a32=be19e91475e5e4e1 b32=be19e91475e5e4e1 len128=1 a128=3afeca772c1f800f b128=3afeca772c1f800f
hit worker=1 index=724204189 seed=bb9b8583f564d144 len16=0 a16=3edbcda8a687b2db b16=34efdc5cced7f19c len32=1 a32=74691ef56b7ec95b b32=74691ef56b7ec95b len128=1 a128=7f22c395accceaff b128=7f22c395accceaff
hit worker=1 index=728685026 seed=a02a95e4fb5f6e58 len16=0 a16=fc13c6ff9424a4b6 b16=69f47d12a8c1c06d len32=1 a32=8cf6f5884a192c95 b32=8cf6f5884a192c95 len128=1 a128=4855530ca3878c75 b128=4855530ca3878c75
hit worker=1 index=729022926 seed=a37f13f30560d63f len16=0 a16=b1948bba52af5b0f b16=7fbf2ff80a69841e len32=1 a32=3cacbc654959344a b32=3cacbc654959344a len128=1 a128=7f32f42902920b77 b128=7f32f42902920b77
hit worker=1 index=731607817 seed=42ca4a3ca844c91e len16=0 a16=c95b6ba80b1a6840 b16=ad78a04806922586 len32=1 a32=69100b6a30b1719b b32=69100b6a30b1719b len128=1 a128=56c4824015c47cc4 b128=56c4824015c47cc4
hit worker=1 index=731768510 seed=d517e6b66b00b14c len16=0 a16=d2126cc1c5debdeb b16=68b73dc3f316b71f len32=1 a32=6c197572aaf5d24d b32=6c197572aaf5d24d len128=1 a128=8facbb671f82fab4 b128=8facbb671f82fab4
hit worker=1 index=732228888 seed=db63786a3cd53a78 len16=0 a16=ee09fc0de68fc1fb b16=441fb128d608e7be len32=1 a32=99d4501a07cbd0da b32=99d4501a07cbd0da len128=1 a128=a0dd3068b924e105 b128=a0dd3068b924e105
hit worker=1 index=732973463 seed=a05fe3de3e97de13 len16=0 a16=fc0a06fde71877e5 b16=b9caf44e71f5fc9e len32=1 a32=7d2797ed43e93843 b32=7d2797ed43e93843 len128=1 a128=575bb6c27b8d07f1 b128=575bb6c27b8d07f1
hit worker=1 index=737195384 seed=12fd8902638b2bd8 len16=0 a16=ad3e60a5e6a6d513 b16=91a3e8021b5d1895 len32=1 a32=6255db2f173723a5 b32=6255db2f173723a5 len128=1 a128=ed077c51128915e4 b128=ed077c51128915e4
hit worker=1 index=738019316 seed=63fdd2dfbabb349e len16=0 a16=dab82563a4d2e816 b16=281d853723cd7ad0 len32=1 a32=851d5f189fbb632b b32=851d5f189fbb632b len128=1 a128=7e5bbc2328085a7c b128=7e5bbc2328085a7c
hit worker=1 index=741727011 seed=4f7fa3c8337da1bc len16=0 a16=b4106e7e576f4572 b16=c5c340b68229e2df len32=1 a32=1b4e72967bbe0bf1 b32=1b4e72967bbe0bf1 len128=1 a128=60652ca5e7e01da4 b128=60652ca5e7e01da4
hit worker=1 index=741941958 seed=48fdea9982742e2a len16=0 a16=6f5b1b27a3b8939c b16=b1a2e6cdf7b560bd len32=1 a32=385021032a566a51 b32=385021032a566a51 len128=1 a128=0b6b003aa7762945 b128=0b6b003aa7762945
hit worker=1 index=742651442 seed=64e0129b431bd304 len16=0 a16=446933dceef5a5b6 b16=7a43cbbf664e9f4c len32=1 a32=1d79987e9e062754 b32=1d79987e9e062754 len128=1 a128=688337156ffec9de b128=688337156ffec9de
hit worker=1 index=742879225 seed=e92575b7f3085885 len16=0 a16=cb60f3491fcff1b6 b16=03b39af5c4318166 len32=1 a32=f807271db2a48721 b32=f807271db2a48721 len128=1 a128=b496297872cf968a b128=b496297872cf968a
hit worker=1 index=743226154 seed=836377b97849f91c len16=0 a16=5b0457ac7b7eb1c6 b16=058cab91608dc067 len32=1 a32=e99b0164c3146309 b32=e99b0164c3146309 len128=1 a128=0955f833c275f40a b128=0955f833c275f40a
hit worker=1 index=743696688 seed=d841a91748140ae0 len16=0 a16=13dac4e791b8cd30 b16=da1ab56ffa7558b6 len32=1 a32=90f536d63056be64 b32=90f536d63056be64 len128=1 a128=f883877dbba61fa6 b128=f883877dbba61fa6
hit worker=1 index=744206500 seed=0474164436960b38 len16=0 a16=1a36593a51967be8 b16=b26277b46249f6dd len32=1 a32=faa846dbddfe2cc1 b32=faa846dbddfe2cc1 len128=1 a128=1870a7396064d27b b128=1870a7396064d27b
hit worker=1 index=747564333 seed=e57c9495c2d87dc8 len16=0 a16=a9d3c73419e0fbde b16=f1b253e7273cc0d5 len32=1 a32=b436681c24ea4ead b32=b436681c24ea4ead len128=1 a128=05f4013a2266669a b128=05f4013a2266669a
hit worker=1 index=750409107 seed=c7f18658d2bf569d len16=0 a16=31971682458c5421 b16=25a3f3c94f792f6b len32=1 a32=63a6a3379dc909cf b32=63a6a3379dc909cf len128=1 a128=9ae56da7a816ad05 b128=9ae56da7a816ad05
hit worker=1 index=751692246 seed=2f20065962fb706e len16=0 a16=7c4d2d5f74b904b2 b16=c3d7efe17e171fd5 len32=1 a32=675d3720e44bfc6d b32=675d3720e44bfc6d len128=1 a128=a0ab4e9b0eb92e3c b128=a0ab4e9b0eb92e3c
hit worker=1 index=751701063 seed=9ad16b9f88f48703 len16=0 a16=46dd71de219656e7 b16=8b5c7d76dd580cb3 len32=1 a32=f9a918099bcb61bd b32=f9a918099bcb61bd len128=1 a128=db0c77361f6724f1 b128=db0c77361f6724f1
hit worker=1 index=752736605 seed=7b8b74c3a87b958b len16=0 a16=4f5c2724a0830a5a b16=ecccd32b51c5f11b len32=1 a32=a3e473253ab85217 b32=a3e473253ab85217 len128=1 a128=a01b8d1021441754 b128=a01b8d1021441754
hit worker=1 index=756175904 seed=42c3f6a983e892a0 len16=0 a16=29825335ca2b5d09 b16=862e749408fe2a69 len32=1 a32=0e03de749be9cfe9 b32=0e03de749be9cfe9 len128=1 a128=5b30ee93b2bda51a b128=5b30ee93b2bda51a
hit worker=1 index=759610207 seed=d4f0e6c946000205 len16=0 a16=2641cc6c48881af0 b16=a9ca4b692618d42f len32=1 a32=a20c6d4107105c8c b32=a20c6d4107105c8c len128=1 a128=c0cc876bb2be9b08 b128=c0cc876bb2be9b08
hit worker=1 index=764600870 seed=93997e03580078ec len16=0 a16=d4ead2033acff23c b16=67030419ad625281 len32=1 a32=2f9f4636344739cd b32=2f9f4636344739cd len128=1 a128=fbd217b0a117b5d0 b128=fbd217b0a117b5d0
hit worker=1 index=765454128 seed=f328a189335ca433 len16=0 a16=ed03eb3d5df89f83 b16=8661155f17178042 len32=1 a32=fd25ade9f8bd2bc6 b32=fd25ade9f8bd2bc6 len128=1 a128=c09e2adb4bb2f5ee b128=c09e2adb4bb2f5ee
hit worker=1 index=765900532 seed=7abe5968a840ab80 len16=0 a16=e823dbc6a253b7b0 b16=d13a21a2a3b5bb1f len32=1 a32=3e47912fdaba5987 b32=3e47912fdaba5987 len128=1 a128=dcddc10951008ac3 b128=dcddc10951008ac3
hit worker=1 index=766809615 seed=cc0f676ca7bbac91 len16=0 a16=33ca4dc02600606c b16=8dfcea1cfbaceb26 len32=1 a32=ffb7805708c60cd9 b32=ffb7805708c60cd9 len128=1 a128=eae759759164f4c8 b128=eae759759164f4c8
hit worker=1 index=769430730 seed=4679fb92ec57e870 len16=0 a16=4e5eca704c16a5f7 b16=cdc74939622b3db6 len32=1 a32=a8a9f3d136a23a39 b32=a8a9f3d136a23a39 len128=1 a128=485448efe640537e b128=485448efe640537e
hit worker=1 index=769664614 seed=036d638b16711a69 len16=0 a16=bd67c17603abec5c b16=ce78f4ea19a41463 len32=1 a32=7703aae6df821ef5 b32=7703aae6df821ef5 len128=1 a128=c013bc53bd557736 b128=c013bc53bd557736
hit worker=1 index=774064974 seed=5c629a83527ce077 len16=0 a16=d79e541e697662da b16=78408ab9a849f22a len32=1 a32=1c5c6f3b47ca4d70 b32=1c5c6f3b47ca4d70 len128=1 a128=48775af4dce47a03 b128=48775af4dce47a03
hit worker=1 index=774083988 seed=8b216ed8b036567b len16=0 a16=893618d409e48790 b16=505b5ac1e4099d4b len32=1 a32=a929aaed238bdee9 b32=a929aaed238bdee9 len128=1 a128=9b0650f97c7df4cd b128=9b0650f97c7df4cd
hit worker=1 index=777611488 seed=99b77921e65de31e len16=0 a16=78b1d9f7d91d70a2 b16=9df96964bfd39dd8 len32=1 a32=e1ce0cdb2b6a8157 b32=e1ce0cdb2b6a8157 len128=1 a128=f0ad4c444a15085f b128=f0ad4c444a15085f
hit worker=1 index=778960435 seed=6ecf5a2895749504 len16=0 a16=731fd8b321c676b5 b16=fbac7492dfaca470 len32=1 a32=9f8ae031554d9929 b32=9f8ae031554d9929 len128=1 a128=1854e19a34f8500d b128=1854e19a34f8500d
hit worker=1 index=779224347 seed=80e05f02677c38cf len16=0 a16=e41768e81370ee7c b16=b94792e76be36a7f len32=1 a32=d9f508689ac3ae43 b32=d9f508689ac3ae43 len128=1 a128=623c22e1bf64774a b128=623c22e1bf64774a
hit worker=1 index=779815796 seed=c2d767d58dbb213c len16=0 a16=2396994470323970 b16=9aa12bb67fbef609 len32=1 a32=48cf73f50752bfb8 b32=48cf73f50752bfb8 len128=1 a128=01af85ae0971b49a b128=01af85ae0971b49a
hit worker=1 index=780067150 seed=3adde7cff683173f len16=0 a16=15d17fb4950a7117 b16=572897fb9eaae045 len32=1 a32=2c54931b97b75e4d b32=2c54931b97b75e4d len128=1 a128=9e1b7b9677401f2c b128=9e1b7b9677401f2c
hit worker=1 index=780339479 seed=0c000ecf4596c8c1 len16=0 a16=d9c81ec36f4aeb10 b16=141f8c106fb0d38f len32=1 a32=e448fefc9086286b b32=e448fefc9086286b len128=1 a128=d926245ca6758a3b b128=d926245ca6758a3b
hit worker=1 index=780830937 seed=bebbff44b5d87b3c len16=0 a16=588fd01144cd8931 b16=90eabca49de6880f len32=1 a32=acd45f4b1effe99f b32=acd45f4b1effe99f len128=1 a128=bdf69c54807e1f39 b128=bdf69c54807e1f39
hit worker=1 index=781311235 seed=82e5c62ea4443aa0 len16=0 a16=923f57abe1923402 b16=a4569eace169df5d len32=1 a32=bfb92355927e0182 b32=bfb92355927e0182 len128=1 a128=5ddcfed9d5c0b17f b128=5ddcfed9d5c0b17f
hit worker=1 index=783023778 seed=cbe3f1bf85332a84 len16=0 a16=a4e86c2ad3d07c2a b16=57d6d8fa60998d1d len32=1 a32=f0bfe249113be3af b32=f0bfe249113be3af len128=1 a128=b799fe6901a5fad3 b128=b799fe6901a5fad3
hit worker=1 index=783461313 seed=966f69293bfcf316 len16=0 a16=ecf4143fb57dc3ec b16=8a0bc3ed97460edd len32=1 a32=927cad3809d0304b b32=927cad3809d0304b len128=1 a128=5206672beb184d7f b128=5206672beb184d7f
hit worker=1 index=785423248 seed=73a6263f2c38ff00 len16=0 a16=23fe4681d71169e4 b16=dcaf114d36afcadf len32=1 a32=381319efe8eccda1 b32=381319efe8eccda1 len128=1 a128=3d3ea3536d2f0e1d b128=3d3ea3536d2f0e1d
hit worker=1 index=785950408 seed=0ca6e48e50132891 len16=0 a16=af963835d6ee1a6e b16=b3c5ffd12088a115 len32=1 a32=4cbd4e186344dc7d b32=4cbd4e186344dc7d len128=1 a128=ca63a37f66947f67 b128=ca63a37f66947f67
hit worker=1 index=789880913 seed=991b9dc8d56fd19e len16=0 a16=6ac02a9154227d5a b16=cc297a424f3dff72 len32=1 a32=78cfd55bbb519888 b32=78cfd55bbb519888 len128=1 a128=12983976b3d019dc b128=12983976b3d019dc
hit worker=1 index=789989565 seed=be9fb7d5fbb1f095 len16=0 a16=7f73528c74d66008 b16=f26da3d7cf32726b len32=1 a32=6a1ee9900a6d8bf1 b32=6a1ee9900a6d8bf1 len128=1 a128=e20d607b7e4667e5 b128=e20d607b7e4667e5
hit worker=1 index=803668530 seed=e49dd4b84d737226 len16=0 a16=3322187f508163f5 b16=8b69dc9ac6964842 len32=1 a32=75a8c628bdc8caaf b32=75a8c628bdc8caaf len128=1 a128=441e0f69634e2da9 b128=441e0f69634e2da9
hit worker=1 index=810157105 seed=4c70b3ea637f22a8 len16=0 a16=c6cbf1fbbb28c3ab b16=d86a34ca98ec8c50 len32=1 a32=27f0c19836c2caba b32=27f0c19836c2caba len128=1 a128=2d9f409c35c3e030 b128=2d9f409c35c3e030
hit worker=1 index=812170951 seed=267af7a8cc7627b0 len16=0 a16=a14d1ed645b4e94e b16=3f6df4ac441853ba len32=1 a32=0a3639a3231433ac b32=0a3639a3231433ac len128=1 a128=8ad1487993bdc883 b128=8ad1487993bdc883
hit worker=1 index=812777022 seed=7ac0079bb5381789 len16=0 a16=49f05fb7483c23bd b16=1c71ad449e42981c len32=1 a32=7062dbf14458362a b32=7062dbf14458362a len128=1 a128=940b30baee19f610 b128=940b30baee19f610
hit worker=1 index=814086019 seed=81c160f7394c3be7 len16=0 a16=40c28c9047f76e19 b16=863934b24522e300 len32=1 a32=c49bbcfd33e4ff19 b32=c49bbcfd33e4ff19 len128=1 a128=dfca73182d68a742 b128=dfca73182d68a742
hit worker=1 index=815470036 seed=412c8a3c4b7b521e len16=0 a16=894e0d5978d57e98 b16=765c914f5dc930ef len32=1 a32=56866533fe4d87d4 b32=56866533fe4d87d4 len128=1 a128=ace45f5264636cac b128=ace45f5264636cac
hit worker=1 index=818924131 seed=4b5f07c9f9935b30 len16=0 a16=fabf426e5fc7f680 b16=6a9e61df92202bc1 len32=1 a32=e53db451b240c74a b32=e53db451b240c74a len128=1 a128=4c57f534ccf83f12 b128=4c57f534ccf83f12
hit worker=1 index=820476574 seed=9414d50edc44f848 len16=0 a16=9df5e3f633bf95a9 b16=46ba9e52e4e8d822 len32=1 a32=85b7e6c16a054505 b32=85b7e6c16a054505 len128=1 a128=7a1194870db0aa2c b128=7a1194870db0aa2c
hit worker=1 index=820613284 seed=1a3206edb234d145 len16=0 a16=35b872657a5eed4f b16=594462c4e5885b18 len32=1 a32=f0f6e1036fca3f02 b32=f0f6e1036fca3f02 len128=1 a128=c8988a6d33393ffa b128=c8988a6d33393ffa
hit worker=1 index=821847507 seed=f42a9404b583ff8b len16=0 a16=b151893d926ec428 b16=f5e2a15ee42e709b len32=1 a32=4a2349e623935164 b32=4a2349e623935164 len128=1 a128=c1ae6f6ac045efe1 b128=c1ae6f6ac045efe1
hit worker=1 index=822286462 seed=c4c398f5b553ec34 len16=0 a16=65bf049ffdefb15c b16=bf6bb2001658e7d7 len32=1 a32=7f811ae40b8e5055 b32=7f811ae40b8e5055 len128=1 a128=30e09663777b0269 b128=30e09663777b0269
hit worker=1 index=824268290 seed=48142783bf7532fc len16=0 a16=42ee3407315dcac3 b16=ecf835bfc6b6e06c len32=1 a32=d54c01edd00da991 b32=d54c01edd00da991 len128=1 a128=abe81383a2d0309e b128=abe81383a2d0309e
hit worker=1 index=824435916 seed=c8d2a6eae863ac04 len16=0 a16=08fbfef6c8a40ca2 b16=7fc577f006acc813 len32=1 a32=4351fcffee05515c b32=4351fcffee05515c len128=1 a128=7eb8b69cbc5e4afc b128=7eb8b69cbc5e4afc
hit worker=1 index=832613777 seed=a83c43671d14e132 len16=0 a16=a7feecff2ac71f17 b16=768a3d8a1512acfa len32=1 a32=5a5856cc284daef5 b32=5a5856cc284daef5 len128=1 a128=16fe0fd87e5dd4d3 b128=16fe0fd87e5dd4d3
hit worker=1 index=832862980 seed=641fe78e436719b3 len16=0 a16=e386a7461b1f62c6 b16=9732c514bba42fa2 len32=1 a32=a2ab56719be26cce b32=a2ab56719be26cce len128=1 a128=70320b50ece2f391 b128=70320b50ece2f391
hit worker=1 index=832883843 seed=d32baf7a7a5ca726 len16=0 a16=bfb72b06a6ab9438 b16=4c62ff5e54ce1946 len32=1 a32=d9bd8cae803c09b7 b32=d9bd8cae803c09b7 len128=1 a128=d6574ab2bd8dd021 b128=d6574ab2bd8dd021
hit worker=1 index=832990556 seed=4aed860e0b697bbc len16=0 a16=99bead7493d1f8a7 b16=c1ea10ed6125974b len32=1 a32=12a142e9e3e7954d b32=12a142e9e3e7954d len128=1 a128=25d7b3a8f349ea7a b128=25d7b3a8f349ea7a
hit worker=1 index=838651117 seed=163ff60dcc14d94c len16=0 a16=040e0108508b2d2f b16=229cb4a010005474 len32=1 a32=6723f635f5bfabb8 b32=6723f635f5bfabb8 len128=1 a128=6c428a4ec5173d13 b128=6c428a4ec5173d13
hit worker=1 index=839433984 seed=5ad4096e81bb2c03 len16=0 a16=b36c8908869943be b16=28332d1fc6ae88f8 len32=1 a32=8a390f13ac995b27 b32=8a390f13ac995b27 len128=1 a128=bc424673e15b6faa b128=bc424673e15b6faa
hit worker=1 index=840573267 seed=05e434d13db51930 len16=0 a16=edaeae3379f6aba7 b16=da5e50a25bfa9c7c len32=1 a32=20df68105119862f b32=20df68105119862f len128=1 a128=223870be6868f473 b128=223870be6868f473
hit worker=1 index=841058830 seed=c7c402d47798a095 len16=0 a16=7d6a996ac3bcd305 b16=214803011ae6b0be len32=1 a32=282f0e697620415a b32=282f0e697620415a len128=1 a128=9e3729eee4170230 b128=9e3729eee4170230
hit worker=1 index=842381011 seed=e140577154a0f891 len16=0 a16=aeec91f4834fb27f b16=9557f3cb5c2eda23 len32=1 a32=51e4dde8bd971bb9 b32=51e4dde8bd971bb9 len128=1 a128=53d40675482a3dae b128=53d40675482a3dae
hit worker=1 index=842644782 seed=f35625ddac73eba8 len16=0 a16=235847b2dab90f38 b16=e545fa4e2f3645c9 len32=1 a32=7d63e254d42f6e36 b32=7d63e254d42f6e36 len128=1 a128=3d04d4739c174b3e b128=3d04d4739c174b3e
hit worker=1 index=848919581 seed=0a5e0187649bf8f6 len16=0 a16=317610ad594cbfb4 b16=9174873b0cf2e952 len32=1 a32=457018a807853771 b32=457018a807853771 len128=1 a128=35e9a9f768cc0477 b128=35e9a9f768cc0477
hit worker=1 index=849353469 seed=cc119e0d0946b581 len16=0 a16=eb5619d332130873 b16=03b0abe87ead7a5e len32=1 a32=9891168d4113c5c0 b32=9891168d4113c5c0 len128=1 a128=fec8d64821ab3889 b128=fec8d64821ab3889
hit worker=1 index=851013094 seed=d421c651376b0d1f len16=0 a16=56ef69945778943e b16=6c830bc13b42c339 len32=1 a32=07791dd8456aef7b b32=07791dd8456aef7b len128=1 a128=2d2caac305462370 b128=2d2caac305462370
hit worker=1 index=853614079 seed=9a230f2a2d8f053c len16=0 a16=099ac9c29f85dba4 b16=89d744e4e08902cb len32=1 a32=04238138cfa77ad9 b32=04238138cfa77ad9 len128=1 a128=a290291b4d6d7dd0 b128=a290291b4d6d7dd0
hit worker=1 index=856639849 seed=92dd99a8f3d1bacb len16=0 a16=d900b954051afb1a b16=6de8f4bd4658466c len32=1 a32=d1c0601c38412ee9 b32=d1c0601c38412ee9 len128=1 a128=bd743f7ec2b8cdc0 b128=bd743f7ec2b8cdc0
hit worker=1 index=857305469 seed=494166cb0de09442 len16=0 a16=6e5dad5eaeb58bdd b16=f8863f0ed725cdb4 len32=1 a32=247175cd0f6d46de b32=247175cd0f6d46de len128=1 a128=ba5eae869a9f511d b128=ba5eae869a9f511d
hit worker=1 index=860066733 seed=cae97b05c3932e58 len16=0 a16=3d670e090da02d14 b16=922210ea2fda6d78 len32=1 a32=f92c6eec96037dec b32=f92c6eec96037dec len128=1 a128=4f3519656a58b68f b128=4f3519656a58b68f
hit worker=1 index=861288443 seed=4e81cd9f96049db6 len16=0 a16=99afc44f0d478fa0 b16=f96b53a013e8a062 len32=1 a32=fdab100c5a31b210 b32=fdab100c5a31b210 len128=1 a128=eb403d3ea9589198 b128=eb403d3ea9589198
hit worker=1 index=861561944 seed=047615b8a178fd1c len16=0 a16=ae84781ba2cc87db b16=6699a1b311dd4532 len32=1 a32=662a36b482520aae b32=662a36b482520aae len128=1 a128=2b37dc951daa6969 b128=2b37dc951daa6969
hit worker=1 index=863652656 seed=ca41637a880b1515 len16=0 a16=238060175de0176a b16=60b49dec15304dc9 len32=1 a32=fd74af29e9f5d83e b32=fd74af29e9f5d83e len128=1 a128=049e4942f22b92af b128=049e4942f22b92af
hit worker=1 index=865365976 seed=5add96a76e08e8f8 len16=0 a16=6f646abb31b680f9 b16=1f5500110f7dcc68 len32=1 a32=b452cb2fec150daf b32=b452cb2fec150daf len128=1 a128=918b869d862b7bad b128=918b869d862b7bad
hit worker=1 index=865617760 seed=7a0b952e3f7a2220 len16=0 a16=1f0c273404c770e0 b16=1bdbf0834f7f3656 len32=1 a32=d2690e1498fdf1b7 b32=d2690e1498fdf1b7 len128=1 a128=118138656b0624ae b128=118138656b0624ae
hit worker=1 index=866762732 seed=030d7a866abec1ec len16=0 a16=ea11913d1c82db1c b16=ebb93471859077db len32=1 a32=83eaa1c674de55bf b32=83eaa1c674de55bf len128=1 a128=e4701b0fbe91eb2e b128=e4701b0fbe91eb2e
hit worker=1 index=866775732 seed=5384eb87be16f7a6 len16=0 a16=a9170bf7e2d4c656 b16=c38cfafb7170a32a len32=1 a32=da3f877c4b2d71b8 b32=da3f877c4b2d71b8 len128=1 a128=da68bc38e14a0c37 b128=da68bc38e14a0c37
hit worker=1 index=867692179 seed=42bff78144781bc4 len16=0 a16=dc5434cd703cfb0c b16=fb7e6b18cf758dbc len32=1 a32=3d825a9fbb17445f b32=3d825a9fbb17445f len128=1 a128=00181a3d87699391 b128=00181a3d87699391
hit worker=1 index=868560727 seed=5c1e14f45ac04a3f len16=0 a16=c808f8f1ade40089 b16=bfc8f8c89ab30d4d len32=1 a32=b99f7e82eda4ec97 b32=b99f7e82eda4ec97 len128=1 a128=434d9415a79f0705 b128=434d9415a79f0705
hit worker=1 index=869999690 seed=d3940304032a6b37 len16=0 a16=25072a96919dd872 b16=df6332e35d08a91d len32=1 a32=a0e63480d31ee9bf b32=a0e63480d31ee9bf len128=1 a128=826ec555dc437d21 b128=826ec555dc437d21
hit worker=1 index=874549048 seed=5b638af13e8121f8 len16=0 a16=ad0d60b7967153ea b16=2c8aa8466d4b3e5f len32=1 a32=417496d6700440fe b32=417496d6700440fe len128=1 a128=a4f720ee626b938c b128=a4f720ee626b938c
hit worker=1 index=877633692 seed=d787965938d4013c len16=0 a16=1cf08f99f2372f7b b16=453c71b24789d369 len32=1 a32=bd8324124299cf45 b32=bd8324124299cf45 len128=1 a128=c8360afdbe8463d9 b128=c8360afdbe8463d9
hit worker=1 index=881216231 seed=993e3404b1ec70e0 len16=0 a16=562c5ad117855d7a b16=870d51af35cf0b1f len32=1 a32=f448f9d070404490 b32=f448f9d070404490 len128=1 a128=a848bf985ef9a657 b128=a848bf985ef9a657
hit worker=1 index=881226470 seed=44869a7c6e3af6c4 len16=0 a16=a9d1771673fd228b b16=dd1eafcf68b15d89 len32=1 a32=e725269d36bdc7e6 b32=e725269d36bdc7e6 len128=1 a128=035f5e3d068e8039 b128=035f5e3d068e8039
hit worker=1 index=882108728 seed=cb836688355fbd42 len16=0 a16=cb92d26e39be9f15 b16=ed1fe2eb2d759578 len32=1 a32=b034722aae2b54ab b32=b034722aae2b54ab len128=1 a128=86d8a42572dea3b9 b128=86d8a42572dea3b9
hit worker=1 index=883398029 seed=e3172689ec6f5bac len16=0 a16=74c340cb25e69b7f b16=9feef88c66894e8b len32=1 a32=d5ee78d3a1053759 b32=d5ee78d3a1053759 len128=1 a128=b332b9c8455560db b128=b332b9c8455560db
hit worker=1 index=883782545 seed=c460881082df431c len16=0 a16=c4d12beb231e4ed6 b16=53af8b0fcb568bc7 len32=1 a32=16101afa2faf9726 b32=16101afa2faf9726 len128=1 a128=055b7ac3906356c2 b128=055b7ac3906356c2
hit worker=1 index=883795858 seed=9ec160a50c20f81c len16=0 a16=d17b289dd1d717f9 b16=563ac6366312d6c4 len32=1 a32=c98e32df747784b2 b32=c98e32df747784b2 len128=1 a128=29419ddfa62a011f b128=29419ddfa62a011f
hit worker=1 index=887873413 seed=020b9627862148ab len16=0 a16=0e26374fa85a827a b16=64cbddde3c4d8ec6 len32=1 a32=f60910ce1b88b551 b32=f60910ce1b88b551 len128=1 a128=3a369d47adae3f84 b128=3a369d47adae3f84
hit worker=1 index=891517347 seed=539da77b35bbf29e len16=0 a16=ca6269ce57afcfc7 b16=234f127e93711f85 len32=1 a32=a2827226f662c669 b32=a2827226f662c669 len128=1 a128=ce48f731bc2b9c63 b128=ce48f731bc2b9c63
hit worker=1 index=893517304 seed=2f6ffff0acb496dc len16=0 a16=01d796d45242634f b16=240a4e216aa115e5 len32=1 a32=f64a759fbd3edb5e b32=f64a759fbd3edb5e len128=1 a128=afe37fe5590551ab b128=afe37fe5590551ab
hit worker=1 index=898400235 seed=db77ec88b3e7d0e0 len16=0 a16=a7ac97e6567233f4 b16=3111e8c4670b8461 len32=1 a32=bb264e92576a943d b32=bb264e92576a943d len128=1 a128=875d623e46ea107e b128=875d623e46ea107e
hit worker=1 index=901703195 seed=1938335fe702c0dc len16=0 a16=863066125d011b60 b16=4ad7993538de320c len32=1 a32=30cbe84ce11a4dc6 b32=30cbe84ce11a4dc6 len128=1 a128=437acff4b5327163 b128=437acff4b5327163
hit worker=1 index=903955177 seed=eac453fda4b73178 len16=0 a16=42dc0a1bb7026bb4 b16=11615b080734ff70 len32=1 a32=670f43909cad8c1f b32=670f43909cad8c1f len128=1 a128=feca0895e342f0d3 b128=feca0895e342f0d3
hit worker=1 index=905816333 seed=0a9887dafc385b38 len16=0 a16=d12e4d7189b1a594 b16=94c21b66eae0282d len32=1 a32=6001f24bb95c5814 b32=6001f24bb95c5814 len128=1 a128=f914480a22175b05 b128=f914480a22175b05
hit worker=1 index=908288001 seed=137256542f41e242 len16=0 a16=becc1df9ca9200b4 b16=9d810d2d2382c5c7 len32=1 a32=6704b231569bc67f b32=6704b231569bc67f len128=1 a128=492260be628d1d14 b128=492260be628d1d14
hit worker=1 index=908714292 seed=d53faa2965d3e61e len16=0 a16=b6aeebd608a4cb3f b16=2dce409a45def21c len32=1 a32=b0e2a6372b4dbd95 b32=b0e2a6372b4dbd95 len128=1 a128=46a57a77244dc4bc b128=46a57a77244dc4bc
hit worker=1 index=908738573 seed=e9234728583ec61e len16=0 a16=4458a22036fb0828 b16=1f274cb272dcb7ed len32=1 a32=d8aa7865f10a4c79 b32=d8aa7865f10a4c79 len128=1 a128=51b5dcec0dcc7c91 b128=51b5dcec0dcc7c91
hit worker=1 index=919287122 seed=d56233abdbe0c4ce len16=0 a16=7841c02297a2963f b16=0eef25bdd6fc6ef6 len32=1 a32=feeb384e2e4fa9cd b32=feeb384e2e4fa9cd len128=1 a128=f87034216810ea93 b128=f87034216810ea93
hit worker=1 index=919409783 seed=ab038d3fbbbc2ffe len16=0 a16=0bc2c0c51e72a948 b16=639b7557df3cacfc len32=1 a32=9eb36ff89539cf7a b32=9eb36ff89539cf7a len128=1 a128=8ee30d4b3579bafb b128=8ee30d4b3579bafb
hit worker=1 index=921757757 seed=cc997537384315dc len16=0 a16=131c024aabb5f8b3 b16=397bd73271c9faeb len32=1 a32=9a98619470d2cee1 b32=9a98619470d2cee1 len128=1 a128=ec6ed25611596cf8 b128=ec6ed25611596cf8
hit worker=1 index=923029363 seed=8f4111a776cbff80 len16=0 a16=0372b2a477e7e8a4 b16=634399abd767930d len32=1 a32=32add6a779900926 b32=32add6a779900926 len128=1 a128=0657bf4fc00f1533 b128=0657bf4fc00f1533
hit worker=1 index=927626575 seed=d3d98feb3d583fdb len16=0 a16=88e2409005ea7a0f b16=d1d67b62ddf77b34 len32=1 a32=017efe41ebf51393 b32=017efe41ebf51393 len128=1 a128=ae0d20493ce6bb8d b128=ae0d20493ce6bb8d
hit worker=1 index=927815837 seed=0b821007743629cc len16=0 a16=d72f24a5b7368539 b16=cfdc4e75f367ab80 len32=1 a32=7c24d2387034721a b32=7c24d2387034721a len128=1 a128=ac8183e2237aa42f b128=ac8183e2237aa42f
hit worker=1 index=934647970 seed=0203758ac957c914 len16=0 a16=ebfc0dc0091238b1 b16=c9211e5503ec20bc len32=1 a32=f7e7ffca1c217130 b32=f7e7ffca1c217130 len128=1 a128=d5cd34138a00af75 b128=d5cd34138a00af75
hit worker=1 index=937242889 seed=5b201bc94320cf9e len16=0 a16=6e3debb38410ebe9 b16=314bf8fba0f78ced len32=1 a32=32be23983d35e48a b32=32be23983d35e48a len128=1 a128=0437f0f8c3628afa b128=0437f0f8c3628afa
hit worker=1 index=937250403 seed=9c97e9e8ec8a9556 len16=0 a16=d64e234f2ea1ccd9 b16=3f1e0a733c9d1838 len32=1 a32=05d32fac72c5bd90 b32=05d32fac72c5bd90 len128=1 a128=97b335906d6b2ca4 b128=97b335906d6b2ca4
hit worker=1 index=937838881 seed=d3c456edec675898 len16=0 a16=b83e2f69221dd8ae b16=0e6403a054a79d53 len32=1 a32=8a97b74d8a3eb9ea b32=8a97b74d8a3eb9ea len128=1 a128=4099ce7519b336da b128=4099ce7519b336da
hit worker=1 index=939731969 seed=91ce056e34f3d791 len16=0 a16=8cf425bd016c2029 b16=32f456fb9c177021 len32=1 a32=25c367a48bb05df3 b32=25c367a48bb05df3 len128=1 a128=d02bec20efcf14ac b128=d02bec20efcf14ac
hit worker=1 index=940058569 seed=086b0d1d5b60a3fa len16=0 a16=e91ae1b06ac1b4c6 b16=dafb04cce871fa15 len32=1 a32=143ceba4420cbe0d b32=143ceba4420cbe0d len128=1 a128=f605753815db7f32 b128=f605753815db7f32
hit worker=1 index=946159473 seed=c9ffc37a2e7f7c38 len16=0 a16=b38ec741feffff50 b16=b0484a5da3cddf60 len32=1 a32=a6419e8d5ee7bf36 b32=a6419e8d5ee7bf36 len128=1 a128=91caf4b8b72e9588 b128=91caf4b8b72e9588
hit worker=1 index=946498693 seed=c320a1eaaecb7cc4 len16=0 a16=8f3c979665ee5ee8 b16=033b380c59e743db len32=1 a32=b7561e9b7f52cbed b32=b7561e9b7f52cbed len128=1 a128=5ce3fed505cb4d8c b128=5ce3fed505cb4d8c
hit worker=1 index=947914672 seed=46103783450216fe len16=0 a16=ecb013f92ad53cac b16=7e33cd8924473f50 len32=1 a32=965c3d96c0467146 b32=965c3d96c0467146 len128=1 a128=894fede4cb443d16 b128=894fede4cb443d16
hit worker=1 index=948981015 seed=835d648867c958c2 len16=0 a16=ca6d954e700e1c03 b16=5377ee087c972ab8 len32=1 a32=501c3e34489010b4 b32=501c3e34489010b4 len128=1 a128=148b6cd0d313a31d b128=148b6cd0d313a31d
hit worker=1 index=956090114 seed=f0b7f4f5ee396c95 len16=0 a16=7b4fd987bdf6cfcb b16=2100af42c37c0a93 len32=1 a32=f3c313d8b268cfe1 b32=f3c313d8b268cfe1 len128=1 a128=91a4a4849fa4938e b128=91a4a4849fa4938e
hit worker=1 index=956553052 seed=d5777f290f29103f len16=0 a16=d9b45d29f0b427bb b16=043573af276157d6 len32=1 a32=bf54e63392e2bfd4 b32=bf54e63392e2bfd4 len128=1 a128=bdd96ff623e74ed3 b128=bdd96ff623e74ed3
hit worker=1 index=959513275 seed=31e3666d122f271c len16=0 a16=6b2328c26a4456a3 b16=2a2b12d7f732164f len32=1 a32=c33a35b9b0a01814 b32=c33a35b9b0a01814 len128=1 a128=7faf91ca354fdb2d b128=7faf91ca354fdb2d
hit worker=1 index=961005858 seed=c5a19a4945d8ab08 len16=0 a16=ab3c3444124ad947 b16=ad309fb88e96835a len32=1 a32=0e7fd7df7e187963 b32=0e7fd7df7e187963 len128=1 a128=96cc2790d6a3bbf6 b128=96cc2790d6a3bbf6
hit worker=1 index=961128437 seed=aba016976d9b4f9e len16=0 a16=56ffc5fa53a27a9a b16=b68932be520925d4 len32=1 a32=a2d7641936a2a035 b32=a2d7641936a2a035 len128=1 a128=5cd3fe38e9553d91 b128=5cd3fe38e9553d91
hit worker=1 index=965405936 seed=130316a9eb0fe4db len16=0 a16=3fc963540a5028dc b16=1119c0bc1f2d05c3 len32=1 a32=93f4e143ade9dcac b32=93f4e143ade9dcac len128=1 a128=dec495a75683793b b128=dec495a75683793b
hit worker=1 index=972155866 seed=2b20ff8e4580e9b0 len16=0 a16=c608b40cab3c17e7 b16=326b6ed6dbea21fd len32=1 a32=16a3660038bccb34 b32=16a3660038bccb34 len128=1 a128=abb6b39d86893d87 b128=abb6b39d86893d87
hit worker=1 index=976695750 seed=c74d1f696cca29b8 len16=0 a16=d6a0c2b2171d38a8 b16=e17aabde1e6cd496 len32=1 a32=8d62a7870541df3f b32=8d62a7870541df3f len128=1 a128=507d8992f512f1e4 b128=507d8992f512f1e4
hit worker=1 index=977379801 seed=1c2be9911b18e40f len16=0 a16=39d47d1d83a70340 b16=ce3deadb4b9b32eb len32=1 a32=218e1019413e9399 b32=218e1019413e9399 len128=1 a128=9ed4726d2f5a8298 b128=9ed4726d2f5a8298
hit worker=1 index=978576428 seed=9a681b876b43481c len16=0 a16=d4de350e0392dc57 b16=025ffad240e7eace len32=1 a32=122453ba5a5e6753 b32=122453ba5a5e6753 len128=1 a128=6cb991ef21636023 b128=6cb991ef21636023
hit worker=1 index=978638266 seed=f47619ba27408313 len16=0 a16=c1e7e44d36ffd112 b16=3abe199bbe68526e len32=1 a32=9f0fdd52d8349e11 b32=9f0fdd52d8349e11 len128=1 a128=8893b2a683a37069 b128=8893b2a683a37069
hit worker=1 index=979436873 seed=cad9eb8742780203 len16=0 a16=04daacd1ea3dc960 b16=b27c6b69270934dc len32=1 a32=b5e89a6f6a99afdb b32=b5e89a6f6a99afdb len128=1 a128=1f68323492783a2d b128=1f68323492783a2d
hit worker=1 index=979773282 seed=a57377915444c73e len16=0 a16=5d28babf865e9db5 b16=3fa77da5d6e04733 len32=1 a32=4841e805889291d2 b32=4841e805889291d2 len128=1 a128=2ab9c0f9177b60bd b128=2ab9c0f9177b60bd
hit worker=1 index=980202447 seed=1b44e7886857f12e len16=0 a16=ed983182bd9b3587 b16=7dc7065fcb0e3ef5 len32=1 a32=93cc265b6106f288 b32=93cc265b6106f288 len128=1 a128=e5851ec44bbacb64 b128=e5851ec44bbacb64
hit worker=1 index=980368999 seed=b6255c4c8ce0dc27 len16=0 a16=8b728605f216f258 b16=26672c8a83e17c97 len32=1 a32=cb05eaf04e3256ec b32=cb05eaf04e3256ec len128=1 a128=0b9035bfda895731 b128=0b9035bfda895731
hit worker=1 index=981188491 seed=6b8213474b806268 len16=0 a16=051733cb1e9db3df b16=f6470c471eaca926 len32=1 a32=d242ca91ded1757e b32=d242ca91ded1757e len128=1 a128=863c102c4fe34c5c b128=863c102c4fe34c5c
hit worker=1 index=982724784 seed=69564389764731db len16=0 a16=6171899bef1c5e3f b16=82c7257157200de9 len32=1 a32=180f1ae5c9a8fdfc b32=180f1ae5c9a8fdfc len128=1 a128=df164c81cb5e9adf b128=df164c81cb5e9adf
hit worker=1 index=984093852 seed=e2e3f9e8bdf6952b len16=0 a16=d539b0f994fa4658 b16=ed1975ac441a11c5 len32=1 a32=93c24fe15a00775d b32=93c24fe15a00775d len128=1 a128=e117a8a7a2e85f89 b128=e117a8a7a2e85f89
hit worker=1 index=984684009 seed=0920286083eb9508 len16=0 a16=b286a699af481006 b16=cd95a821d12b68a5 len32=1 a32=7a2b9ab24451b8a9 b32=7a2b9ab24451b8a9 len128=1 a128=580ad06d1f01ecc0 b128=580ad06d1f01ecc0
hit worker=1 index=986769773 seed=6ffb7412ac404242 len16=0 a16=ebf3c2e296a683e3 b16=4eb09128d8992df9 len32=1 a32=8e1401b1281a2862 b32=8e1401b1281a2862 len128=1 a128=bcad2eb03788116b b128=bcad2eb03788116b
hit worker=1 index=995959988 seed=4bdff2e7ae8d6f2b len16=0 a16=2ba320f03286568c b16=2891e9ece09a56cd len32=1 a32=1b4aa98d1f71004f b32=1b4aa98d1f71004f len128=1 a128=f1d857fc0e0cfc85 b128=f1d857fc0e0cfc85
hit worker=1 index=996052876 seed=b40a07312e1857cc len16=0 a16=9faa91da529ebb5a b16=4bf29ebe36c2b75c len32=1 a32=8f99953e93761a02 b32=8f99953e93761a02 len128=1 a128=5009604114937058 b128=5009604114937058
hit worker=1 index=997961899 seed=d3918908e43b8a1c len16=0 a16=2ea56a791e6d18ea b16=14f6b36fce6ce2cd len32=1 a32=e20e5ce6cc8da634 b32=e20e5ce6cc8da634 len128=1 a128=5b2052ab3e92da6d b128=5b2052ab3e92da6d
hit worker=1 index=1000898370 seed=92f2db9003646db8 len16=0 a16=d05f961ad5939a95 b16=deef9d910eee9b71 len32=1 a32=db7f2a311df89e90 b32=db7f2a311df89e90 len128=1 a128=ae869d1414a2296a b128=ae869d1414a2296a
hit worker=1 index=1004619492 seed=9be79ef2d477557c len16=0 a16=2c1eb9c594660b42 b16=3b8950df8a8d204e len32=1 a32=c56824f394df6d13 b32=c56824f394df6d13 len128=1 a128=d3544a4b305c4271 b128=d3544a4b305c4271
hit worker=1 index=1006843677 seed=c41004c36cdc3a15 len16=0 a16=b65de255c182392f b16=02427a1ac02dfc8e len32=1 a32=6230091601e11240 b32=6230091601e11240 len128=1 a128=e72b5a451a30cadf b128=e72b5a451a30cadf
hit worker=1 index=1008487146 seed=c68987988af35c03 len16=0 a16=259dc591635885b0 b16=db834085ce75f4bf len32=1 a32=794934a98e0b77c9 b32=794934a98e0b77c9 len128=1 a128=45c6e58cb52034d6 b128=45c6e58cb52034d6
hit worker=1 index=1011437171 seed=f45e16476908c71e len16=0 a16=cd54d28b68faae2d b16=f102aa4173c8cd10 len32=1 a32=e8f4d8263aabaa4f b32=e8f4d8263aabaa4f len128=1 a128=f3800dc081aa3fc0 b128=f3800dc081aa3fc0
hit worker=1 index=1013291895 seed=d38966ff7c27bf0f len16=0 a16=cd2ab7df3a26d1e3 b16=39dfe4f93fef8efe len32=1 a32=8d796fa742536c54 b32=8d796fa742536c54 len128=1 a128=939064ac33ac6e71 b128=939064ac33ac6e71
hit worker=1 index=1014575784 seed=45980588375fca0d len16=0 a16=a59de04e2fb0bb12 b16=84af67a4c5a73cec len32=1 a32=b31f5e1a6a11fb5e b32=b31f5e1a6a11fb5e len128=1 a128=347295ebb908740a b128=347295ebb908740a
hit worker=1 index=1017203359 seed=d3845579053e46aa len16=0 a16=7c622b55fb2477cd b16=9ad30b097341945f len32=1 a32=62fbf9709cdf1a91 b32=62fbf9709cdf1a91 len128=1 a128=554e7bdcf72000d2 b128=554e7bdcf72000d2
hit worker=1 index=1018465837 seed=2189b167a4d7a6c0 len16=0 a16=934343dd36416e75 b16=b6944f9ba35743dd len32=1 a32=294f5aad048c935a b32=294f5aad048c935a len128=1 a128=c4bec1fc00e18905 b128=c4bec1fc00e18905
hit worker=1 index=1020784362 seed=93a0193894c60c9c len16=0 a16=eb614ab1ccef3e79 b16=aae3ada27e7407e6 len32=1 a32=e86e04cc5fb7a843 b32=e86e04cc5fb7a843 len128=1 a128=ed0caa2284d738d4 b128=ed0caa2284d738d4
hit worker=1 index=1021485627 seed=aa1f76b5bf3e29a8 len16=0 a16=983c56a5f3c25e3f b16=e127dc83376bc332 len32=1 a32=dcda9be063fa8d34 b32=dcda9be063fa8d34 len128=1 a128=98f6c6baaa942772 b128=98f6c6baaa942772
hit worker=1 index=1024636174 seed=6b41783ab669dbbc len16=0 a16=b24c1b00665c6ac1 b16=cbc9ee599dd37289 len32=1 a32=1963148edf6d6281 b32=1963148edf6d6281 len128=1 a128=2a4f09b6a73cf52a b128=2a4f09b6a73cf52a
hit worker=1 index=1033992055 seed=62e9747f45ce4533 len16=0 a16=4eee89ffb2e9eb23 b16=36d291790397f277 len32=1 a32=e1906d4985bd162f b32=e1906d4985bd162f len128=1 a128=8d10e8fb71486380 b128=8d10e8fb71486380
hit worker=1 index=1034995193 seed=7ab0f605eb7fba38 len16=0 a16=7a371dba56ea0d90 b16=a1605bca460d663c len32=1 a32=d5674e2533f3a9b2 b32=d5674e2533f3a9b2 len128=1 a128=70228b27d6233a35 b128=70228b27d6233a35
hit worker=1 index=1035951538 seed=77601326b9db9241 len16=0 a16=df10704c34d741ca b16=68598c582dbe610a len32=1 a32=53bb00a3ebdce6bf b32=53bb00a3ebdce6bf len128=1 a128=dd871abae0ac9700 b128=dd871abae0ac9700
hit worker=1 index=1037635557 seed=6356e358d898b194 len16=0 a16=2809e658891e1de7 b16=bc618f69518b610f len32=1 a32=6c53016fafb209cb b32=6c53016fafb209cb len128=1 a128=6e1816dccb082cab b128=6e1816dccb082cab
hit worker=1 index=1041798824 seed=9a03c659847b39a1 len16=0 a16=0c65d9f06f4cf20d b16=73d6989946f30837 len32=1 a32=5402bfece360a548 b32=5402bfece360a548 len128=1 a128=284aebc0f51d1e43 b128=284aebc0f51d1e43
hit worker=1 index=1044859306 seed=cb058634b3f31d98 len16=0 a16=3f494aded6d4c2d4 b16=e3970d8a46cc5455 len32=1 a32=aa914c9d19318253 b32=aa914c9d19318253 len128=1 a128=a17d113dfcebcc24 b128=a17d113dfcebcc24
hit worker=1 index=1046515233 seed=7b1d6ac7543f6030 len16=0 a16=2d8e7e97a68c9d45 b16=777f01373eb00b4f len32=1 a32=7b4320000c125e2c b32=7b4320000c125e2c len128=1 a128=96174aa6733ce63d b128=96174aa6733ce63d
hit worker=1 index=1051458993 seed=f36ddeadbc949dc8 len16=0 a16=6ceb307da6ee3897 b16=3533970b744a197e len32=1 a32=fd874f20ad4d3f7f b32=fd874f20ad4d3f7f len128=1 a128=60e3ced6e7da1455 b128=60e3ced6e7da1455
hit worker=1 index=1054103464 seed=72bc09e96c7fe2ab len16=0 a16=8493e37ff9a10047 b16=9f4dea68c5a0d563 len32=1 a32=8783087d8cbdad31 b32=8783087d8cbdad31 len128=1 a128=4fd18005314ff016 b128=4fd18005314ff016
hit worker=1 index=1055450079 seed=4a3c95d877002255 len16=0 a16=d6a2e55446c03c55 b16=3c239132f2fa23b8 len32=1 a32=58fa3776f2feee8f b32=58fa3776f2feee8f len128=1 a128=9520a37adf24dcf1 b128=9520a37adf24dcf1
hit worker=1 index=1055798421 seed=9b2176276ccc6d15 len16=0 a16=ed3eef7ff572105e b16=2f53e911e26702ed len32=1 a32=afeba7a97504b714 b32=afeba7a97504b714 len128=1 a128=ca6f052d31a6af98 b128=ca6f052d31a6af98
hit worker=1 index=1056492924 seed=7573f0082fd64788 len16=0 a16=d3f84072d4f54e48 b16=f22f6dcfa21ccb90 len32=1 a32=5275bf04180f29ae b32=5275bf04180f29ae len128=1 a128=fbffd278297c137c b128=fbffd278297c137c
hit worker=1 index=1062837662 seed=02bff1e78cbed703 len16=0 a16=8d99c7aaeba54141 b16=e85e94f0fa0ae7d3 len32=1 a32=51b7a048dd9e7c44 b32=51b7a048dd9e7c44 len128=1 a128=99bc98682f350521 b128=99bc98682f350521
hit worker=1 index=1063818297 seed=6ebf6ac9b2b46701 len16=0 a16=a5085ece6a08f684 b16=2c7562a085447903 len32=1 a32=bd525a76d515232e b32=bd525a76d515232e len128=1 a128=1ae4223e80406a34 b128=1ae4223e80406a34
hit worker=1 index=1064583868 seed=12c3e832ac995913 len16=0 a16=f03be4d16f45fc21 b16=3c179c33c2937c3d len32=1 a32=7e13a6dd0ba8073d b32=7e13a6dd0ba8073d len128=1 a128=7a243774b9a34fed b128=7a243774b9a34fed
hit worker=1 index=1065027521 seed=ed7e3ecd3553fc33 len16=0 a16=4eed64f0f3f7cd1d b16=a9fc5a92baf10f4f len32=1 a32=6669426a9cf898ee b32=6669426a9cf898ee len128=1 a128=fa7d04f6d0405d2c b128=fa7d04f6d0405d2c
hit worker=1 index=1068341075 seed=82ffa9e1ed7ccc14 len16=0 a16=e5be05d0534bd38a b16=d315a4ae5158a39b len32=1 a32=08d4faaf1766dbf4 b32=08d4faaf1766dbf4 len128=1 a128=31b15ef31f1db7ce b128=31b15ef31f1db7ce
hit worker=1 index=1072025997 seed=418b87445abb4394 len16=0 a16=ab66ddeca7565a31 b16=705a111b72a9af7f len32=1 a32=3c4927eaa65ebb56 b32=3c4927eaa65ebb56 len128=1 a128=1cbbce1d2aea29fe b128=1cbbce1d2aea29fe
hit worker=1 index=1073557928 seed=4203e6c935c0cba8 len16=0 a16=4cd9094e8e37fd38 b16=8fd1fc9d57dce1e5 len32=1 a32=37b232b12daf2a54 b32=37b232b12daf2a54 len128=1 a128=3d1eb37a2a89c554 b128=3d1eb37a2a89c554
summary len=16 L=2 collisions=0 trials=1073741824 epsilon=0/1073741824 score=unestimated_zero_hits
summary len=32 L=4 collisions=483 trials=1073741824 epsilon=483/1073741824 score=log2(4*1073741824/483) approximate_score=23.084120621164228
summary len=128 L=16 collisions=483 trials=1073741824 epsilon=483/1073741824 score=log2(16*1073741824/483) approximate_score=25.084120621164228
checks event_mismatch_32_128=0 event_mismatch_32_fold=0 intersection_16_32=0 PASS
