SMHasher3 XXH3-64 0.8.3: 1AAEE62C expected 1AAEE62C PASS
XXH3 sanity len=12 seed=0000000000000000: a713daf0dfbb77e7 expected a713daf0dfbb77e7 PASS
XXH3 sanity len=12 seed=9e3779b185ebca8d: e7303e1b2336de0e expected e7303e1b2336de0e PASS
XXH3 sanity len=24 seed=0000000000000000: a3fe70bf9d3510eb expected a3fe70bf9d3510eb PASS
XXH3 sanity len=24 seed=9e3779b185ebca8d: 850e80fc35bdd690 expected 850e80fc35bdd690 PASS
XXH3 sanity len=48 seed=0000000000000000: 397da259ecba1f11 expected 397da259ecba1f11 PASS
XXH3 sanity len=48 seed=9e3779b185ebca8d: adc2cbaa44acc616 expected adc2cbaa44acc616 PASS
XXH3 sanity len=80 seed=0000000000000000: bcdefbbb2c47c90a expected bcdefbbb2c47c90a PASS
XXH3 sanity len=80 seed=9e3779b185ebca8d: c6dd0cb699532e73 expected c6dd0cb699532e73 PASS
XXH3 sanity len=195 seed=0000000000000000: cd94217ee362ec3a expected cd94217ee362ec3a PASS
XXH3 sanity len=195 seed=9e3779b185ebca8d: ba68003d370cb3d9 expected ba68003d370cb3d9 PASS
XXH_VERSION_NUMBER=804
recorded paper pair A seed=cd362ec99e1e6259 hash=bf1f613669d6c8ae PASS
recorded base-1143 pair seed=c8eae1baae13330b hash=448e3716c8effb94 PASS
M len=16: 8912a3da9fc464368202a1be238b7d11
Mprime len=16: 76ed5c25603b9bc97dfd5e41dc7482ee
witness len=16 seed=c8eae1baae13330b a=908ab0d640b4feb6 b=28a993b3a78d73a2 collision=0
M len=32: 8912a3da9fc464368202a1be238b7d1100000000000000000000000000000000
Mprime len=32: 76ed5c25603b9bc97dfd5e41dc7482ee00000000000000000000000000000000
witness len=32 seed=c8eae1baae13330b a=00ffe25bba202dfb b=00ffe25bba202dfb collision=1
M len=128: 8912a3da9fc464368202a1be238b7d11a56186f8dc03bd1f78bfbd2ba3386ced7093d3639fc8f076abe3f9a757e5c84290720e6340b2e7820a16a5633b9b0344773006232e3abc7d4727eafba248b46cf2a6516698382bd2fa890528924cd1b618df4aa87d1af4bcec13f92bf8a1163e657fb0885deddf709a0252fbe3ae169d
Mprime len=128: 76ed5c25603b9bc97dfd5e41dc7482eea56186f8dc03bd1f78bfbd2ba3386ced7093d3639fc8f076abe3f9a757e5c84290720e6340b2e7820a16a5633b9b0344773006232e3abc7d4727eafba248b46cf2a6516698382bd2fa890528924cd1b618df4aa87d1af4bcec13f92bf8a1163e657fb0885deddf709a0252fbe3ae169d
witness len=128 seed=c8eae1baae13330b a=448e3716c8effb94 b=448e3716c8effb94 collision=1
sampling trials=1073741824 salt=0x2026091803000477 logical_streams=2 execution_threads=1
stream worker=0 init=0x2ea4b9a3949001c4 trials=536870912
hit worker=0 index=1992612 seed=cad909335177ca38 len16=0 a16=a13f365d7c129f5b b16=de6ec64d72813db6 len32=1 a32=e4cee25f6174bd9f b32=e4cee25f6174bd9f len128=1 a128=221678fd020e53bd b128=221678fd020e53bd
hit worker=0 index=1993997 seed=5afef985fbd711e3 len16=0 a16=3e859d11268e5589 b16=188d222215ae29a8 len32=1 a32=27767e04f90432c0 b32=27767e04f90432c0 len128=1 a128=1ea708ab69794416 b128=1ea708ab69794416
hit worker=0 index=7420140 seed=d5ff4f2a05f6367f len16=0 a16=c77cee88e22fb908 b16=ff4a00fcd1766bfb len32=1 a32=7098f21956403ebf b32=7098f21956403ebf len128=1 a128=8f929676b95da693 b128=8f929676b95da693
hit worker=0 index=8225618 seed=7b01ee1bbf708a8c len16=0 a16=ac54297dbe7a602d b16=654340bce09d70ef len32=1 a32=932548fb6835ee10 b32=932548fb6835ee10 len128=1 a128=8669f2ac582d8005 b128=8669f2ac582d8005
hit worker=0 index=13527227 seed=121c511614b019e7 len16=0 a16=e226b989b744af2d b16=110820192eda82e0 len32=1 a32=3876b0ee87a45876 b32=3876b0ee87a45876 len128=1 a128=2269b2898c7cd6dc b128=2269b2898c7cd6dc
hit worker=0 index=15015703 seed=d28b721b04bd6f8b len16=0 a16=3e4f8e582e1c41db b16=b85642e78172d53f len32=1 a32=1a0df31565978691 b32=1a0df31565978691 len128=1 a128=c353c5dab44fa27b b128=c353c5dab44fa27b
hit worker=0 index=24377818 seed=4b6013b1ea1388c3 len16=0 a16=bbf94cb918b48cb6 b16=1dd7962d5366961b len32=1 a32=596bd821ed9e8379 b32=596bd821ed9e8379 len128=1 a128=694408af3e92f038 b128=694408af3e92f038
hit worker=0 index=37771188 seed=d3fd77a21659ca83 len16=0 a16=823d24d8d69cadea b16=915ca4ab1876c356 len32=1 a32=b170a761fe109a34 b32=b170a761fe109a34 len128=1 a128=eb62f293c149482b b128=eb62f293c149482b
hit worker=0 index=40091753 seed=94538802676fbf2b len16=0 a16=a5570c139b7e24db b16=a06c571d9207e979 len32=1 a32=8490048c39f53f0e b32=8490048c39f53f0e len128=1 a128=a1e40795f9ec8b30 b128=a1e40795f9ec8b30
hit worker=0 index=40801217 seed=9acb46492ff7967c len16=0 a16=4b90ee8f357dd011 b16=4dd64512d3b9051d len32=1 a32=d8f95e2552d58d8b b32=d8f95e2552d58d8b len128=1 a128=6d228261a1286a8a b128=6d228261a1286a8a
hit worker=0 index=47081961 seed=f363298abedd2aa0 len16=0 a16=3e349a8f7370bdfa b16=66e14a2091adcf08 len32=1 a32=c52b684930266b51 b32=c52b684930266b51 len128=1 a128=05b8c3a82c5813df b128=05b8c3a82c5813df
hit worker=0 index=48630847 seed=dae01af435b3a81e len16=0 a16=bbe69205e948f0d9 b16=ad3ac5b7d19e0858 len32=1 a32=d53777b2577adbfe b32=d53777b2577adbfe len128=1 a128=4fc379279f4326e1 b128=4fc379279f4326e1
hit worker=0 index=49228040 seed=4bf6378d3ceca038 len16=0 a16=ad99567a578086fa b16=237aed7c1932ebeb len32=1 a32=647206c5d9318de4 b32=647206c5d9318de4 len128=1 a128=fcd566726c470930 b128=fcd566726c470930
hit worker=0 index=57393848 seed=c753800a8def499e len16=0 a16=1294c0e85653b039 b16=8728589532995373 len32=1 a32=9aa958a3475f86f4 b32=9aa958a3475f86f4 len128=1 a128=44b626f96282294a b128=44b626f96282294a
hit worker=0 index=64539793 seed=9b3efe049d137084 len16=0 a16=cd50b5252488ad12 b16=847f209dd790bc56 len32=1 a32=7b31e4df1a90d5cf b32=7b31e4df1a90d5cf len128=1 a128=66a3f378714efdbc b128=66a3f378714efdbc
hit worker=0 index=64622376 seed=1c0f9807eac16c03 len16=0 a16=f6483aa0160aba76 b16=b9290b671387c8f3 len32=1 a32=4dce3228f7294225 b32=4dce3228f7294225 len128=1 a128=2ccb478248b82411 b128=2ccb478248b82411
hit worker=0 index=67120384 seed=d2ffa5e976138592 len16=0 a16=d253c0d042f47076 b16=b07f6d0bfcb3bfc8 len32=1 a32=523d60ca7f035eec b32=523d60ca7f035eec len128=1 a128=f4c475785c7b1a5b b128=f4c475785c7b1a5b
hit worker=0 index=68066095 seed=d2e027f1f513d88b len16=0 a16=66bdda4061477808 b16=9c30a68e09744ff8 len32=1 a32=f2a05837ac300af8 b32=f2a05837ac300af8 len128=1 a128=8913692113b19d73 b128=8913692113b19d73
hit worker=0 index=69274274 seed=7a8336654e8477bc len16=0 a16=071884f7e86537b4 b16=b63445ec11356bd5 len32=1 a32=5c5daf3a22f98536 b32=5c5daf3a22f98536 len128=1 a128=90de7cce7e41ac94 b128=90de7cce7e41ac94
hit worker=0 index=70299373 seed=5fb9c283e3102608 len16=0 a16=31606bd827298c9f b16=7cb1c2e9b75ad9dc len32=1 a32=e57deeb97ac0bf51 b32=e57deeb97ac0bf51 len128=1 a128=42a85124e6f34032 b128=42a85124e6f34032
hit worker=0 index=71859019 seed=cc8d76dbc4a84308 len16=0 a16=c7f77755ee847cf5 b16=3c2c32724f73473b len32=1 a32=4d5a07908e998f2a b32=4d5a07908e998f2a len128=1 a128=5deaabe7a100703c b128=5deaabe7a100703c
hit worker=0 index=72630907 seed=9b7cffb734b84cf9 len16=0 a16=d3081a09c6a88794 b16=1c004857b8870a5c len32=1 a32=067a85de957c47c3 b32=067a85de957c47c3 len128=1 a128=38bce9496cfec65b b128=38bce9496cfec65b
hit worker=0 index=74781408 seed=3cc7b1857cdc562d len16=0 a16=78c4993dc5211d53 b16=769bcb7b7ea8097f len32=1 a32=45e51cf4c2e6b6d1 b32=45e51cf4c2e6b6d1 len128=1 a128=f602512008b80338 b128=f602512008b80338
hit worker=0 index=76629571 seed=ce01c0a666d8ab84 len16=0 a16=9cfbbe3cd7e9b11d b16=93174c7dab0b2550 len32=1 a32=1094fb1549945fb3 b32=1094fb1549945fb3 len128=1 a128=8646f0a659eb766f b128=8646f0a659eb766f
hit worker=0 index=78556749 seed=0ecb17f33d41632b len16=0 a16=4d36bf7777cb8e8d b16=c068c58ae24c3133 len32=1 a32=58be2fc189fbd0bb b32=58be2fc189fbd0bb len128=1 a128=81ac5a93ef13a7d3 b128=81ac5a93ef13a7d3
hit worker=0 index=79620349 seed=8076ab99fd2fc388 len16=0 a16=14026eba62b3f681 b16=d59487d1768d3142 len32=1 a32=6894556c288ff87a b32=6894556c288ff87a len128=1 a128=7908d5e916590f46 b128=7908d5e916590f46
hit worker=0 index=80821571 seed=aa7d36921507c338 len16=0 a16=f4b8405870ae3e72 b16=2d39286dd825d313 len32=1 a32=7f4768e8f735d6a8 b32=7f4768e8f735d6a8 len128=1 a128=49b8c62c5b1b70c2 b128=49b8c62c5b1b70c2
hit worker=0 index=83507451 seed=bfb7c7718258d8e8 len16=0 a16=a7c433fb526e0a67 b16=991642d50f7346ea len32=1 a32=f1e62618ca9b788d b32=f1e62618ca9b788d len128=1 a128=1cbd5b5b3cfb70f1 b128=1cbd5b5b3cfb70f1
hit worker=0 index=85084389 seed=04116b9dad080830 len16=0 a16=7151540e4b40c1b5 b16=cc6329cf8f6a79d5 len32=1 a32=30d1011df151742f b32=30d1011df151742f len128=1 a128=ff51ad2fb3c392d3 b128=ff51ad2fb3c392d3
hit worker=0 index=88779360 seed=0bb9708c6c28aeec len16=0 a16=69514038463cca44 b16=8f50109b5135f798 len32=1 a32=e6a1531db2c155eb b32=e6a1531db2c155eb len128=1 a128=43ffd7b7b2784c4a b128=43ffd7b7b2784c4a
hit worker=0 index=89042825 seed=729fcbcbeb43069e len16=0 a16=491dad0fbfdeed15 b16=def8e8dca0a68218 len32=1 a32=52aae83a6128be0e b32=52aae83a6128be0e len128=1 a128=fd0d091c6249cc9f b128=fd0d091c6249cc9f
hit worker=0 index=91350912 seed=009e1a3d34ef39bc len16=0 a16=36bb97510c8480a0 b16=1d4716fdec48eb90 len32=1 a32=9a15a28277493525 b32=9a15a28277493525 len128=1 a128=049c1ac9df9d3634 b128=049c1ac9df9d3634
hit worker=0 index=91673370 seed=ec221763a59bba38 len16=0 a16=ec8cbf400e829782 b16=c4e080244aaa755d len32=1 a32=e316d5783b9e5305 b32=e316d5783b9e5305 len128=1 a128=74877caabe326007 b128=74877caabe326007
hit worker=0 index=92033353 seed=caa25f0043081c44 len16=0 a16=ae7c66ab453f110d b16=98f3ba457fb1d180 len32=1 a32=3f8063918b7065fc b32=3f8063918b7065fc len128=1 a128=730eb0fca38c837b b128=730eb0fca38c837b
hit worker=0 index=94740256 seed=d4076eec0ff8c7de len16=0 a16=e50a54a713dff965 b16=cdc484fa09e364bf len32=1 a32=9baffd9a677344a9 b32=9baffd9a677344a9 len128=1 a128=e2dabfb79646c1c7 b128=e2dabfb79646c1c7
hit worker=0 index=94859470 seed=5ae128ed82b49cf2 len16=0 a16=c4e0a1761f9c299e b16=a0a005d04acbc7c6 len32=1 a32=e1ca28c9d55c5101 b32=e1ca28c9d55c5101 len128=1 a128=137981b208b7e46e b128=137981b208b7e46e
hit worker=0 index=94948025 seed=d3930949dd01c708 len16=0 a16=8ef010e1088aa9f5 b16=5719fb7b152fdfb4 len32=1 a32=195316bf0ba54c1d b32=195316bf0ba54c1d len128=1 a128=a330d4044067c924 b128=a330d4044067c924
hit worker=0 index=95097204 seed=32bfd2527c904ccc len16=0 a16=239185824cc84589 b16=9b806f10aef8c6c7 len32=1 a32=d0cd0449c6cc64ed b32=d0cd0449c6cc64ed len128=1 a128=bf06222d05bf42e7 b128=bf06222d05bf42e7
hit worker=0 index=96590479 seed=b43b9659ecb7e97d len16=0 a16=33109730bfcfae48 b16=6c1da2fadc3af1b6 len32=1 a32=0cae7b8923b2d236 b32=0cae7b8923b2d236 len128=1 a128=48c96d68d0fe60f0 b128=48c96d68d0fe60f0
hit worker=0 index=97732726 seed=6c5193eaf4f66a88 len16=0 a16=4a361f0244bb3b62 b16=66268cf91d527dee len32=1 a32=a2b1575882648b05 b32=a2b1575882648b05 len128=1 a128=915cb245bdcbdc83 b128=915cb245bdcbdc83
hit worker=0 index=104476363 seed=94ff85e7725fed3e len16=0 a16=f966ec6d5f1ea36f b16=d4acad132edd17d1 len32=1 a32=61b17db2645db0e1 b32=61b17db2645db0e1 len128=1 a128=f9202a8f9fa6300e b128=f9202a8f9fa6300e
hit worker=0 index=104716391 seed=8342f60db0397478 len16=0 a16=68b211135641227f b16=88a8ded4115c80c3 len32=1 a32=4ea929c3ce04acaa b32=4ea929c3ce04acaa len128=1 a128=c9bd40b78f75ec79 b128=c9bd40b78f75ec79
hit worker=0 index=111738984 seed=fb81f6cae8d3d48b len16=0 a16=96c4616308cb0474 b16=4a576cc303d757ff len32=1 a32=cf9d313096403445 b32=cf9d313096403445 len128=1 a128=b70110636631dc57 b128=b70110636631dc57
hit worker=0 index=113732788 seed=0699b76a1934da22 len16=0 a16=341d32dab599e3d5 b16=dabdc031d05cf878 len32=1 a32=58642a7b92794f02 b32=58642a7b92794f02 len128=1 a128=dceca3f965beb37f b128=dceca3f965beb37f
hit worker=0 index=114279374 seed=72bde7c73d77e0c4 len16=0 a16=865a6771810e061f b16=3f10f327a294cd9a len32=1 a32=bbf3f165313e6662 b32=bbf3f165313e6662 len128=1 a128=b41f3736701cd20a b128=b41f3736701cd20a
hit worker=0 index=125162552 seed=9234e5904332919f len16=0 a16=c9c60b6e88640461 b16=c9f7aa2e1c0e2d72 len32=1 a32=b698eb6978c7c65c b32=b698eb6978c7c65c len128=1 a128=30f6ccfd539e4c58 b128=30f6ccfd539e4c58
hit worker=0 index=125910415 seed=92fd947869bfc444 len16=0 a16=20b096c9031e7f76 b16=84d6bbc4be641907 len32=1 a32=4a03ca8479c43dc5 b32=4a03ca8479c43dc5 len128=1 a128=8e898f84ba48a978 b128=8e898f84ba48a978
hit worker=0 index=128079715 seed=c0cc169866a0243c len16=0 a16=192d8918a1f6befc b16=b5efecf877a64aad len32=1 a32=2e41a01f60256e11 b32=2e41a01f60256e11 len128=1 a128=893d4eb5b7908954 b128=893d4eb5b7908954
hit worker=0 index=129168725 seed=ab1e3a6dec0305fd len16=0 a16=6aa7b2939bf9901d b16=8cd0bfa3790fec46 len32=1 a32=ccd8b274c95ae9bb b32=ccd8b274c95ae9bb len128=1 a128=d94a3350ea8fb034 b128=d94a3350ea8fb034
hit worker=0 index=130409346 seed=5ca176dfb2b08877 len16=0 a16=25f3e6727a32a497 b16=b3b0260dcfb1bdec len32=1 a32=6eac0921464783cd b32=6eac0921464783cd len128=1 a128=8079a488f614e43e b128=8079a488f614e43e
hit worker=0 index=131241040 seed=ef44c6ea26649e0c len16=0 a16=4b6146bea5bfd570 b16=6cffa22ff218978b len32=1 a32=5ea568b6b8b5a69d b32=5ea568b6b8b5a69d len128=1 a128=e73b64bbd9c883bb b128=e73b64bbd9c883bb
hit worker=0 index=131767066 seed=e4a51906af03d714 len16=0 a16=ec4cea727736e7c1 b16=13cabb1ddf87c76b len32=1 a32=5b826e32e683a899 b32=5b826e32e683a899 len128=1 a128=b29854aef056977a b128=b29854aef056977a
hit worker=0 index=132611515 seed=0337658a5c3c5a27 len16=0 a16=027dee3613222026 b16=4ac8006c163d0171 len32=1 a32=b431fc586cc322f8 b32=b431fc586cc322f8 len128=1 a128=27d2940d43c6181d b128=27d2940d43c6181d
hit worker=0 index=135017685 seed=0b3528199d1020fe len16=0 a16=51473729a2dc4871 b16=94e42a1ba765b443 len32=1 a32=60fee61e1fa42840 b32=60fee61e1fa42840 len128=1 a128=66e86ef164bbe2d5 b128=66e86ef164bbe2d5
hit worker=0 index=135667822 seed=59fc68e8a7efca87 len16=0 a16=076374aa25b037a1 b16=c6e98dda3f0da1df len32=1 a32=4bf7b15cb2d070c2 b32=4bf7b15cb2d070c2 len128=1 a128=9b7e88b5134fa81b b128=9b7e88b5134fa81b
hit worker=0 index=136152892 seed=dabf87192dc37721 len16=0 a16=5aef6efb176c2a50 b16=66a1f04387205fc4 len32=1 a32=56135ea43979775e b32=56135ea43979775e len128=1 a128=3ee9c28aced3cc8b b128=3ee9c28aced3cc8b
hit worker=0 index=139875804 seed=cb6e78c8e8e77c8e len16=0 a16=491e525daf3b1ca5 b16=456833e9d34aa297 len32=1 a32=2959bb88522c34a2 b32=2959bb88522c34a2 len128=1 a128=cbc7b5dece25757f b128=cbc7b5dece25757f
hit worker=0 index=140297383 seed=62c23a827289451e len16=0 a16=bffd73612082443e b16=c1ac961584c6ba98 len32=1 a32=9fab429327d41194 b32=9fab429327d41194 len128=1 a128=a199af8756e29b35 b128=a199af8756e29b35
hit worker=0 index=141535564 seed=731deae9acebb0c0 len16=0 a16=ea658a8d26a86011 b16=797290deff49abab len32=1 a32=120ba5103357dee5 b32=120ba5103357dee5 len128=1 a128=fdc3a8ad585a6abe b128=fdc3a8ad585a6abe
hit worker=0 index=143024275 seed=0f08897d6fdc5688 len16=0 a16=555df54cd17ceeef b16=cb50507963b4e648 len32=1 a32=be3c29b29f0f6809 b32=be3c29b29f0f6809 len128=1 a128=12111bc03b90ad90 b128=12111bc03b90ad90
hit worker=0 index=153534883 seed=a22fe71233cf310b len16=0 a16=4d0f3013f23d264d b16=a983949e0d3b6098 len32=1 a32=fa7239e5dd081f8d b32=fa7239e5dd081f8d len128=1 a128=7b91f9fc4fe23a2a b128=7b91f9fc4fe23a2a
hit worker=0 index=155088526 seed=8932961cdb296e53 len16=0 a16=0e88272cc2b767e5 b16=cde762a1eb597cd9 len32=1 a32=b55b35f9df2ebbfa b32=b55b35f9df2ebbfa len128=1 a128=005f1872b24640d6 b128=005f1872b24640d6
hit worker=0 index=157169778 seed=88426a2041551be1 len16=0 a16=998f665f7cfcf406 b16=ab73b6a8599fddda len32=1 a32=228deb8174c5aea4 b32=228deb8174c5aea4 len128=1 a128=80f603ae9aaa5681 b128=80f603ae9aaa5681
hit worker=0 index=157601792 seed=d619992aadf0c311 len16=0 a16=7f664906913dd609 b16=34725487a7f5f9bd len32=1 a32=c6fd1a640e7826db b32=c6fd1a640e7826db len128=1 a128=fc084f74443002c2 b128=fc084f74443002c2
hit worker=0 index=159093494 seed=1341971a791a570b len16=0 a16=db3d26585ef81719 b16=8e95f0655d4a123b len32=1 a32=89b76e74cb0de7f9 b32=89b76e74cb0de7f9 len128=1 a128=b0b8476bcc23474b b128=b0b8476bcc23474b
hit worker=0 index=159269766 seed=ed64077f4cabdc6c len16=0 a16=65ed07b918fea48d b16=6e7ba1243fede3da len32=1 a32=1235fe3688387fea b32=1235fe3688387fea len128=1 a128=f64cd0f5da929a74 b128=f64cd0f5da929a74
hit worker=0 index=159711209 seed=c3436588963bc42e len16=0 a16=d90ff19995cf6dd6 b16=30c5f2c91bf64bd6 len32=1 a32=f782deb613971c62 b32=f782deb613971c62 len128=1 a128=61a93118223b5896 b128=61a93118223b5896
hit worker=0 index=162819836 seed=cac997163c70c083 len16=0 a16=2ece0472f4b57fc4 b16=61974e056b8ca6f5 len32=1 a32=088535932e4ff0e5 b32=088535932e4ff0e5 len128=1 a128=19ddb058c2ddfe6b b128=19ddb058c2ddfe6b
hit worker=0 index=163263681 seed=5f11e9552d3c35a7 len16=0 a16=7d50943c93049413 b16=ca7a5e96b817aac2 len32=1 a32=84ddb48cb17d66d5 b32=84ddb48cb17d66d5 len128=1 a128=c17083a57f4a453c b128=c17083a57f4a453c
hit worker=0 index=163688162 seed=53081a4c781bf3e1 len16=0 a16=88e4bc19e47d7e2b b16=576a33ccb782734d len32=1 a32=b5ba41aacca64bbf b32=b5ba41aacca64bbf len128=1 a128=67c679950a6c044c b128=67c679950a6c044c
hit worker=0 index=163734725 seed=c2de86235b9f2ba7 len16=0 a16=09533f348c1733e4 b16=309b122346217569 len32=1 a32=59779cbd98afb465 b32=59779cbd98afb465 len128=1 a128=a4efb3faed43e18b b128=a4efb3faed43e18b
hit worker=0 index=163818147 seed=b2c6069f6a8ba804 len16=0 a16=5a3bcc22127c665b b16=e6d7def748f2439d len32=1 a32=0d8c6070d2d0b30b b32=0d8c6070d2d0b30b len128=1 a128=80c6fa7dd3afcb9e b128=80c6fa7dd3afcb9e
hit worker=0 index=164505962 seed=165c5765b920b3b4 len16=0 a16=43cc22e6acd9b00a b16=3791686ab637e032 len32=1 a32=d4fd945bcf4e89de b32=d4fd945bcf4e89de len128=1 a128=cbef64896842cde3 b128=cbef64896842cde3
hit worker=0 index=167329219 seed=9af5e94c7f1ebd84 len16=0 a16=cbe1693ca6286cf2 b16=dc1b59238396d4ea len32=1 a32=2390314ff38c8e75 b32=2390314ff38c8e75 len128=1 a128=41ced0049c0d455f b128=41ced0049c0d455f
hit worker=0 index=168950818 seed=06162798bd609900 len16=0 a16=c306e9e84ff5b0d8 b16=75a4a3644bc7639a len32=1 a32=c66756e2b518420c b32=c66756e2b518420c len128=1 a128=8e13760355c56e6c b128=8e13760355c56e6c
hit worker=0 index=169401441 seed=ca435316e71d0708 len16=0 a16=6855614c6a49b978 b16=ee48e04e65852568 len32=1 a32=30c2502669d7242b b32=30c2502669d7242b len128=1 a128=6601c4135f5c5e22 b128=6601c4135f5c5e22
hit worker=0 index=173808863 seed=335166763275c16c len16=0 a16=dbc970ac8dbb3bfb b16=be5d7412c00c4358 len32=1 a32=04980f5886c414a1 b32=04980f5886c414a1 len128=1 a128=f96e085b5e0bfeff b128=f96e085b5e0bfeff
hit worker=0 index=177042359 seed=c3043fa93c089f44 len16=0 a16=56ecc40e7be32a9d b16=e9fd413045655e3c len32=1 a32=434bff833cefe65e b32=434bff833cefe65e len128=1 a128=6602f85617d5f4c5 b128=6602f85617d5f4c5
hit worker=0 index=177880817 seed=cb4486ec34c76f88 len16=0 a16=9ecc1ec85fd35684 b16=c712fe01baf4f222 len32=1 a32=7f96d7240c704b66 b32=7f96d7240c704b66 len128=1 a128=2a1ab64aabe2ab14 b128=2a1ab64aabe2ab14
hit worker=0 index=184432373 seed=4a9e2955c64b7106 len16=0 a16=1a25520afdc548b2 b16=f85a33a4a01a8007 len32=1 a32=7ffd71dad842d315 b32=7ffd71dad842d315 len128=1 a128=e9c117d8be3b9ccc b128=e9c117d8be3b9ccc
hit worker=0 index=192165172 seed=5b4bc047edc09023 len16=0 a16=4a3e3669b91c1e77 b16=9ed333c454353a15 len32=1 a32=e8550727344dc2d7 b32=e8550727344dc2d7 len128=1 a128=845406ba590e2960 b128=845406ba590e2960
hit worker=0 index=192775953 seed=3c89636862d020dc len16=0 a16=12cb86558cce7e0b b16=a4dba6bdba8c4a4a len32=1 a32=b34fb3e0f422f9c7 b32=b34fb3e0f422f9c7 len128=1 a128=27b56cab7164b84d b128=27b56cab7164b84d
hit worker=0 index=196073499 seed=1f75d911761e8f88 len16=0 a16=0cf310e2cdff3f35 b16=7463a81b8a854be1 len32=1 a32=7225b1c6787704e2 b32=7225b1c6787704e2 len128=1 a128=e578ec12ee686d44 b128=e578ec12ee686d44
hit worker=0 index=196414433 seed=0b45e3b8b5639b07 len16=0 a16=340909d4a4c03c29 b16=480ee66ea2eebb5d len32=1 a32=d062a3f492018cc5 b32=d062a3f492018cc5 len128=1 a128=25bc2bc5aa4b8516 b128=25bc2bc5aa4b8516
hit worker=0 index=200200997 seed=42f562fb1720e3bb len16=0 a16=bad0e0db361b7efb b16=7cd56c951aa45ab1 len32=1 a32=10b1edf4c93e08e8 b32=10b1edf4c93e08e8 len128=1 a128=28f9cfb0eeb482a0 b128=28f9cfb0eeb482a0
hit worker=0 index=202221239 seed=1b3be19b4df46d84 len16=0 a16=25abf1b3bdc8d15f b16=e2615192b0be249d len32=1 a32=f858c3902d5f72df b32=f858c3902d5f72df len128=1 a128=db7e4dadfcbb9e36 b128=db7e4dadfcbb9e36
hit worker=0 index=203204222 seed=d5011130f8ac0abc len16=0 a16=b44344cb424bd19a b16=7409aa7ec652d583 len32=1 a32=89cacb560461f4df b32=89cacb560461f4df len128=1 a128=1c3752932d579c0d b128=1c3752932d579c0d
hit worker=0 index=205018773 seed=eb68a109b658a384 len16=0 a16=a9d6dbfcf1867c4b b16=69b6efe38f72aec2 len32=1 a32=ec1b4d318e27a9d6 b32=ec1b4d318e27a9d6 len128=1 a128=0046a317d50254f1 b128=0046a317d50254f1
hit worker=0 index=210861338 seed=2e2ad7ba0ba3382c len16=0 a16=da84cb075baba9ba b16=80368bc0eb47b12f len32=1 a32=d326956623e24aa2 b32=d326956623e24aa2 len128=1 a128=2d2bbe6d4ff3b386 b128=2d2bbe6d4ff3b386
hit worker=0 index=211403742 seed=a45ae626bd130d14 len16=0 a16=5a4b76ab9c4ccb6f b16=8f66f5ffe0ed3a02 len32=1 a32=b277fcf805dc678c b32=b277fcf805dc678c len128=1 a128=c2ca9a8d9cd44583 b128=c2ca9a8d9cd44583
hit worker=0 index=211727388 seed=0be37fcac5a25758 len16=0 a16=cd3eae62e5370aa7 b16=e3d25414600a2a2c len32=1 a32=fdabcc79658d3c3e b32=fdabcc79658d3c3e len128=1 a128=065891c29d742ff1 b128=065891c29d742ff1
hit worker=0 index=213209989 seed=c63f6acb65d3fbfe len16=0 a16=d7d276c8814ada80 b16=57e367b3eaf75181 len32=1 a32=0ea82d076e94e802 b32=0ea82d076e94e802 len128=1 a128=24d156e04eadc3ca b128=24d156e04eadc3ca
hit worker=0 index=213234445 seed=d41405d3bb94e1a0 len16=0 a16=c8c9760d959bf2cd b16=4f1b5c8d58cc6566 len32=1 a32=9ebc27cf5124cf99 b32=9ebc27cf5124cf99 len128=1 a128=ca3c4f4ed8ce1998 b128=ca3c4f4ed8ce1998
hit worker=0 index=215498538 seed=ca9b1888bff02426 len16=0 a16=d6daf85a37028101 b16=37c06fe77b8bfd21 len32=1 a32=c785a99ae4f4196a b32=c785a99ae4f4196a len128=1 a128=4fbad5c53cb8d151 b128=4fbad5c53cb8d151
hit worker=0 index=215998195 seed=d3e404e0839a6a93 len16=0 a16=aef0bcb5f18024ce b16=c88291c30cff094b len32=1 a32=b065992700485a3d b32=b065992700485a3d len128=1 a128=5c17e46e2ae5923c b128=5c17e46e2ae5923c
hit worker=0 index=217728680 seed=7629a327c412b780 len16=0 a16=aef4e6cbc836788a b16=0210f42439bb1fdc len32=1 a32=0d605e4857a93c9e b32=0d605e4857a93c9e len128=1 a128=cb8417331f1fbae3 b128=cb8417331f1fbae3
hit worker=0 index=218574246 seed=427f824103244f93 len16=0 a16=ba79a970b262b664 b16=c6a3fb83f270e538 len32=1 a32=d7a28875b8eae1ef b32=d7a28875b8eae1ef len128=1 a128=bdf12cd81b76ad31 b128=bdf12cd81b76ad31
hit worker=0 index=222762241 seed=537df3c8aba990cf len16=0 a16=e8190fc49d80c85d b16=0efc8a4eec450b72 len32=1 a32=c054b2c6e44f33b9 b32=c054b2c6e44f33b9 len128=1 a128=76629cec5cd745bb b128=76629cec5cd745bb
hit worker=0 index=224342896 seed=f35a9a1ee4a1c64c len16=0 a16=5a36493aef214de5 b16=c7405ae6b1d7bbd7 len32=1 a32=9827ead825e37227 b32=9827ead825e37227 len128=1 a128=d32687396450cc6f b128=d32687396450cc6f
hit worker=0 index=224418450 seed=0ba281e42e1fc5c8 len16=0 a16=c9bd75dfeac2e7f9 b16=10cc8d255a8c25da len32=1 a32=28225e40718f53ed b32=28225e40718f53ed len128=1 a128=06c9d2eb4042e7c0 b128=06c9d2eb4042e7c0
hit worker=0 index=224911118 seed=a4e20a713f87acbf len16=0 a16=9c130450b9a6f8d5 b16=9df0e31817e7076e len32=1 a32=01829dec467c0795 b32=01829dec467c0795 len128=1 a128=1d2557d99f0303a8 b128=1d2557d99f0303a8
hit worker=0 index=226335060 seed=151ef7c7dd701869 len16=0 a16=96a86001a2311701 b16=8a5ccc3c1e709de1 len32=1 a32=c2f743685f32d70a b32=c2f743685f32d70a len128=1 a128=b6f622f9ac4c98ea b128=b6f622f9ac4c98ea
hit worker=0 index=227094103 seed=0bbd64ea1274ecc4 len16=0 a16=0cf23466c1e7502a b16=c9dfca34a9c4ee25 len32=1 a32=4ddcba5c54ca61df b32=4ddcba5c54ca61df len128=1 a128=99f51e0423f154a7 b128=99f51e0423f154a7
hit worker=0 index=229121466 seed=e35026283cdfcea3 len16=0 a16=3ee7b08b769a245d b16=626ee1f4bc59731a len32=1 a32=59a26a1bc97b4ae1 b32=59a26a1bc97b4ae1 len128=1 a128=0632b1ada2444997 b128=0632b1ada2444997
hit worker=0 index=229168375 seed=a57bf9f1d3b7dbd2 len16=0 a16=458d9e9370c7f31f b16=1593227181e29813 len32=1 a32=bb853892e24837c4 b32=bb853892e24837c4 len128=1 a128=29160362d8064412 b128=29160362d8064412
hit worker=0 index=231487272 seed=06bf6929ec5ab408 len16=0 a16=112b8f8fde9125b7 b16=a739f05c8988204b len32=1 a32=8a847ad42bee554a b32=8a847ad42bee554a len128=1 a128=a49d77f11de3f209 b128=a49d77f11de3f209
hit worker=0 index=233423772 seed=533ff4a7f5e698a4 len16=0 a16=d8de3be93992ea03 b16=81081ed3eb878d04 len32=1 a32=b42857197ef917a5 b32=b42857197ef917a5 len128=1 a128=b6c903524dee4ddc b128=b6c903524dee4ddc
hit worker=0 index=235473106 seed=94c45bb20dcc3d37 len16=0 a16=d3165b2a7e7d0dba b16=ea2995c4e51d5afa len32=1 a32=574156889da79f0c b32=574156889da79f0c len128=1 a128=4d16e3449de7cb16 b128=4d16e3449de7cb16
hit worker=0 index=236180155 seed=c343822067afeccf len16=0 a16=ddd9bf7f200765d6 b16=cafd4d3d8259622e len32=1 a32=2845a9f9c6397010 b32=2845a9f9c6397010 len128=1 a128=0d989474a715a014 b128=0d989474a715a014
hit worker=0 index=239565365 seed=dbb3f0435e9deab8 len16=0 a16=1918919c68290796 b16=ef6ba3fb0c8de9b4 len32=1 a32=eae391597df5278a b32=eae391597df5278a len128=1 a128=630770c49508d344 b128=630770c49508d344
hit worker=0 index=244058020 seed=9a87600297188cdc len16=0 a16=dbcfec0efe9269c5 b16=b9d6155270b69aad len32=1 a32=2ab59869459dcaed b32=2ab59869459dcaed len128=1 a128=fca37f58b2e816eb b128=fca37f58b2e816eb
hit worker=0 index=248810381 seed=4e53f88478387ddf len16=0 a16=b8b8e3800c913bba b16=b678db567d2f2c49 len32=1 a32=cbb7b0f186997a9f b32=cbb7b0f186997a9f len128=1 a128=562bb42868fe1ef6 b128=562bb42868fe1ef6
hit worker=0 index=249253401 seed=d7159ec6c9113ae2 len16=0 a16=eb4b1d9be42ea165 b16=9e538ab47672185d len32=1 a32=4dbac9ed5e53edfa b32=4dbac9ed5e53edfa len128=1 a128=f546eff3c9709251 b128=f546eff3c9709251
hit worker=0 index=264520233 seed=0383f7a9c4a7be16 len16=0 a16=937ac89eae0fa970 b16=c8e76e02223db2c5 len32=1 a32=6f53f9edd4f8c447 b32=6f53f9edd4f8c447 len128=1 a128=be6b43e4e01ab183 b128=be6b43e4e01ab183
hit worker=0 index=264672313 seed=6ec3a4cd8ba043a1 len16=0 a16=3008588a752f806d b16=6160c128a6e66589 len32=1 a32=5ea9df2125c0dba3 b32=5ea9df2125c0dba3 len128=1 a128=3aa3085a3b531c47 b128=3aa3085a3b531c47
hit worker=0 index=267509563 seed=928c164a92a444b5 len16=0 a16=ebe532afc3d28ab7 b16=2e558a0cc5d87031 len32=1 a32=791c2d21a83ec49b b32=791c2d21a83ec49b len128=1 a128=0568f64e34bfa1aa b128=0568f64e34bfa1aa
hit worker=0 index=268374896 seed=d41df7083627730b len16=0 a16=420475a2e343f8a8 b16=753af40d8394ec07 len32=1 a32=8ecd83b48dcd7a5a b32=8ecd83b48dcd7a5a len128=1 a128=1337093bb94ec461 b128=1337093bb94ec461
hit worker=0 index=269793496 seed=ab5d5e26c53706b0 len16=0 a16=13735de780e7ca49 b16=d7ad484164cd52e9 len32=1 a32=27cd37e355ba1426 b32=27cd37e355ba1426 len128=1 a128=9cea269e9ec527ca b128=9cea269e9ec527ca
hit worker=0 index=269933930 seed=5c4c09f544082fb8 len16=0 a16=f9077885c83bde49 b16=54bba5c8582d3f7f len32=1 a32=bb0253a6b7ed5ccd b32=bb0253a6b7ed5ccd len128=1 a128=fb66fa2bd98fbdf8 b128=fb66fa2bd98fbdf8
hit worker=0 index=274534687 seed=a702d5d45aa4e79e len16=0 a16=c51e5ad180b090f5 b16=e00d9c88cf81e5e4 len32=1 a32=9db6c8ba760fea60 b32=9db6c8ba760fea60 len128=1 a128=192ad58bcbf6c4a0 b128=192ad58bcbf6c4a0
hit worker=0 index=276365170 seed=2269e637bde0f6bc len16=0 a16=3d545c20def84eb9 b16=c5f4adc490228984 len32=1 a32=6e2584d36c516be4 b32=6e2584d36c516be4 len128=1 a128=71602f678808ec3e b128=71602f678808ec3e
hit worker=0 index=277895173 seed=5efe063bedd0d7b7 len16=0 a16=83e39a0e2e3965c3 b16=4d47a8a7fe2b1938 len32=1 a32=adf3f28202f8abbb b32=adf3f28202f8abbb len128=1 a128=8b7815c150a38cd8 b128=8b7815c150a38cd8
hit worker=0 index=279234183 seed=d482d1c8343772ad len16=0 a16=34449485ce65ab27 b16=3cba7d481aefe208 len32=1 a32=090cf0a2af489309 b32=090cf0a2af489309 len128=1 a128=3c7d95b2e0ada112 b128=3c7d95b2e0ada112
hit worker=0 index=279669700 seed=0bc046ef9c8f798e len16=0 a16=b74686372e51a649 b16=155301c27385f617 len32=1 a32=3876cc48d6001b65 b32=3876cc48d6001b65 len128=1 a128=b5435fa5dfa16cd0 b128=b5435fa5dfa16cd0
hit worker=0 index=280689855 seed=18c3bcc3664142a7 len16=0 a16=d123b164673ac093 b16=d196ffea671eae31 len32=1 a32=d6dcd528b97edaa9 b32=d6dcd528b97edaa9 len128=1 a128=f27245524b211759 b128=f27245524b211759
hit worker=0 index=285071869 seed=156567bfb5bdcf97 len16=0 a16=b5bb159966d2df8c b16=17002a9e55e9951b len32=1 a32=c51e8ede2e1fa6ae b32=c51e8ede2e1fa6ae len128=1 a128=b12f5415f1f81a0d b128=b12f5415f1f81a0d
hit worker=0 index=285616493 seed=dc1bf8ca3674720c len16=0 a16=3e3f9104814db2dd b16=e1e9ecb1d065e83f len32=1 a32=77482537b30bbc5e b32=77482537b30bbc5e len128=1 a128=d0ff76f976809395 b128=d0ff76f976809395
hit worker=0 index=286348098 seed=1a7ff4fa46eb352e len16=0 a16=41eae77da2942c8f b16=6bf7e2897120eb9b len32=1 a32=86f5b9a472ec4d31 b32=86f5b9a472ec4d31 len128=1 a128=b677592775ecfee5 b128=b677592775ecfee5
hit worker=0 index=287008176 seed=bb3df277f31cef08 len16=0 a16=3510091498e282cd b16=6416755b1624c7f1 len32=1 a32=80071a5a7a339b9d b32=80071a5a7a339b9d len128=1 a128=626bb70f3297f0d2 b128=626bb70f3297f0d2
hit worker=0 index=289541143 seed=a97e16093873ca1c len16=0 a16=56f9ae8a5cd15420 b16=67dc9c6407853827 len32=1 a32=4fb045e254afa28c b32=4fb045e254afa28c len128=1 a128=1066744bb8999db9 b128=1066744bb8999db9
hit worker=0 index=290517714 seed=4a4a9a086d13c53c len16=0 a16=7b71c23c18495553 b16=070b13973cb2eeea len32=1 a32=1ab1ca10037c0acb b32=1ab1ca10037c0acb len128=1 a128=507d91a64d354037 b128=507d91a64d354037
hit worker=0 index=290630985 seed=0329649b3b5c9eb8 len16=0 a16=03334b63e142874e b16=5b75a254b8e4aca3 len32=1 a32=48f1de4cef93026b b32=48f1de4cef93026b len128=1 a128=e9d3e951ce2a71e5 b128=e9d3e951ce2a71e5
hit worker=0 index=292872547 seed=839dc5e8b433d62c len16=0 a16=d3aa8337a2aa9f44 b16=9b1612d72cfe3bb4 len32=1 a32=78ec1fbd3dbd7653 b32=78ec1fbd3dbd7653 len128=1 a128=f6cc1f499d4aaca7 b128=f6cc1f499d4aaca7
hit worker=0 index=295790932 seed=15a2f841449ff030 len16=0 a16=87c448f120eb5915 b16=ac77006d055e101d len32=1 a32=3a3f29b0c03ccc83 b32=3a3f29b0c03ccc83 len128=1 a128=ab5feb7f5cf2a237 b128=ab5feb7f5cf2a237
hit worker=0 index=299561149 seed=b3215e91b7406ac0 len16=0 a16=31d32ba846a8b181 b16=6158b48d308af36b len32=1 a32=1b13c4461c2ddc38 b32=1b13c4461c2ddc38 len128=1 a128=525a6ae0f0463f7e b128=525a6ae0f0463f7e
hit worker=0 index=300095553 seed=db5de7b0c2d97fbc len16=0 a16=c2651ea280e9a8ec b16=cbc4fb94509bd628 len32=1 a32=e7746da28644a151 b32=e7746da28644a151 len128=1 a128=7553d818f9eec22d b128=7553d818f9eec22d
hit worker=0 index=302034980 seed=227c68bf8a13ad28 len16=0 a16=8e4e8e47c98419e0 b16=9e0cdd541a6fd831 len32=1 a32=2174b531665e4a6e b32=2174b531665e4a6e len128=1 a128=7fb6259c810d652a b128=7fb6259c810d652a
hit worker=0 index=302145858 seed=1ba568036f27ac2c len16=0 a16=16e40afec28d84a7 b16=955ac1775555f172 len32=1 a32=98757f60d1ae451c b32=98757f60d1ae451c len128=1 a128=18cd56c54ca9c0c7 b128=18cd56c54ca9c0c7
hit worker=0 index=303887549 seed=faabeab7b9f312af len16=0 a16=1d6aaf0a4d470399 b16=efe057db3bf12c56 len32=1 a32=d08840a76416d124 b32=d08840a76416d124 len128=1 a128=509f0ba9d7f69710 b128=509f0ba9d7f69710
hit worker=0 index=304321939 seed=5c95377c89cf31b0 len16=0 a16=cb6eb3ce41c4c70e b16=05617c16ee95a80d len32=1 a32=ff2132c5cdeda323 b32=ff2132c5cdeda323 len128=1 a128=614e7e7c8c0d6f06 b128=614e7e7c8c0d6f06
hit worker=0 index=304520493 seed=c2005a12cb38e930 len16=0 a16=626d8a116900f390 b16=73f4e9d490722b8d len32=1 a32=49b5a410496c4062 b32=49b5a410496c4062 len128=1 a128=fe067cd2c4b08745 b128=fe067cd2c4b08745
hit worker=0 index=306500617 seed=6d1b918a3474eeab len16=0 a16=80bf9054de8913ff b16=588e34de092057d6 len32=1 a32=a8dac6a10ad0c635 b32=a8dac6a10ad0c635 len128=1 a128=b5d9d4264968ae06 b128=b5d9d4264968ae06
hit worker=0 index=311163807 seed=cba81dc03f781220 len16=0 a16=9ccbf798f87a3899 b16=b57f9bf17292b79e len32=1 a32=485a08a8d2dde962 b32=485a08a8d2dde962 len128=1 a128=0599fc9e9c495ec8 b128=0599fc9e9c495ec8
hit worker=0 index=311511057 seed=0b06843e359d293d len16=0 a16=62066278594b65ff b16=a55054c30ef465a4 len32=1 a32=a8b131b5fdd18ec1 b32=a8b131b5fdd18ec1 len128=1 a128=39f302fc3c3e7362 b128=39f302fc3c3e7362
hit worker=0 index=311836983 seed=e720060b2b14a5fe len16=0 a16=82b7611d2471b5d5 b16=00f79394335896db len32=1 a32=72df954022f45ab7 b32=72df954022f45ab7 len128=1 a128=80e495c795eb7e24 b128=80e495c795eb7e24
hit worker=0 index=313728444 seed=cfa626a83d67878c len16=0 a16=bcefe6e55d986f6d b16=7844d9b523a0fdfd len32=1 a32=34f025c0362d70b6 b32=34f025c0362d70b6 len128=1 a128=e9bc5375a2ae549a b128=e9bc5375a2ae549a
hit worker=0 index=315963010 seed=c4dfaa64a5f7eb20 len16=0 a16=6e7bceddefdf8577 b16=fd53e5460753f57f len32=1 a32=29c8f9779ec504f4 b32=29c8f9779ec504f4 len128=1 a128=33dc865ba83b449d b128=33dc865ba83b449d
hit worker=0 index=316379935 seed=449fc8dd76bb92d4 len16=0 a16=ab7ea1012a82b261 b16=67db154e5d1c3338 len32=1 a32=df71398f071fb11f b32=df71398f071fb11f len128=1 a128=cf3aa33b9c112bf2 b128=cf3aa33b9c112bf2
hit worker=0 index=321691522 seed=c341a5a86c77bcb1 len16=0 a16=4a568d9db20a63be b16=81d807cc01e85c33 len32=1 a32=227829239b31c730 b32=227829239b31c730 len128=1 a128=47c896bd89cca5e0 b128=47c896bd89cca5e0
hit worker=0 index=323141676 seed=4c5f650a8cc78b1c len16=0 a16=a7b427170a44f923 b16=a708247bd728ae1f len32=1 a32=e8021fbc13f53c8d b32=e8021fbc13f53c8d len128=1 a128=3da9fbad14945b32 b128=3da9fbad14945b32
hit worker=0 index=326585454 seed=1bd948e6d5bb64b3 len16=0 a16=f02eea34f5ca94b4 b16=770444c4b8b7d67b len32=1 a32=373f79ba1aab8dcd b32=373f79ba1aab8dcd len128=1 a128=803ce29a6a17d21e b128=803ce29a6a17d21e
hit worker=0 index=326697314 seed=4284165132b544a0 len16=0 a16=e33226d3cd9eb5b8 b16=654c99c60d97c2e2 len32=1 a32=6065ef8137ae74e5 b32=6065ef8137ae74e5 len128=1 a128=bb3041e25956780f b128=bb3041e25956780f
hit worker=0 index=327036553 seed=151be90db090c260 len16=0 a16=8d36c7df10eaa0a5 b16=142e3c37a13fd9cc len32=1 a32=0fe6258b86fcf989 b32=0fe6258b86fcf989 len128=1 a128=11518957bd613488 b128=11518957bd613488
hit worker=0 index=327568720 seed=94520387be5b33b7 len16=0 a16=7f9288a0e3eb697c b16=81cc6ad6d07e406c len32=1 a32=7f7af968accb3773 b32=7f7af968accb3773 len128=1 a128=4c611df11231f58b b128=4c611df11231f58b
hit worker=0 index=328848309 seed=c36d4003cf2ce11c len16=0 a16=42f0a773152d517c b16=7880d0232d7afa31 len32=1 a32=f13b4de69a629575 b32=f13b4de69a629575 len128=1 a128=ab7c93136aaefdb8 b128=ab7c93136aaefdb8
hit worker=0 index=330834041 seed=1e1d79c970677a12 len16=0 a16=7b7eff499a08bdc6 b16=6a0228ff8a26ed51 len32=1 a32=499442a0c0cd5c96 b32=499442a0c0cd5c96 len128=1 a128=f4f29326a517421a b128=f4f29326a517421a
hit worker=0 index=333545749 seed=bbe4362a752b2d3c len16=0 a16=cbff39e1adf6059b b16=42016f7cb31053b7 len32=1 a32=910cb797dd6708f6 b32=910cb797dd6708f6 len128=1 a128=d9c00da64dc38911 b128=d9c00da64dc38911
hit worker=0 index=337599469 seed=aa6b741b447f5359 len16=0 a16=6ebe2f78a8ac571a b16=040f45a09f371c79 len32=1 a32=3195b35ef910e7c3 b32=3195b35ef910e7c3 len128=1 a128=d385fe04fb8d48ff b128=d385fe04fb8d48ff
hit worker=0 index=338359014 seed=62ebf6f3dbdfdeec len16=0 a16=bc74516e73dd086c b16=ebfc567f4a0fba12 len32=1 a32=13543bfa3202c5e5 b32=13543bfa3202c5e5 len128=1 a128=54c03293d1bf9f67 b128=54c03293d1bf9f67
hit worker=0 index=338681003 seed=13458eedc9b761c4 len16=0 a16=23eb53ca9431b788 b16=dff6198444082cfc len32=1 a32=c670f83c95d1e985 b32=c670f83c95d1e985 len128=1 a128=6ea8a9142901d508 b128=6ea8a9142901d508
hit worker=0 index=339817668 seed=c8d51a6dbd557504 len16=0 a16=7431d05ce9e887a9 b16=7c629423d04a302b len32=1 a32=82313630ba4b1044 b32=82313630ba4b1044 len128=1 a128=5289cfb4d436876d b128=5289cfb4d436876d
hit worker=0 index=341460558 seed=d7d1270b3204c620 len16=0 a16=cc54d88b01030794 b16=150310059594780c len32=1 a32=9f489a0753ffb55b b32=9f489a0753ffb55b len128=1 a128=05346eaa000f77d9 b128=05346eaa000f77d9
hit worker=0 index=342085513 seed=048388c0763318b8 len16=0 a16=9d7fc8e91a6032d7 b16=f39ef5bf0975ad79 len32=1 a32=b9067bca2033e113 b32=b9067bca2033e113 len128=1 a128=3ca07440b927cf12 b128=3ca07440b927cf12
hit worker=0 index=343617055 seed=328c73064b60c7f6 len16=0 a16=6075b6841055558a b16=334b5420e82c59a2 len32=1 a32=b37b21839d96fd5b b32=b37b21839d96fd5b len128=1 a128=d8137fe701c6f065 b128=d8137fe701c6f065
hit worker=0 index=343782761 seed=93685ef134445e9c len16=0 a16=8be224be3a3b7a8f b16=ad3bf6579af123c4 len32=1 a32=08c9bd9efeab3e69 b32=08c9bd9efeab3e69 len128=1 a128=4bfe3c8c20f55a64 b128=4bfe3c8c20f55a64
hit worker=0 index=346015123 seed=52c88b7874b0c319 len16=0 a16=66e0c7ff46508a97 b16=cc5d8ccfb9a3aa46 len32=1 a32=f5346c9d3ef2d8ef b32=f5346c9d3ef2d8ef len128=1 a128=dc69291973ce8d22 b128=dc69291973ce8d22
hit worker=0 index=346541119 seed=9f35374fd5fed788 len16=0 a16=8228d3c3a6da8563 b16=bbe127f74c524f2f len32=1 a32=6471a71102e69d2a b32=6471a71102e69d2a len128=1 a128=cecf2f013d4dcd53 b128=cecf2f013d4dcd53
hit worker=0 index=347986840 seed=d4c830474d3a37ed len16=0 a16=5698aa5b0b6bac58 b16=6a31fc39b2b8f9d0 len32=1 a32=4378779fd1dbbe02 b32=4378779fd1dbbe02 len128=1 a128=12a6abc625eadea6 b128=12a6abc625eadea6
hit worker=0 index=348488475 seed=93fdc70752a89f38 len16=0 a16=33ee5bc73164818d b16=fb7efd1f25956bbd len32=1 a32=fcb2b6933646f7af b32=fcb2b6933646f7af len128=1 a128=b7e979f5eaa2635d b128=b7e979f5eaa2635d
hit worker=0 index=350400930 seed=c2e58f594784b1df len16=0 a16=ef84454df047d0d2 b16=2f91ce4f766a750e len32=1 a32=d642f6174fd04359 b32=d642f6174fd04359 len128=1 a128=9566643c30baf382 b128=9566643c30baf382
hit worker=0 index=354716285 seed=bc41e7aaf2bd5134 len16=0 a16=51b18657209c1737 b16=52d74a0dc300c29b len32=1 a32=ff4ce8bd22431c38 b32=ff4ce8bd22431c38 len128=1 a128=c3388dc6946a0f33 b128=c3388dc6946a0f33
hit worker=0 index=355871358 seed=db2d0028b9808504 len16=0 a16=8f87e2d87eea588c b16=dd8449971024156c len32=1 a32=3a5c001546b67634 b32=3a5c001546b67634 len128=1 a128=370bba94e959d0da b128=370bba94e959d0da
hit worker=0 index=356921168 seed=2c7ff78b0c392d3c len16=0 a16=7a753312cb501a08 b16=5501ba5180e7bd7e len32=1 a32=9d725ac6f8441112 b32=9d725ac6f8441112 len128=1 a128=1393178616cf1111 b128=1393178616cf1111
hit worker=0 index=359138834 seed=154a5e9c8fe6edb6 len16=0 a16=4d26ac07c0c1900d b16=246920a0d6e06c69 len32=1 a32=c57c09eefc201f72 b32=c57c09eefc201f72 len128=1 a128=f47729385a9f9cb3 b128=f47729385a9f9cb3
hit worker=0 index=359262230 seed=03ffa98294bcfe80 len16=0 a16=df1b69fc58af75cd b16=765d15289b4dfc41 len32=1 a32=4ab84dc50c0df37c b32=4ab84dc50c0df37c len128=1 a128=86971953ab31b5fb b128=86971953ab31b5fb
hit worker=0 index=361433036 seed=29757534a6911204 len16=0 a16=c98d91ed0cf769ca b16=e31c9d87f134ea3d len32=1 a32=aa0b14c4b4067e83 b32=aa0b14c4b4067e83 len128=1 a128=a7dd36ef627d8366 b128=a7dd36ef627d8366
hit worker=0 index=366585113 seed=7b898789bb12fd14 len16=0 a16=565b2b21d5b901b2 b16=db1e1f012eb109b0 len32=1 a32=5aaca7fa253c2d92 b32=5aaca7fa253c2d92 len128=1 a128=682d4d00324812aa b128=682d4d00324812aa
hit worker=0 index=367857777 seed=1404167efa9788cd len16=0 a16=c74652e6017c59ab b16=c879340cee3689be len32=1 a32=90e2199a269c4085 b32=90e2199a269c4085 len128=1 a128=df9cb74f70f5e624 b128=df9cb74f70f5e624
hit worker=0 index=369466466 seed=8ba379db689fb538 len16=0 a16=944fedb5c278a01b b16=763a50cb5416ab1c len32=1 a32=7d2c5d7a64b14a70 b32=7d2c5d7a64b14a70 len128=1 a128=175f1d01cb6c95cd b128=175f1d01cb6c95cd
hit worker=0 index=370043504 seed=c6887a0537735c88 len16=0 a16=0305350fd3104135 b16=77894995c5b267c4 len32=1 a32=62ad91981223a8c3 b32=62ad91981223a8c3 len128=1 a128=75cdbb0b8340dbea b128=75cdbb0b8340dbea
hit worker=0 index=370057848 seed=4a6e49074177fe9e len16=0 a16=6c2cceeeeba6d3c5 b16=6b905b03fe073307 len32=1 a32=06fe7d8d7fa50f27 b32=06fe7d8d7fa50f27 len128=1 a128=de8a910529a8be13 b128=de8a910529a8be13
hit worker=0 index=373022520 seed=0ea21add6b41b443 len16=0 a16=3074af20e98b8e09 b16=667cd4a3448c6f02 len32=1 a32=bec3c41d0fd49020 b32=bec3c41d0fd49020 len128=1 a128=e83eb2cacccb6481 b128=e83eb2cacccb6481
hit worker=0 index=373869479 seed=76e1f98aac2f0600 len16=0 a16=a69e418f713e5f3c b16=04a6acc9b40882a2 len32=1 a32=73a342c7ca8bdd89 b32=73a342c7ca8bdd89 len128=1 a128=45a0a7bdb57e4d06 b128=45a0a7bdb57e4d06
hit worker=0 index=374209564 seed=d5df5073bb702144 len16=0 a16=561f1a283742c36c b16=5b64e781f882c4f6 len32=1 a32=ffdc792cab54990b b32=ffdc792cab54990b len128=1 a128=829227787598574f b128=829227787598574f
hit worker=0 index=375211141 seed=9b7d96586343e19c len16=0 a16=d448696db3abb177 b16=94bba2ac287f3f02 len32=1 a32=b5c896795cb85028 b32=b5c896795cb85028 len128=1 a128=34f5564e5e691b1f b128=34f5564e5e691b1f
hit worker=0 index=378220070 seed=0804441c7be07ab8 len16=0 a16=0b5beddf808f6115 b16=ef5191481dfe0e7d len32=1 a32=cd946453e0cc510f b32=cd946453e0cc510f len128=1 a128=4942c6e8183dc3e5 b128=4942c6e8183dc3e5
hit worker=0 index=381665197 seed=eb609e996c746470 len16=0 a16=dfdb5b150689ea9d b16=f1ccc174b0fd7156 len32=1 a32=0628128b6ee744c6 b32=0628128b6ee744c6 len128=1 a128=4928645c2c1c4b1e b128=4928645c2c1c4b1e
hit worker=0 index=383450598 seed=61b5fe11ad210108 len16=0 a16=a700a271e8606202 b16=5b5ae32c711352d3 len32=1 a32=a71864f9db6028a3 b32=a71864f9db6028a3 len128=1 a128=e327d60eed2c2d8f b128=e327d60eed2c2d8f
hit worker=0 index=385374891 seed=79d1762062e06eae len16=0 a16=32d6bc574e61e3bd b16=ad5d310cbc97d990 len32=1 a32=685b1096954f5768 b32=685b1096954f5768 len128=1 a128=f68d5d9b4ac292b7 b128=f68d5d9b4ac292b7
hit worker=0 index=386023656 seed=e6f9a60606fff31b len16=0 a16=c3b13e1418ddaf57 b16=41e9ff2d41e61155 len32=1 a32=b0b40024130c487d b32=b0b40024130c487d len128=1 a128=58a303e9190b6cf6 b128=58a303e9190b6cf6
hit worker=0 index=392892495 seed=6b458fd9fabcc70b len16=0 a16=e1f9e86559b9f2f0 b16=4634079c1c51b16e len32=1 a32=2f3c7288ecdcc88c b32=2f3c7288ecdcc88c len128=1 a128=2c3aacfbe67ede88 b128=2c3aacfbe67ede88
hit worker=0 index=395475010 seed=4f5ddfa7add78a94 len16=0 a16=ee52031e97697157 b16=cdadf9fefcba1f20 len32=1 a32=c18d106b4cb3a5fd b32=c18d106b4cb3a5fd len128=1 a128=41edb1b6bc386900 b128=41edb1b6bc386900
hit worker=0 index=401096834 seed=8308f8aee74b899b len16=0 a16=469ab37c42760c5b b16=465633bde0727ad6 len32=1 a32=45ec1557eb55d28c b32=45ec1557eb55d28c len128=1 a128=f6d1ec57691a464d b128=f6d1ec57691a464d
hit worker=0 index=402540091 seed=172a9ab13ca46dd7 len16=0 a16=0350fe97178f671d b16=a128f8a73a26583c len32=1 a32=985e51fb1fe00a4e b32=985e51fb1fe00a4e len128=1 a128=e611ffc8dbb686dd b128=e611ffc8dbb686dd
hit worker=0 index=403792133 seed=aa5d3395dbe9181e len16=0 a16=a8afb613818fc2b4 b16=db374d99813735e3 len32=1 a32=5e9f4a557c080357 b32=5e9f4a557c080357 len128=1 a128=193acb067afe92e2 b128=193acb067afe92e2
hit worker=0 index=404864600 seed=c3436da79de0c5d4 len16=0 a16=1909bd45dd633010 b16=f6c60739a409517d len32=1 a32=57c833ed0e849cae b32=57c833ed0e849cae len128=1 a128=711823f080b83b7e b128=711823f080b83b7e
hit worker=0 index=409093233 seed=cca3f688c5ec15ce len16=0 a16=c2e722cbc40ac8a3 b16=4b7e0fb5d1cb8bbb len32=1 a32=e0c432b4e1d402ed b32=e0c432b4e1d402ed len128=1 a128=4bc1b10240b75b3f b128=4bc1b10240b75b3f
hit worker=0 index=412012724 seed=136d54c757003d88 len16=0 a16=a2a4b0aacdfc8390 b16=32434a2ae05103a9 len32=1 a32=24b602665d13634d b32=24b602665d13634d len128=1 a128=6f2820a85438fed6 b128=6f2820a85438fed6
hit worker=0 index=412071279 seed=9bbf74c6c4a45074 len16=0 a16=4cb1f92ba2dee02e b16=2fada35a0badc579 len32=1 a32=a2a3a16e8e070b1a b32=a2a3a16e8e070b1a len128=1 a128=e0e33c542fe50e18 b128=e0e33c542fe50e18
hit worker=0 index=413158727 seed=eb63e40a0295566c len16=0 a16=82f77659d673f0fc b16=43eccfcb858c43d1 len32=1 a32=7ee35f58fb043c3f b32=7ee35f58fb043c3f len128=1 a128=bbb6e7e2eba3b158 b128=bbb6e7e2eba3b158
hit worker=0 index=418859660 seed=4362186f05619f94 len16=0 a16=640fe7afba5f4ba3 b16=213ffb5bc7c6800d len32=1 a32=705db58a4dea492f b32=705db58a4dea492f len128=1 a128=12b343ddcae7bc57 b128=12b343ddcae7bc57
hit worker=0 index=419073666 seed=7fe804fb80dd5844 len16=0 a16=6eec5e8f73dabe80 b16=dd64eccdc10e49c3 len32=1 a32=526b8c2bca607a82 b32=526b8c2bca607a82 len128=1 a128=4e1aedcb677fcf9e b128=4e1aedcb677fcf9e
hit worker=0 index=423385521 seed=cb7975893d53213f len16=0 a16=fafcb342dd27bdbc b16=02bcf3bf723b612e len32=1 a32=d46ccbe366ce5c4f b32=d46ccbe366ce5c4f len128=1 a128=69af04550628e2bc b128=69af04550628e2bc
hit worker=0 index=423673866 seed=538118cd3670d82b len16=0 a16=0a00fd883a89c6b0 b16=554e2b5d34be5318 len32=1 a32=a6ec7674a36ecb2a b32=a6ec7674a36ecb2a len128=1 a128=ba8f1ce27ec2d5e3 b128=ba8f1ce27ec2d5e3
hit worker=0 index=424362059 seed=9ac0314155dc0b7e len16=0 a16=c6936b5c6128bf85 b16=9aa7000352f2013b len32=1 a32=230d34867deb6dd5 b32=230d34867deb6dd5 len128=1 a128=ce8586c8fbee5348 b128=ce8586c8fbee5348
hit worker=0 index=427718871 seed=a9e6225868bb988b len16=0 a16=bf267f04951d5e1b b16=2ae84d6f2f5abe7e len32=1 a32=eb773715214cdd3c b32=eb773715214cdd3c len128=1 a128=56682f59a6dc2c49 b128=56682f59a6dc2c49
hit worker=0 index=428967751 seed=67019af4957a12b8 len16=0 a16=a3f965ca8dcf82e9 b16=965e9ecf2ee942d3 len32=1 a32=170f0afd6a512611 b32=170f0afd6a512611 len128=1 a128=6512884c76706ade b128=6512884c76706ade
hit worker=0 index=429778092 seed=91bfe5893b7f06e2 len16=0 a16=258f9c44dd011671 b16=d6caf34786e39996 len32=1 a32=a411be0087695d71 b32=a411be0087695d71 len128=1 a128=71d532dcceae7bb6 b128=71d532dcceae7bb6
hit worker=0 index=430184874 seed=c77b12b323937543 len16=0 a16=b180179e326cc55a b16=cac8cfed50bb3ad2 len32=1 a32=2f3ff79bbcc8ab40 b32=2f3ff79bbcc8ab40 len128=1 a128=c124f2d67c1f7d3e b128=c124f2d67c1f7d3e
hit worker=0 index=432674338 seed=073de7d9538037b0 len16=0 a16=48d69eeb6c589e0f b16=c2cf38c7464a46ab len32=1 a32=3ba2ce0c6cb53f4d b32=3ba2ce0c6cb53f4d len128=1 a128=b1f9701bf02e149f b128=b1f9701bf02e149f
hit worker=0 index=434300310 seed=a735eaacac5e352b len16=0 a16=8db63cdcebfe2557 b16=fa1615a1030ba874 len32=1 a32=38256b2645231572 b32=38256b2645231572 len128=1 a128=6dcf5d4ed0297940 b128=6dcf5d4ed0297940
hit worker=0 index=440336684 seed=6ac9e4eee4b93304 len16=0 a16=dd8062203ed15ca4 b16=3816f37ad5c10ce0 len32=1 a32=028fb9ca17b32191 b32=028fb9ca17b32191 len128=1 a128=6c0a05e01035546b b128=6c0a05e01035546b
hit worker=0 index=441030567 seed=2f9f86226435b68c len16=0 a16=dc60339c662045b5 b16=5a91053406df1551 len32=1 a32=e96b75a918e055c5 b32=e96b75a918e055c5 len128=1 a128=b178c63530187b2f b128=b178c63530187b2f
hit worker=0 index=444567607 seed=4fdbe6693c5e7ef0 len16=0 a16=9723911f57b6e6cf b16=a62af9d34ac99c07 len32=1 a32=ed97d8311c98257e b32=ed97d8311c98257e len128=1 a128=c12d93b362c08b0e b128=c12d93b362c08b0e
hit worker=0 index=445135230 seed=d7f9bbf0dd7802e8 len16=0 a16=b99898df6d0afbc8 b16=797c6a0f402472c0 len32=1 a32=e45a3a9c294fa974 b32=e45a3a9c294fa974 len128=1 a128=be6a500ff26939a2 b128=be6a500ff26939a2
hit worker=0 index=447151673 seed=03870e77f5551a94 len16=0 a16=1c480955baf80557 b16=30bee4610dd3b13b len32=1 a32=1689a938003f1853 b32=1689a938003f1853 len128=1 a128=d4d0cff0f3695b6c b128=d4d0cff0f3695b6c
hit worker=0 index=448041535 seed=db0185797d382659 len16=0 a16=8c88a3f5b01c2f76 b16=d311a7a0bb9d2829 len32=1 a32=ba7f27f16b1f3cbf b32=ba7f27f16b1f3cbf len128=1 a128=18e03816834296a3 b128=18e03816834296a3
hit worker=0 index=453272607 seed=9b445568143fab00 len16=0 a16=5e222a0596008457 b16=3498a0da3d229c12 len32=1 a32=9a4e1710070bde7d b32=9a4e1710070bde7d len128=1 a128=c1c69fb4827f1b38 b128=c1c69fb4827f1b38
hit worker=0 index=456378935 seed=faf703564727f6ed len16=0 a16=38752a39b316c786 b16=c440b0c6545ed6fd len32=1 a32=f337286ffbd5d272 b32=f337286ffbd5d272 len128=1 a128=f09f517286dd4f72 b128=f09f517286dd4f72
hit worker=0 index=456782050 seed=0537d73d2c7deeac len16=0 a16=28c66a75c5140b3c b16=12b046dbc0dfe165 len32=1 a32=65318f23781a493b b32=65318f23781a493b len128=1 a128=359615d438a1eabd b128=359615d438a1eabd
hit worker=0 index=456943007 seed=044f181b45c418cb len16=0 a16=c0589e6c942cd86c b16=db38143e7cdbe203 len32=1 a32=4adffe9b08bf7464 b32=4adffe9b08bf7464 len128=1 a128=e22c315cdc943d3b b128=e22c315cdc943d3b
hit worker=0 index=462770203 seed=4123de08347e71b4 len16=0 a16=61c2e46a1e4c5673 b16=3b361a6857b26072 len32=1 a32=935c0792325a1b24 b32=935c0792325a1b24 len128=1 a128=d69a0b0a2f31c6ea b128=d69a0b0a2f31c6ea
hit worker=0 index=462880010 seed=5b43f20d45f272c4 len16=0 a16=a26e6dcc84d2dc9e b16=fdf2c5bb0669a27e len32=1 a32=11f6fd795d7f698a b32=11f6fd795d7f698a len128=1 a128=d4d568f4f4dcbbb5 b128=d4d568f4f4dcbbb5
hit worker=0 index=471502844 seed=1b041108ad79e7bc len16=0 a16=87a4add46471dc26 b16=6b98bce9fb4fc742 len32=1 a32=34e52dc5902c9470 b32=34e52dc5902c9470 len128=1 a128=9a7fe8922fe6af78 b128=9a7fe8922fe6af78
hit worker=0 index=473239264 seed=f444098f1575e58c len16=0 a16=48c4c143624bf569 b16=517d8c24f5431644 len32=1 a32=478857af94f166c3 b32=478857af94f166c3 len128=1 a128=23578f36a5accf6b b128=23578f36a5accf6b
hit worker=0 index=473786203 seed=d33d74c8822db6a8 len16=0 a16=a0ff667aca18f821 b16=1105b5b69a12b02c len32=1 a32=17f1e076315c4ee0 b32=17f1e076315c4ee0 len128=1 a128=7e6436b173b339b5 b128=7e6436b173b339b5
hit worker=0 index=474287826 seed=d328401dad3bccf8 len16=0 a16=07718af083189f31 b16=48de74a5c37d0021 len32=1 a32=034be1978fde7cfd b32=034be1978fde7cfd len128=1 a128=30e3fd24d69c46d4 b128=30e3fd24d69c46d4
hit worker=0 index=478032523 seed=db79e4cb33d86ac8 len16=0 a16=539a5cc7b5b3b9e6 b16=761ddf8b11cbcd0b len32=1 a32=5eccbce3890d3048 b32=5eccbce3890d3048 len128=1 a128=81f4b2fb345e6bf1 b128=81f4b2fb345e6bf1
hit worker=0 index=478494066 seed=79dd9c7043f1cda6 len16=0 a16=fd4b8a500684ddc6 b16=197b56dbe18e180f len32=1 a32=d866f9e9fc93a2fc b32=d866f9e9fc93a2fc len128=1 a128=21456f52e3c311f6 b128=21456f52e3c311f6
hit worker=0 index=478844311 seed=9bde3d495df8943c len16=0 a16=2d8b8ea8c3ef4059 b16=9ff12f1ca026f8ee len32=1 a32=ba1ae6ec56e523d6 b32=ba1ae6ec56e523d6 len128=1 a128=be6f5be524159969 b128=be6f5be524159969
hit worker=0 index=479089517 seed=6d4398eb0fe3b13f len16=0 a16=1160e26671c1d77a b16=ee70b79290f21607 len32=1 a32=bb8106328bd836ec b32=bb8106328bd836ec len128=1 a128=621d3710fb8943eb b128=621d3710fb8943eb
hit worker=0 index=479468277 seed=ca63b7912417e549 len16=0 a16=49cc33320101bc57 b16=eb7c23b59f1eed29 len32=1 a32=f9cb61c67261f74f b32=f9cb61c67261f74f len128=1 a128=cff5a6de5d814cc2 b128=cff5a6de5d814cc2
hit worker=0 index=479683462 seed=eb1196c07c78cf3c len16=0 a16=661797421627265f b16=288eeac0fbbfd81d len32=1 a32=15f654ed934896fe b32=15f654ed934896fe len128=1 a128=77e113abd338e4bc b128=77e113abd338e4bc
hit worker=0 index=480496921 seed=92fe16d8cc7d0acd len16=0 a16=b7d7f2103fda7605 b16=14f7f07582385f58 len32=1 a32=4ae7308269f9707e b32=4ae7308269f9707e len128=1 a128=200c30d79518fca2 b128=200c30d79518fca2
hit worker=0 index=482058874 seed=0b9da2c820773c12 len16=0 a16=8a8f49c765c2afab b16=f472c5a5614ebffb len32=1 a32=4d37ff940a555975 b32=4d37ff940a555975 len128=1 a128=2b5dbd83f3210db6 b128=2b5dbd83f3210db6
hit worker=0 index=482138461 seed=19f61543ace9d180 len16=0 a16=6be74e2b59c3e22c b16=99042c986e614d14 len32=1 a32=c283e7c7cd3767e7 b32=c283e7c7cd3767e7 len128=1 a128=f9feeb89ce5c881e b128=f9feeb89ce5c881e
hit worker=0 index=482698665 seed=036b478982d07b38 len16=0 a16=6339df15d899fc55 b16=5bd412105d11cad3 len32=1 a32=e00443629599401a b32=e00443629599401a len128=1 a128=43843a3be096c6b2 b128=43843a3be096c6b2
hit worker=0 index=485318879 seed=0ae42dbabe376343 len16=0 a16=70c83cc37769cb29 b16=b61b6ad3e9face2c len32=1 a32=387f2a673cb23a7c b32=387f2a673cb23a7c len128=1 a128=db6e12468c9d4da5 b128=db6e12468c9d4da5
hit worker=0 index=486072209 seed=e3a68a58e071034c len16=0 a16=12243b2669f372d8 b16=bbf1d19c2f485a16 len32=1 a32=08f251e21a909684 b32=08f251e21a909684 len128=1 a128=b458f7fbd433eb00 b128=b458f7fbd433eb00
hit worker=0 index=486492472 seed=f22c19224abb77d4 len16=0 a16=ee2b53127457d125 b16=1fd17790f4cf2685 len32=1 a32=ac0ee836c1302d74 b32=ac0ee836c1302d74 len128=1 a128=437c5e72b6d05d34 b128=437c5e72b6d05d34
hit worker=0 index=490785511 seed=5b1be8a77633c398 len16=0 a16=a385aa138e8db390 b16=af531112fb17eaca len32=1 a32=1b3e2b5b8e5aa4f9 b32=1b3e2b5b8e5aa4f9 len128=1 a128=f5bfaca41bce53fc b128=f5bfaca41bce53fc
hit worker=0 index=493417831 seed=3aa1bf30b3f3a405 len16=0 a16=8fcd10eadbe2d6ac b16=cbbe4f1a7e3f48cb len32=1 a32=4cfcadf6caa8943f b32=4cfcadf6caa8943f len128=1 a128=cff1be4926eee34a b128=cff1be4926eee34a
hit worker=0 index=498189470 seed=44cfd7222a000608 len16=0 a16=bc4f2bc418855ef0 b16=8f864e23abb6d04a len32=1 a32=f5c18313bde2bf47 b32=f5c18313bde2bf47 len128=1 a128=8360950db3ed478d b128=8360950db3ed478d
hit worker=0 index=500082289 seed=02da1ae8fc1141b3 len16=0 a16=f71548614dd7e785 b16=2e1e2c8413776371 len32=1 a32=1011b042dc6e11bd b32=1011b042dc6e11bd len128=1 a128=7aecb43eb5a33f6c b128=7aecb43eb5a33f6c
hit worker=0 index=501603953 seed=d752360c6777c024 len16=0 a16=cf215af9d2b15394 b16=bf4e39c0f012ac4d len32=1 a32=f10e770ff3d6e155 b32=f10e770ff3d6e155 len128=1 a128=56ff9ce2b3c258ce b128=56ff9ce2b3c258ce
hit worker=0 index=504073483 seed=bae16de134060f7b len16=0 a16=655c2428b52b74de b16=c2d5ee9130c29171 len32=1 a32=3a881b71650bbf32 b32=3a881b71650bbf32 len128=1 a128=44d3f6133200c241 b128=44d3f6133200c241
hit worker=0 index=504739700 seed=69ee52e24b3cc93c len16=0 a16=1d16a82421877e6d b16=665249a7a028cb2e len32=1 a32=d954ddeea00e67ee b32=d954ddeea00e67ee len128=1 a128=b0252ce643fd0691 b128=b0252ce643fd0691
hit worker=0 index=505306523 seed=4b62f7c1046ad19a len16=0 a16=0514796258913650 b16=99d3f4e83222b659 len32=1 a32=17e5fdfd7a461542 b32=17e5fdfd7a461542 len128=1 a128=55e3442eb9989f5c b128=55e3442eb9989f5c
hit worker=0 index=506575929 seed=41834637abfcf218 len16=0 a16=33c23a19f03887f3 b16=d608caecc0e50fbf len32=1 a32=c3d195f3dfa4603d b32=c3d195f3dfa4603d len128=1 a128=243a4bc1c8d68b3b b128=243a4bc1c8d68b3b
hit worker=0 index=508155071 seed=a3b98748b5013427 len16=0 a16=002f30237b376549 b16=40097cca56330412 len32=1 a32=1f762a8935bdc11b b32=1f762a8935bdc11b len128=1 a128=8c154e661a48551a b128=8c154e661a48551a
hit worker=0 index=512982255 seed=e1ebbf9babd9b338 len16=0 a16=6c6d3d5178c2c77b b16=c27e94a52d08b236 len32=1 a32=76758999aa815cc5 b32=76758999aa815cc5 len128=1 a128=869418e5de5b8d83 b128=869418e5de5b8d83
hit worker=0 index=513191459 seed=dade86897bfc43b8 len16=0 a16=a5a7bc2800717674 b16=c01e4d2a53154bdc len32=1 a32=5c324ff79a3d2ef7 b32=5c324ff79a3d2ef7 len128=1 a128=bdec00275939be6c b128=bdec00275939be6c
hit worker=0 index=516814473 seed=c392e9e18e82ad1c len16=0 a16=7cee8c2015247d84 b16=7b32051fb47dd0a1 len32=1 a32=48a0fb4d4d35686c b32=48a0fb4d4d35686c len128=1 a128=3300cf700c7721e5 b128=3300cf700c7721e5
hit worker=0 index=521357360 seed=628143d73e6fbf00 len16=0 a16=07b012b7f4a78475 b16=0351f7cdc22dd541 len32=1 a32=a626c4ead0553ce8 b32=a626c4ead0553ce8 len128=1 a128=a1b935284316031e b128=a1b935284316031e
hit worker=0 index=522029631 seed=77bdc2c63e58b703 len16=0 a16=c8b401cf74e9d958 b16=c01588563392e66a len32=1 a32=c9ba08de0f107728 b32=c9ba08de0f107728 len128=1 a128=0ba076f9b751073e b128=0ba076f9b751073e
hit worker=0 index=526770900 seed=5bfdf647d17cf21e len16=0 a16=248b65270e210c5e b16=a4e42dfad7835f27 len32=1 a32=79a15ab5402ccc9e b32=79a15ab5402ccc9e len128=1 a128=f5427025043d0e14 b128=f5427025043d0e14
hit worker=0 index=527472445 seed=02e20066938f8a92 len16=0 a16=84d0fe0e99b5a011 b16=0e51a80f49015c31 len32=1 a32=3cd2c3a819701b96 b32=3cd2c3a819701b96 len128=1 a128=95ad94498b22280d b128=95ad94498b22280d
hit worker=0 index=529427903 seed=b9ffa6d3a6dcb3fc len16=0 a16=94fd117652cc0496 b16=149b99d2e9d22284 len32=1 a32=4ec1c2df826ab341 b32=4ec1c2df826ab341 len128=1 a128=1d5c93f1ce2c0fc9 b128=1d5c93f1ce2c0fc9
hit worker=0 index=530014967 seed=dd1dfb9f91740214 len16=0 a16=7ef9ef987c62d07e b16=e1cecef4c173acc4 len32=1 a32=a8a07f9e87fa9f81 b32=a8a07f9e87fa9f81 len128=1 a128=a4db390623d82ba7 b128=a4db390623d82ba7
hit worker=0 index=531043439 seed=49c59121d3349c1b len16=0 a16=78d4a4c85e5d20ca b16=a3ad440ad0427ccf len32=1 a32=4a6282787701731f b32=4a6282787701731f len128=1 a128=0d28d292e3aadc88 b128=0d28d292e3aadc88
hit worker=0 index=532653875 seed=4b1eff6ec3bba538 len16=0 a16=ae09252bba9c4f6e b16=43c84bdba088b39a len32=1 a32=34672724e1a53852 b32=34672724e1a53852 len128=1 a128=f761574a5770f807 b128=f761574a5770f807
hit worker=0 index=532983158 seed=a743aa0b042cf069 len16=0 a16=87598501435414b8 b16=9850e82c3bfb5b2e len32=1 a32=4294bcd2bd7234ec b32=4294bcd2bd7234ec len128=1 a128=5c63ae537ffd7976 b128=5c63ae537ffd7976
hit worker=0 index=534927239 seed=79c045c2e4d9a9b4 len16=0 a16=a8fe356802502f51 b16=1fd62c8a80607dbd len32=1 a32=12fbe7f31f38abb4 b32=12fbe7f31f38abb4 len128=1 a128=ea62cb6835cb7e0f b128=ea62cb6835cb7e0f
hit worker=0 index=536376430 seed=a5c805de3f592324 len16=0 a16=979ed83d05637e78 b16=a04c77c795228ff5 len32=1 a32=49cd278670b2be90 b32=49cd278670b2be90 len128=1 a128=fbefaf9a7b1cb382 b128=fbefaf9a7b1cb382
stream worker=1 init=0x2ea4b9a3949020b3 trials=536870912
hit worker=1 index=538785908 seed=cada0e8daba76e78 len16=0 a16=1884f778775277f2 b16=7ebdb3913a3898f5 len32=1 a32=e542f188670444b5 b32=e542f188670444b5 len128=1 a128=3f136663e40d3443 b128=3f136663e40d3443
hit worker=1 index=542986418 seed=13a387be657c297e len16=0 a16=788dee68107fbbee b16=fc02ebc2920c7ec6 len32=1 a32=9b26cb5e4d313a0f b32=9b26cb5e4d313a0f len128=1 a128=dbc79c8b0b546c0c b128=dbc79c8b0b546c0c
hit worker=1 index=545794957 seed=d34f8749e6b41e58 len16=0 a16=7c29dc71f591c726 b16=382bd53d23e4700e len32=1 a32=e8fe907b61273d2f b32=e8fe907b61273d2f len128=1 a128=43ea47f6642efae1 b128=43ea47f6642efae1
hit worker=1 index=548341548 seed=7aed15479bbf0454 len16=0 a16=5e08be7012d9d4b0 b16=edaf3dc336b92168 len32=1 a32=18aaa40e93d2ca46 b32=18aaa40e93d2ca46 len128=1 a128=56304143574903f3 b128=56304143574903f3
hit worker=1 index=550653503 seed=5adfde926f1655e1 len16=0 a16=e85d88b5f637dcc9 b16=a5b1f537bac8ce1e len32=1 a32=9aaa3af1a62af4f9 b32=9aaa3af1a62af4f9 len128=1 a128=d8fea6b552df5fd6 b128=d8fea6b552df5fd6
hit worker=1 index=550849691 seed=d95f36ecc2af1db4 len16=0 a16=42eb9e18d1cae461 b16=ac719f9cc88f6ee0 len32=1 a32=b886b5b822cb9073 b32=b886b5b822cb9073 len128=1 a128=bbba3cc2bc3236f1 b128=bbba3cc2bc3236f1
hit worker=1 index=553094677 seed=074dc29abe872271 len16=0 a16=1d8a0a73976257ee b16=d7c5b3e9a6dd8cc5 len32=1 a32=4adb312f2931026d b32=4adb312f2931026d len128=1 a128=6884c407485ba561 b128=6884c407485ba561
hit worker=1 index=554566899 seed=b3c8ba095ebfea8b len16=0 a16=e8b182028f62f9e2 b16=5b5d07cb2a19d235 len32=1 a32=fe6686b1b6cfda41 b32=fe6686b1b6cfda41 len128=1 a128=3a654a163479c818 b128=3a654a163479c818
hit worker=1 index=555727772 seed=0787741e43e8a30b len16=0 a16=f8dadb85346efcfc b16=b8977f8f18e702ea len32=1 a32=bf6fa5ac98a91b68 b32=bf6fa5ac98a91b68 len128=1 a128=83253ffe86afc1a3 b128=83253ffe86afc1a3
hit worker=1 index=556314947 seed=6f07647a7455582c len16=0 a16=48bf052de701fac9 b16=0c987069feea4520 len32=1 a32=58362868830c6c8b b32=58362868830c6c8b len128=1 a128=934cf64c8f626105 b128=934cf64c8f626105
hit worker=1 index=560000062 seed=420c96b0751bdb2e len16=0 a16=ecdd20dec8ea809e b16=70a4f0674295469d len32=1 a32=519bc2fed9ba5e76 b32=519bc2fed9ba5e76 len128=1 a128=8fbd9235ed8e7af9 b128=8fbd9235ed8e7af9
hit worker=1 index=567562849 seed=0ba00a4bae2bcef4 len16=0 a16=91991166fb4b68b7 b16=4d4e79eb2bb603e3 len32=1 a32=9b40fa4d66e444f1 b32=9b40fa4d66e444f1 len128=1 a128=5d87c027bbcfc5a8 b128=5d87c027bbcfc5a8
hit worker=1 index=567957106 seed=9aeea598e981f91a len16=0 a16=34a1c6d5c5b93007 b16=4f683a9acd7d09b7 len32=1 a32=baf294651cec8089 b32=baf294651cec8089 len128=1 a128=e1631284a1f6e956 b128=e1631284a1f6e956
hit worker=1 index=569478955 seed=a61f6b8e4a7fc927 len16=0 a16=262a1cbc2b611485 b16=9bd997c62fdb9063 len32=1 a32=cbc94e0522303ed1 b32=cbc94e0522303ed1 len128=1 a128=527e73c581d9d345 b128=527e73c581d9d345
hit worker=1 index=571038914 seed=4aede779c325dc33 len16=0 a16=ea3df7046909ddd5 b16=949734758af09da4 len32=1 a32=cab305c810b94979 b32=cab305c810b94979 len128=1 a128=5de1f905d10deb39 b128=5de1f905d10deb39
hit worker=1 index=573488784 seed=3b9300e039bd252c len16=0 a16=d1bf0515f74df4f5 b16=8e4366742023d53d len32=1 a32=e755fceaef71f3f6 b32=e755fceaef71f3f6 len128=1 a128=d1c4f537b947b535 b128=d1c4f537b947b535
hit worker=1 index=575601371 seed=9a137789bd63978b len16=0 a16=d42e1a222f40accf b16=339fab9e80dfcc21 len32=1 a32=9bcda4a1040da4ff b32=9bcda4a1040da4ff len128=1 a128=cca4e81836cca8ad b128=cca4e81836cca8ad
hit worker=1 index=575959851 seed=9a3d7629b89374bc len16=0 a16=5ced1e6fcf004314 b16=b62724f85b8e37b6 len32=1 a32=80a133bb1fa2604c b32=80a133bb1fa2604c len128=1 a128=6c89363bebc3b030 b128=6c89363bebc3b030
hit worker=1 index=577492544 seed=fad2070809978855 len16=0 a16=f65b1763a00584c0 b16=2b8cb386fcb32cc8 len32=1 a32=fa7009930d9f06e8 b32=fa7009930d9f06e8 len128=1 a128=158100693d79f2f0 b128=158100693d79f2f0
hit worker=1 index=578068466 seed=a5beea4c361b2303 len16=0 a16=64b981c4b5d1d652 b16=6cc9e069f07ae233 len32=1 a32=0a33ca4037d7e6d4 b32=0a33ca4037d7e6d4 len128=1 a128=7eaa7b59e3cba652 b128=7eaa7b59e3cba652
hit worker=1 index=578199042 seed=d2e2091dfc3fb6ac len16=0 a16=dd58c934ec4a3d43 b16=fb3932076c0cae4a len32=1 a32=0eb4318bcaa24ecb b32=0eb4318bcaa24ecb len128=1 a128=1caec121c94a9f9e b128=1caec121c94a9f9e
hit worker=1 index=579162107 seed=19e0b7bd460314c4 len16=0 a16=5d6d78398a492e64 b16=83ec7846c9591805 len32=1 a32=048d9fd9d9e0c2cf b32=048d9fd9d9e0c2cf len128=1 a128=306dc0583df2fc15 b128=306dc0583df2fc15
hit worker=1 index=579861365 seed=f33ded8614b3f6ce len16=0 a16=5469a87319baba60 b16=57edbce08a947be7 len32=1 a32=b4040c53da1ea722 b32=b4040c53da1ea722 len128=1 a128=f004586b2bdb9ea9 b128=f004586b2bdb9ea9
hit worker=1 index=584308060 seed=f71e1b5866af17b7 len16=0 a16=67242c4b82c06bc6 b16=532eb555f0d47687 len32=1 a32=04f3da5b7832319f b32=04f3da5b7832319f len128=1 a128=e1c2662f1c131a59 b128=e1c2662f1c131a59
hit worker=1 index=585568893 seed=0375b68e35ffaeea len16=0 a16=5f5eb986ceb342cf b16=77598d84765bec49 len32=1 a32=26a7b23a42b14d5b b32=26a7b23a42b14d5b len128=1 a128=96ba0467b656cf9f b128=96ba0467b656cf9f
hit worker=1 index=585870767 seed=5a9f13922d75d92c len16=0 a16=d5916818fdb45356 b16=1d06124c3bf79e98 len32=1 a32=4f576967401670ee b32=4f576967401670ee len128=1 a128=b6f6b158c35e18a1 b128=b6f6b158c35e18a1
hit worker=1 index=586977647 seed=2167c788aef0dea3 len16=0 a16=a9049ba2499c610f b16=453d6eff0d7f0776 len32=1 a32=3919b1a315c6e4aa b32=3919b1a315c6e4aa len128=1 a128=74f32bf8bc4318c3 b128=74f32bf8bc4318c3
hit worker=1 index=587932088 seed=4bc74d27947b3059 len16=0 a16=c42d94c3a8b564ef b16=84961cc743068214 len32=1 a32=786de48a71a27d13 b32=786de48a71a27d13 len128=1 a128=8bf141e3e92552ab b128=8bf141e3e92552ab
hit worker=1 index=589235661 seed=333de38aa557f068 len16=0 a16=b4e62372bb6eda0b b16=2b6ec39a75b831c6 len32=1 a32=32cb794d6d4a43dc b32=32cb794d6d4a43dc len128=1 a128=8a9eb8658056c1f8 b128=8a9eb8658056c1f8
hit worker=1 index=591716862 seed=492a4c1c19ba3fdd len16=0 a16=51be02473e8247ea b16=e3f4d9c473986655 len32=1 a32=a2341fd25c9390db b32=a2341fd25c9390db len128=1 a128=5e6fe5dc79185239 b128=5e6fe5dc79185239
hit worker=1 index=594589348 seed=e34217b9d77b4c94 len16=0 a16=dbb0d3ea09cb6f53 b16=03b05987e79367ed len32=1 a32=327c1928c7f7f7a7 b32=327c1928c7f7f7a7 len128=1 a128=f66489e0050aa276 b128=f66489e0050aa276
hit worker=1 index=598701627 seed=8b8013daacbf08fe len16=0 a16=caeb1e612fd7ba0e b16=148fc227cf954224 len32=1 a32=f2caeff0a2aedbb3 b32=f2caeff0a2aedbb3 len128=1 a128=98beb5f6ab164106 b128=98beb5f6ab164106
hit worker=1 index=600315120 seed=b73997cab57fd6ee len16=0 a16=1490f154b4a65cbb b16=7dea12d43ff1e6ef len32=1 a32=b3c50159a17e3693 b32=b3c50159a17e3693 len128=1 a128=0656d9b4c599a089 b128=0656d9b4c599a089
hit worker=1 index=602147350 seed=13e1578db87c1f7c len16=0 a16=4dcb79304e5d3215 b16=902f460891a57ab5 len32=1 a32=e8afdae412a88220 b32=e8afdae412a88220 len128=1 a128=5ea97d5341538121 b128=5ea97d5341538121
hit worker=1 index=602336700 seed=3260e410dcff501e len16=0 a16=2b1a9f9df957e3a1 b16=6bbcbe9a9b469183 len32=1 a32=4ddcab757d76fd2e b32=4ddcab757d76fd2e len128=1 a128=d64d66f02865fb3f b128=d64d66f02865fb3f
hit worker=1 index=602582611 seed=fb23398f6c7bad1d len16=0 a16=69af6a07132907d8 b16=ec00a45859c2fb08 len32=1 a32=4e3773750fc53501 b32=4e3773750fc53501 len128=1 a128=08fdcf5dd25fc825 b128=08fdcf5dd25fc825
hit worker=1 index=605020382 seed=937e42e28938f34a len16=0 a16=e21d1b9bd209a5db b16=9f97e4c3a6b85caf len32=1 a32=af5c30acbfd0d6f7 b32=af5c30acbfd0d6f7 len128=1 a128=bc9c9faeb3876d25 b128=bc9c9faeb3876d25
hit worker=1 index=607362703 seed=1ba08611e95e87e9 len16=0 a16=3155beb4296f968e b16=3d93d5cf46544773 len32=1 a32=42f904ea3625d408 b32=42f904ea3625d408 len128=1 a128=2fa4a8d569624300 b128=2fa4a8d569624300
hit worker=1 index=609295936 seed=db139259bc7cfd14 len16=0 a16=480a7ea13e5db9d3 b16=e31d5cbf8c30d9e3 len32=1 a32=13a697b6dd133e47 b32=13a697b6dd133e47 len128=1 a128=a3f03423719b36b2 b128=a3f03423719b36b2
hit worker=1 index=610995375 seed=943fe747563df4ac len16=0 a16=5bd15cde523ea49a b16=918c056c3a8e7a5c len32=1 a32=e599361317208a25 b32=e599361317208a25 len128=1 a128=3dd63e0548e1f43f b128=3dd63e0548e1f43f
hit worker=1 index=613494083 seed=647df369eccc20dc len16=0 a16=4b35632a2c0717a4 b16=a0fac68e4db34ad6 len32=1 a32=f81e8a9ab8050306 b32=f81e8a9ab8050306 len128=1 a128=edd9ee6deecffe6d b128=edd9ee6deecffe6d
hit worker=1 index=613501351 seed=efb7fb08bbb2a6b4 len16=0 a16=90d1d88bd28c6c88 b16=535bc45bafe701e4 len32=1 a32=03e5a3786f7fbfe5 b32=03e5a3786f7fbfe5 len128=1 a128=fc360d0e086362b0 b128=fc360d0e086362b0
hit worker=1 index=616781139 seed=9b818f6641dfeabf len16=0 a16=f149e561d9b32c72 b16=ef38acebf72ed11a len32=1 a32=edc96c7c8375383d b32=edc96c7c8375383d len128=1 a128=acedfb87d54f24b2 b128=acedfb87d54f24b2
hit worker=1 index=617854904 seed=b4bee7b89f34f73c len16=0 a16=b3285334ba434372 b16=c5997bfa65ab97b8 len32=1 a32=5448bd2389d62262 b32=5448bd2389d62262 len128=1 a128=6d75378139bd38d1 b128=6d75378139bd38d1
hit worker=1 index=617960331 seed=4a60208e137e2746 len16=0 a16=e96483cf06c6520f b16=03e57059a4d49d9a len32=1 a32=f99c83ebbe63802a b32=f99c83ebbe63802a len128=1 a128=7e7df2bdd788ef65 b128=7e7df2bdd788ef65
hit worker=1 index=620368457 seed=5ba3f48a74403df7 len16=0 a16=a590d89672f6e497 b16=1bc72cd963146807 len32=1 a32=5a4db0ec5a7a0d0c b32=5a4db0ec5a7a0d0c len128=1 a128=8ec340737018538a b128=8ec340737018538a
hit worker=1 index=623914488 seed=5c43961ab0094d2c len16=0 a16=97e62db40679454d b16=1987197c5757695e len32=1 a32=7683e3c83fa5b5b3 b32=7683e3c83fa5b5b3 len128=1 a128=183c04ea8e01318b b128=183c04ea8e01318b
hit worker=1 index=625644084 seed=4b8407facb9c1ad0 len16=0 a16=cb24bf4e00afc266 b16=76d6b7f3fed4fc80 len32=1 a32=6007961217e7825b b32=6007961217e7825b len128=1 a128=037fbab7c3c54670 b128=037fbab7c3c54670
hit worker=1 index=627387055 seed=c3181f2e2e179ce8 len16=0 a16=91771f19fd9f3838 b16=af35bed1ceb828c5 len32=1 a32=6981814b7b3fe5cc b32=6981814b7b3fe5cc len128=1 a128=b2b58588aa49a7f6 b128=b2b58588aa49a7f6
hit worker=1 index=629317016 seed=03c45a89766e98c0 len16=0 a16=147652455f0f148f b16=2a05d79dc6ffc7fd len32=1 a32=a086a876be28b91b b32=a086a876be28b91b len128=1 a128=355256b9a1df1e77 b128=355256b9a1df1e77
hit worker=1 index=632167651 seed=02cf13e954fe636c len16=0 a16=ffa6c220c017d938 b16=7553d42136f09833 len32=1 a32=62fd11bf9b89b767 b32=62fd11bf9b89b767 len128=1 a128=87c60b751af47a0e b128=87c60b751af47a0e
hit worker=1 index=632657089 seed=e42174f9ce6c02bc len16=0 a16=20835905f6830737 b16=36a5e507a9d460d5 len32=1 a32=e08d25558cad7da1 b32=e08d25558cad7da1 len128=1 a128=48af035a78022fc4 b128=48af035a78022fc4
hit worker=1 index=634739775 seed=16fdf6f8badb1380 len16=0 a16=3a2e0976ad43b91f b16=b274029123d91c2e len32=1 a32=f935529b99ef7594 b32=f935529b99ef7594 len128=1 a128=862efbda4c708f78 b128=862efbda4c708f78
hit worker=1 index=634972610 seed=953f831ed2f8879c len16=0 a16=bf6b9b0fdb681fda b16=89b3c9e82d37d4e1 len32=1 a32=30d1bd4935ccaf00 b32=30d1bd4935ccaf00 len128=1 a128=83f9fdc8daa26b1b b128=83f9fdc8daa26b1b
hit worker=1 index=640705165 seed=0b602e45c2189f8b len16=0 a16=5e80bce50684e0db b16=be1862158aeaa2bb len32=1 a32=f1f392c6c072c1d0 b32=f1f392c6c072c1d0 len128=1 a128=e5fa17e5326c179e b128=e5fa17e5326c179e
hit worker=1 index=641883506 seed=0362e6306d6046c0 len16=0 a16=a2ed6b329c422a08 b16=5cb169bc4cc04755 len32=1 a32=baf67944a716ea0f b32=baf67944a716ea0f len128=1 a128=4be42098b6163697 b128=4be42098b6163697
hit worker=1 index=644393592 seed=a53de7c977562c12 len16=0 a16=5370f35bc8fb63b9 b16=14807be6fc646470 len32=1 a32=8aef31dae9bb4ddb b32=8aef31dae9bb4ddb len128=1 a128=5af6aaf563f092a2 b128=5af6aaf563f092a2
hit worker=1 index=645379738 seed=02b946e1ac9b6ba0 len16=0 a16=58e0296b86fe6b75 b16=cb40a9767c868ec3 len32=1 a32=c774f04092035093 b32=c774f04092035093 len128=1 a128=a79e2439cd045186 b128=a79e2439cd045186
hit worker=1 index=648134772 seed=f38377dc8544dc6e len16=0 a16=4ae5bdc9f5179a9d b16=d7a096891e6ecb5c len32=1 a32=3ce8a9bb3320aa34 b32=3ce8a9bb3320aa34 len128=1 a128=355dbed6891bab4c b128=355dbed6891bab4c
hit worker=1 index=648655448 seed=ac820b753d964f93 len16=0 a16=7e9fed555b864f15 b16=dced9a74b0c88426 len32=1 a32=a387e0492e4ecccf b32=a387e0492e4ecccf len128=1 a128=20d5a46e390ba7f5 b128=20d5a46e390ba7f5
hit worker=1 index=650681713 seed=5cda7b86b400a5fb len16=0 a16=bd2f79f0e2ed7168 b16=69848fc45927b332 len32=1 a32=39fd077d859afb72 b32=39fd077d859afb72 len128=1 a128=bbf5cdca47c1403f b128=bbf5cdca47c1403f
hit worker=1 index=651251549 seed=06d7f76d8cdc1414 len16=0 a16=2dd9c11fd4ab6b0f b16=d9a8423b2f82de88 len32=1 a32=77854648ccb09eb4 b32=77854648ccb09eb4 len128=1 a128=467ed574c52d4477 b128=467ed574c52d4477
hit worker=1 index=651833207 seed=8aff6b2213a9f13d len16=0 a16=c1b3602ebe43463b b16=ee7671f6a0bbf651 len32=1 a32=f384a7a9b18f5690 b32=f384a7a9b18f5690 len128=1 a128=c9626c201015c0b9 b128=c9626c201015c0b9
hit worker=1 index=654310706 seed=533de9e903f495b4 len16=0 a16=e0f4241898f6b61c b16=0464ca23d2fb3f4f len32=1 a32=94cf1ef1c5278d3f b32=94cf1ef1c5278d3f len128=1 a128=3a32480e271377af b128=3a32480e271377af
hit worker=1 index=654812973 seed=9522150633964a27 len16=0 a16=166d8663b472d39d b16=75a92a7498146d6b len32=1 a32=488ac8d90d239e11 b32=488ac8d90d239e11 len128=1 a128=a94f28f74f1b86af b128=a94f28f74f1b86af
hit worker=1 index=656596250 seed=c1e402f9a3af1bc4 len16=0 a16=d2350ec9fc77ba56 b16=a6f08fb9ce1a1afb len32=1 a32=b5aa8c7b8f8aa745 b32=b5aa8c7b8f8aa745 len128=1 a128=32af5aa3e0472319 b128=32af5aa3e0472319
hit worker=1 index=656839423 seed=136d9970bb1e3c9c len16=0 a16=7f05ae6775b68ab1 b16=8687d28ce9ed4549 len32=1 a32=aa0dd56d3168cdf0 b32=aa0dd56d3168cdf0 len128=1 a128=5da8b6a4d946c4bc b128=5da8b6a4d946c4bc
hit worker=1 index=657454442 seed=43fff527d21bd9c4 len16=0 a16=6489829feb7ee9f4 b16=c58b4d6ae0c8abc9 len32=1 a32=3bb6155dee8cb1fa b32=3bb6155dee8cb1fa len128=1 a128=c4e212b389672038 b128=c4e212b389672038
hit worker=1 index=659398070 seed=139dc6ad1b64fd03 len16=0 a16=3c3ceed6840a1157 b16=3aa9b79baf67c3f5 len32=1 a32=67f15587844ef4a7 b32=67f15587844ef4a7 len128=1 a128=60b9ddcceaed3aaf b128=60b9ddcceaed3aaf
hit worker=1 index=665789639 seed=71f7e7ad20f7cacc len16=0 a16=3d3fc6f5cad8f959 b16=9ebe6b9baa112df8 len32=1 a32=035dcae284ebef6d b32=035dcae284ebef6d len128=1 a128=026cbe9e10094729 b128=026cbe9e10094729
hit worker=1 index=667612681 seed=dba2f7d95ba8ccb8 len16=0 a16=350de36d0f4e8831 b16=c4f32f5f3079456d len32=1 a32=3623947bbd960769 b32=3623947bbd960769 len128=1 a128=df6bc066f0eff249 b128=df6bc066f0eff249
hit worker=1 index=668080300 seed=5b19e4b97f20f51e len16=0 a16=c00fd3331ebb6c8c b16=f788e14894c3cc32 len32=1 a32=0f132b57c61d5b94 b32=0f132b57c61d5b94 len128=1 a128=fa54ad0139f10937 b128=fa54ad0139f10937
hit worker=1 index=668831882 seed=6b8f3c88a55893b2 len16=0 a16=97dceb47e2681422 b16=d1900447b859d8fe len32=1 a32=4eafdace2edf0c6a b32=4eafdace2edf0c6a len128=1 a128=0809ee7929251edc b128=0809ee7929251edc
hit worker=1 index=670082227 seed=a35d736acd053021 len16=0 a16=037c1aa862589a20 b16=1add6e7746cbeb61 len32=1 a32=15ec6e884fafb78e b32=15ec6e884fafb78e len128=1 a128=f4179165de06114b b128=f4179165de06114b
hit worker=1 index=673913332 seed=031d66e584b99c55 len16=0 a16=80042a83340d61a5 b16=b0c31afcdbe4492f len32=1 a32=dd48fec562b498f6 b32=dd48fec562b498f6 len128=1 a128=0ac6b145135cdf17 b128=0ac6b145135cdf17
hit worker=1 index=674259456 seed=9327932ef6942dfe len16=0 a16=8fb57e97cc6c4c5a b16=7f246fcdab61e6fc len32=1 a32=dda5049f3e038bf8 b32=dda5049f3e038bf8 len128=1 a128=5d786eb86ea1dd8d b128=5d786eb86ea1dd8d
hit worker=1 index=674828148 seed=0a630658456319a8 len16=0 a16=0fa84d77c4668881 b16=7921da0d596ab0ed len32=1 a32=3584cc9d66ce5125 b32=3584cc9d66ce5125 len128=1 a128=b62c20b7d4d9f282 b128=b62c20b7d4d9f282
hit worker=1 index=677481547 seed=3c824ba5f75571a2 len16=0 a16=8215b4d8b210410c b16=5ce913a7fbfbad21 len32=1 a32=a8e714f99b1ec94e b32=a8e714f99b1ec94e len128=1 a128=228fa267431dab62 b128=228fa267431dab62
hit worker=1 index=677489282 seed=0a03741f2af0d734 len16=0 a16=79a1cf53eb86afae b16=3974fdd7a3ccc252 len32=1 a32=3049c710f0b65484 b32=3049c710f0b65484 len128=1 a128=88595c7540ed4075 b128=88595c7540ed4075
hit worker=1 index=681698810 seed=c70c197416608bd4 len16=0 a16=0d21fed8c3305137 b16=ded87375f7a3e035 len32=1 a32=27b97e5962c4cf70 b32=27b97e5962c4cf70 len128=1 a128=96d052f8188df11b b128=96d052f8188df11b
hit worker=1 index=681912414 seed=c0cfb427ab9d71c0 len16=0 a16=e03ea176891a2f25 b16=d4e862c8f66a3efc len32=1 a32=47443438b7706bd4 b32=47443438b7706bd4 len128=1 a128=7e57954f72b94ff1 b128=7e57954f72b94ff1
hit worker=1 index=683385264 seed=16bbff8b3a7efba0 len16=0 a16=e503edcfff314cca b16=d88567034e41a0cf len32=1 a32=66a7ef3b54b2e2aa b32=66a7ef3b54b2e2aa len128=1 a128=2cd3ed056dee073a b128=2cd3ed056dee073a
hit worker=1 index=685438999 seed=7b40e94a567474d8 len16=0 a16=72d7a079fbc6b68b b16=b23a8124cf0e064c len32=1 a32=d1d11e15427a0027 b32=d1d11e15427a0027 len128=1 a128=ea8d65586bfc7964 b128=ea8d65586bfc7964
hit worker=1 index=685480308 seed=db3f78f3706083cd len16=0 a16=a87e29ece11c04b2 b16=8afe5d591e903de4 len32=1 a32=e3dc2f61f5e37259 b32=e3dc2f61f5e37259 len128=1 a128=bca5fe0e7e1dc6b0 b128=bca5fe0e7e1dc6b0
hit worker=1 index=688966145 seed=92dd5f6cb6ec1a8b len16=0 a16=12684575a0fd82b3 b16=3c27de812ae81905 len32=1 a32=38938d55768fdb2c b32=38938d55768fdb2c len128=1 a128=b463bb86853d7c3e b128=b463bb86853d7c3e
hit worker=1 index=689661714 seed=31e36d21c331a8b4 len16=0 a16=d905a767c7e6a931 b16=91a23e36e4b3070f len32=1 a32=5b557d19a62208f2 b32=5b557d19a62208f2 len128=1 a128=6bd957d5a0e7e11c b128=6bd957d5a0e7e11c
hit worker=1 index=691400970 seed=9a9117b9b6893e34 len16=0 a16=217e2a1eefd8d75e b16=ba6cf8379e8633c1 len32=1 a32=a89e2c4202f05baa b32=a89e2c4202f05baa len128=1 a128=78ebf2f96d994d86 b128=78ebf2f96d994d86
hit worker=1 index=691686831 seed=edf64f74ac9858a2 len16=0 a16=04431d8d37bb6cbc b16=bac2d2b527e6f9e2 len32=1 a32=b9e25e7f70cb4c5b b32=b9e25e7f70cb4c5b len128=1 a128=0b5df8cbf130d15f b128=0b5df8cbf130d15f
hit worker=1 index=697452814 seed=367c36f1004672cb len16=0 a16=95f1c8bca4b1e24e b16=de51910f24220672 len32=1 a32=5e1f9db2def09adb b32=5e1f9db2def09adb len128=1 a128=a72543e7d43ad227 b128=a72543e7d43ad227
hit worker=1 index=698333357 seed=17943b41ce5765eb len16=0 a16=8a51ea129abb019e b16=4cbc801bc4646bac len32=1 a32=aa3c6e8eb442d20d b32=aa3c6e8eb442d20d len128=1 a128=a7aa23602238e026 b128=a7aa23602238e026
hit worker=1 index=705242108 seed=faf62ca31c2aa3b0 len16=0 a16=4aa78816a7b38f6f b16=0590fe213b85c344 len32=1 a32=ed6cd0e38a05ea2b b32=ed6cd0e38a05ea2b len128=1 a128=eff49c30971c8326 b128=eff49c30971c8326
hit worker=1 index=707413214 seed=5049deeecd2f2314 len16=0 a16=22d67075e37dc5c8 b16=d9c5120359e2530a len32=1 a32=bba24730467406c8 b32=bba24730467406c8 len128=1 a128=ad716cca4660e586 b128=ad716cca4660e586
hit worker=1 index=707928531 seed=6b8d62af86426318 len16=0 a16=0a6ef22a64d9ca9c b16=9d59ddd1d65bc862 len32=1 a32=2f9dc8b3a87dacfa b32=2f9dc8b3a87dacfa len128=1 a128=e83488e137a1c249 b128=e83488e137a1c249
hit worker=1 index=708090771 seed=d0de7bc8bd1ce688 len16=0 a16=3e55947cae70807d b16=b20554c8d00ddb97 len32=1 a32=508218b175f45499 b32=508218b175f45499 len128=1 a128=19cc88eb6edeb7c0 b128=19cc88eb6edeb7c0
hit worker=1 index=708197410 seed=da5268a731215f33 len16=0 a16=6944d7f4c7b19495 b16=4502d90c816d82c9 len32=1 a32=89c6a9d650e56f85 b32=89c6a9d650e56f85 len128=1 a128=5b0dcdc3c9d8b887 b128=5b0dcdc3c9d8b887
hit worker=1 index=709233218 seed=f37f1a595ab2f40b len16=0 a16=17c16d7df1b3290d b16=0b337cf8cb2da00d len32=1 a32=7a920f33299a4aa0 b32=7a920f33299a4aa0 len128=1 a128=d540812e8cf655c4 b128=d540812e8cf655c4
hit worker=1 index=709727016 seed=53aa85ab08bdd54e len16=0 a16=df0a0e281582e643 b16=c41ff0c561220531 len32=1 a32=bf454ba0068d69ad b32=bf454ba0068d69ad len128=1 a128=a5dbfa5eb0efac8f b128=a5dbfa5eb0efac8f
hit worker=1 index=716470164 seed=030ddcca4758c0c1 len16=0 a16=4b6590809eb53788 b16=9f5510756dc09444 len32=1 a32=578dbb527b010eaf b32=578dbb527b010eaf len128=1 a128=360e744de012a153 b128=360e744de012a153
hit worker=1 index=718774127 seed=7514290cd4efc40b len16=0 a16=fa531038f696daa6 b16=805bc86a9b643776 len32=1 a32=7261d7a8e91d890f b32=7261d7a8e91d890f len128=1 a128=3bb0e68befb0e108 b128=3bb0e68befb0e108
hit worker=1 index=720718964 seed=9a01f948fd34353f len16=0 a16=8c81c4cd62ff96d8 b16=3a7b1d1c18cc2e79 len32=1 a32=f681fe8ee018902b b32=f681fe8ee018902b len128=1 a128=5609bfe9d4f0d79c b128=5609bfe9d4f0d79c
hit worker=1 index=731564208 seed=09c3905c630d057a len16=0 a16=006f1536fa4865e5 b16=aa1b2913dc3cba58 len32=1 a32=63f5097104e49807 b32=63f5097104e49807 len128=1 a128=3629aaa0d8847d20 b128=3629aaa0d8847d20
hit worker=1 index=735587631 seed=69f3e62ac6798408 len16=0 a16=9ac5772c1418c4e6 b16=9d7ae0aa27ef9b8e len32=1 a32=0831acc1f19033f9 b32=0831acc1f19033f9 len128=1 a128=ad418bd791e2aa3e b128=ad418bd791e2aa3e
hit worker=1 index=743871955 seed=c55d0788ba989ba7 len16=0 a16=41da65103e005bb5 b16=44a97c7211c3a682 len32=1 a32=5e4e73f63c4067e0 b32=5e4e73f63c4067e0 len128=1 a128=dca875a04419012e b128=dca875a04419012e
hit worker=1 index=747024129 seed=0b62a78ac4b347ca len16=0 a16=6d3b0ea33cc2d40c b16=77da60725c8b0ba4 len32=1 a32=1b753a46d98c1fc6 b32=1b753a46d98c1fc6 len128=1 a128=dd76fcd2fb7a36b3 b128=dd76fcd2fb7a36b3
hit worker=1 index=747765999 seed=99f9f6ee3c9eecb4 len16=0 a16=3eb8d0a4ac7ee7a5 b16=9568aae44556f0b9 len32=1 a32=c10e8e4090e16d96 b32=c10e8e4090e16d96 len128=1 a128=3791ac92e5ecece7 b128=3791ac92e5ecece7
hit worker=1 index=748043899 seed=dc55f488e67ba7b6 len16=0 a16=3f762d696c7997c6 b16=cc37726c5673f859 len32=1 a32=e63009c8b8601b5b b32=e63009c8b8601b5b len128=1 a128=f824281edf0cf642 b128=f824281edf0cf642
hit worker=1 index=749745030 seed=45715d07959feebc len16=0 a16=3cdb2a245236353e b16=9a0335e5667646f5 len32=1 a32=a03c2c1670dd43d1 b32=a03c2c1670dd43d1 len128=1 a128=fc03b552ef49f162 b128=fc03b552ef49f162
hit worker=1 index=749805858 seed=5a876180fd979520 len16=0 a16=2b8428a592193a4f b16=d6c980b38f35a479 len32=1 a32=78b62f0cf47d007f b32=78b62f0cf47d007f len128=1 a128=0a0c09169c756159 b128=0a0c09169c756159
hit worker=1 index=750511357 seed=7a7576ecb6438c2e len16=0 a16=048c74ad9613c21e b16=cb6720a64897a6ba len32=1 a32=b0ef2682b6bb700e b32=b0ef2682b6bb700e len128=1 a128=b75ae0ee6cc930a2 b128=b75ae0ee6cc930a2
hit worker=1 index=757629751 seed=1ae5ecf245f7e616 len16=0 a16=a4cec27fb2dba74d b16=a40aa13171a39698 len32=1 a32=845aaffabf0fd672 b32=845aaffabf0fd672 len128=1 a128=5b307cc0a0b20136 b128=5b307cc0a0b20136
hit worker=1 index=758507812 seed=4a20094b89b5c1fb len16=0 a16=7cfe7c4d0b40eda0 b16=18909f58bb14d68e len32=1 a32=79a726e6edfc5c5d b32=79a726e6edfc5c5d len128=1 a128=80323eb0a46b7b72 b128=80323eb0a46b7b72
hit worker=1 index=759246114 seed=c2e3e5f96a57d438 len16=0 a16=dbc15be757ed327c b16=af0460029247b697 len32=1 a32=94bbf06a94289399 b32=94bbf06a94289399 len128=1 a128=1956886c87fca4d4 b128=1956886c87fca4d4
hit worker=1 index=760781785 seed=9a836466b8198880 len16=0 a16=89bcacb023612a92 b16=3074cad78f890f72 len32=1 a32=f4e825efb5886b4e b32=f4e825efb5886b4e len128=1 a128=468d5e821236c48d b128=468d5e821236c48d
hit worker=1 index=764149528 seed=4b0587caa777d617 len16=0 a16=d3becb2d84a5912b b16=c6f079a6616f408a len32=1 a32=f0dbb17166cf8b78 b32=f0dbb17166cf8b78 len128=1 a128=9848e60769c035d9 b128=9848e60769c035d9
hit worker=1 index=768222933 seed=0ff69214b25f369f len16=0 a16=867ee5085151c693 b16=4ed5bb49a10cc04e len32=1 a32=476600c2a573d9ec b32=476600c2a573d9ec len128=1 a128=72e1aebd4c826b5c b128=72e1aebd4c826b5c
hit worker=1 index=774890230 seed=15a408a89d53323c len16=0 a16=30a0c8bad70c2af2 b16=a3968eeb15758e89 len32=1 a32=eb427427ba1a162b b32=eb427427ba1a162b len128=1 a128=d67350d227d9d9f0 b128=d67350d227d9d9f0
hit worker=1 index=775102568 seed=591f440c47789dc8 len16=0 a16=ee31d3905d8e9656 b16=79d6ac0953077ea4 len32=1 a32=c4a2a823983d1049 b32=c4a2a823983d1049 len128=1 a128=eabc4d5175584cbf b128=eabc4d5175584cbf
hit worker=1 index=779578698 seed=12be06f245ac33e3 len16=0 a16=bdd6bc704467666b b16=910f2652f9c67e80 len32=1 a32=0576176e018c4780 b32=0576176e018c4780 len128=1 a128=385b8774a4238bb7 b128=385b8774a4238bb7
hit worker=1 index=781324241 seed=0b836768bfd6189e len16=0 a16=0ba9a7e03adef0ce b16=9f0858da7caf7f65 len32=1 a32=033c8ed2a40f06c4 b32=033c8ed2a40f06c4 len128=1 a128=499803680b0dd8ce b128=499803680b0dd8ce
hit worker=1 index=786955246 seed=9b645e680e74ced4 len16=0 a16=cd5570953dce2c8e b16=85a9979a0e49135d len32=1 a32=cc41b5bcbdfd3b34 b32=cc41b5bcbdfd3b34 len128=1 a128=2aae49117429c54f b128=2aae49117429c54f
hit worker=1 index=788044591 seed=c5215f81b48a2181 len16=0 a16=ad81984d37aca302 b16=21c9a740ae39b6f6 len32=1 a32=18b7e180a7d60431 b32=18b7e180a7d60431 len128=1 a128=82115cd86983a395 b128=82115cd86983a395
hit worker=1 index=790321472 seed=08a29619a3e73fac len16=0 a16=1922956745b7823e b16=701b32fd6ea60f24 len32=1 a32=c3a3ab38e0f5755d b32=c3a3ab38e0f5755d len128=1 a128=7c92fe6faedf17c5 b128=7c92fe6faedf17c5
hit worker=1 index=791647962 seed=f1b7efaa2b6d42de len16=0 a16=d2f54d29985729c5 b16=221cdc8c65ecc532 len32=1 a32=b079cd7eaa8226dc b32=b079cd7eaa8226dc len128=1 a128=b457b7989c69169d b128=b457b7989c69169d
hit worker=1 index=791892616 seed=c03ff51d9f336e38 len16=0 a16=c0384c742f97f7be b16=1a0231d46d4f1b34 len32=1 a32=3523b7b17cca4d2d b32=3523b7b17cca4d2d len128=1 a128=f847dea6d035fe19 b128=f847dea6d035fe19
hit worker=1 index=793004216 seed=4450136bbcb02b5b len16=0 a16=1f6e19388956feea b16=2f2c616797c5e7b6 len32=1 a32=7d1126a0b797bb9c b32=7d1126a0b797bb9c len128=1 a128=e92f80c10cfad5aa b128=e92f80c10cfad5aa
hit worker=1 index=796170371 seed=b26bd8b7eb403e44 len16=0 a16=ea2763b233317efd b16=1869d2722ddbd4aa len32=1 a32=d79163d8df807f9e b32=d79163d8df807f9e len128=1 a128=70df9fd5716b7fab b128=70df9fd5716b7fab
hit worker=1 index=796979036 seed=1b1df7a23fbbbde6 len16=0 a16=3ae73de463b562cf b16=6a6b4cfc65613a5a len32=1 a32=41923ef4fecc9104 b32=41923ef4fecc9104 len128=1 a128=e160b6bac981dde8 b128=e160b6bac981dde8
hit worker=1 index=797270031 seed=bf36f4b5a6da042e len16=0 a16=9c11aed735182d17 b16=e9793cd36b6ee2a3 len32=1 a32=bd6e85703bda3751 b32=bd6e85703bda3751 len128=1 a128=e8116ed9a6694916 b128=e8116ed9a6694916
hit worker=1 index=798739163 seed=6a3d879eda53726b len16=0 a16=209ee82e28a91d89 b16=e6dff0e0aa7018a4 len32=1 a32=122911b504e2366d b32=122911b504e2366d len128=1 a128=455fc30c7fb86157 b128=455fc30c7fb86157
hit worker=1 index=799778386 seed=0a5ac37da55c21fe len16=0 a16=c2ce1cdd7eb0d21d b16=5f89cdb867e46001 len32=1 a32=30f0907dab2f1a49 b32=30f0907dab2f1a49 len128=1 a128=3903f08076cf050c b128=3903f08076cf050c
hit worker=1 index=801774492 seed=0c3fad9648df2bfe len16=0 a16=6e584212a2e4a5f4 b16=3f9e6bd4a171abc4 len32=1 a32=e99d1f17c9ba2a03 b32=e99d1f17c9ba2a03 len128=1 a128=6e5b2c99581861a8 b128=6e5b2c99581861a8
hit worker=1 index=803979556 seed=eae93ae64377c5fe len16=0 a16=a937648d6e3e96dd b16=0b9ac42e21563c77 len32=1 a32=bc0cd4118a6e8c93 b32=bc0cd4118a6e8c93 len128=1 a128=a00feee171bcd6ba b128=a00feee171bcd6ba
hit worker=1 index=804957024 seed=d7fd72277ce084cb len16=0 a16=37d65872cd7dff56 b16=a93b8b4658b195ba len32=1 a32=81809a63c99630aa b32=81809a63c99630aa len128=1 a128=6bcda1259d623ba7 b128=6bcda1259d623ba7
hit worker=1 index=805262273 seed=f2b170341e058517 len16=0 a16=a8190dead1c3908b b16=0f80178446302b7a len32=1 a32=b616e7b3e6b1712f b32=b616e7b3e6b1712f len128=1 a128=1c3d8dab95b2d9a6 b128=1c3d8dab95b2d9a6
hit worker=1 index=805738791 seed=43af8e654a3be094 len16=0 a16=ce4ba2201d42b3fd b16=1cff08e6cca82945 len32=1 a32=6ed872804fdd3a2a b32=6ed872804fdd3a2a len128=1 a128=68f9b5559cc97866 b128=68f9b5559cc97866
hit worker=1 index=806711211 seed=c3d971e0e89767a0 len16=0 a16=20df0b5b55aabb68 b16=d8c9f9e465c4ef1d len32=1 a32=0eeb3c92c4491bd9 b32=0eeb3c92c4491bd9 len128=1 a128=7cd8d4ddefbd9aee b128=7cd8d4ddefbd9aee
hit worker=1 index=809261199 seed=5ae39175b6c85ebc len16=0 a16=03f1a024faca4688 b16=b79c53013b76017e len32=1 a32=573baf10577abbc6 b32=573baf10577abbc6 len128=1 a128=19a19ba8ae44d171 b128=19a19ba8ae44d171
hit worker=1 index=809302679 seed=931d9d42f4a52ab0 len16=0 a16=a0cce5114f4fc965 b16=a03f69ae7e52a2e0 len32=1 a32=0ce6c81b46e12294 b32=0ce6c81b46e12294 len128=1 a128=f2773eaa3379df71 b128=f2773eaa3379df71
hit worker=1 index=809432431 seed=92e3fc7febf9a8c3 len16=0 a16=356e22cd66f594a2 b16=0e8b366d734b1c5e len32=1 a32=eb72c0c213b6381d b32=eb72c0c213b6381d len128=1 a128=daa0b07123a3277a b128=daa0b07123a3277a
hit worker=1 index=816089229 seed=942dfccb47a3681e len16=0 a16=bf7cb92b817b5e6f b16=6b99e630d838057b len32=1 a32=e35c1e0816f872c5 b32=e35c1e0816f872c5 len128=1 a128=3533b39e9a8dd53a b128=3533b39e9a8dd53a
hit worker=1 index=818003625 seed=8b8216e4bd9bf41c len16=0 a16=41fecd8a470e22cc b16=1528b2f24db48ea1 len32=1 a32=42ca1a9e20e148a6 b32=42ca1a9e20e148a6 len128=1 a128=38e6f70c11e34e61 b128=38e6f70c11e34e61
hit worker=1 index=819498993 seed=135f901e360d6fc9 len16=0 a16=dd23c273a85a4c8c b16=e2c068f8c8b3129a len32=1 a32=717fa20c3bc64c00 b32=717fa20c3bc64c00 len128=1 a128=003eda476790657d b128=003eda476790657d
hit worker=1 index=819599787 seed=c96884d329b4e2ae len16=0 a16=faee7da3dbc1f14b b16=8dde7e240ef4d206 len32=1 a32=ee1a4c527ac4bf48 b32=ee1a4c527ac4bf48 len128=1 a128=720880df05f7f674 b128=720880df05f7f674
hit worker=1 index=820885022 seed=1b13fefa8bfb321e len16=0 a16=48c1de88611cba5b b16=bc6ff796e53334a7 len32=1 a32=5b296295b3ff8f44 b32=5b296295b3ff8f44 len128=1 a128=c8d8f77c72bb0813 b128=c8d8f77c72bb0813
hit worker=1 index=822616353 seed=e1115f822c8c1e00 len16=0 a16=fe83b7c9f84a7433 b16=b973bdefd76e3eb8 len32=1 a32=baf3f4896415496d b32=baf3f4896415496d len128=1 a128=276c45acaebb667c b128=276c45acaebb667c
hit worker=1 index=824611987 seed=5bc437d7521f5b1c len16=0 a16=2eb2d8b1f141520d b16=fe0c993a28994817 len32=1 a32=05d551d4b3471047 b32=05d551d4b3471047 len128=1 a128=e7562c35bf75ae59 b128=e7562c35bf75ae59
hit worker=1 index=827242271 seed=410dd23812bc49b4 len16=0 a16=853b0303289c8cdf b16=1986f341d4cbf592 len32=1 a32=263715c8189adeb1 b32=263715c8189adeb1 len128=1 a128=018d444fc11c3d51 b128=018d444fc11c3d51
hit worker=1 index=829914348 seed=6b7ef8d626800bc6 len16=0 a16=735b03a028db4219 b16=c866f8783b8c0180 len32=1 a32=f2c9552478b20a2f b32=f2c9552478b20a2f len128=1 a128=c610c534fd6b27bf b128=c610c534fd6b27bf
hit worker=1 index=830173802 seed=8963cb7cea936d11 len16=0 a16=46347f6c7926f243 b16=f703c2984d42d09a len32=1 a32=78d9bd0090c7a619 b32=78d9bd0090c7a619 len128=1 a128=7b0ff0cd63e050bf b128=7b0ff0cd63e050bf
hit worker=1 index=830791624 seed=cc63fce7c57584b7 len16=0 a16=490fd1045759b934 b16=e578780c7853c28a len32=1 a32=1d53cc6ffcea06cb b32=1d53cc6ffcea06cb len128=1 a128=beb7c9b250440520 b128=beb7c9b250440520
hit worker=1 index=833168474 seed=31260374c5e410c4 len16=0 a16=bdfa114194ccbfc6 b16=d7f798ea2ff0ae11 len32=1 a32=26f64e0e1a078dff b32=26f64e0e1a078dff len128=1 a128=ae091e6538b12a3c b128=ae091e6538b12a3c
hit worker=1 index=833667457 seed=99e819de3cc025f3 len16=0 a16=d71c38f8e45c2236 b16=070bda3a58f036f3 len32=1 a32=0c5efca19a4fa729 b32=0c5efca19a4fa729 len128=1 a128=bdfa02affdf890e3 b128=bdfa02affdf890e3
hit worker=1 index=836037887 seed=69fd6fc82d2eddb8 len16=0 a16=adf425069aa19150 b16=7dc4f8a872a09324 len32=1 a32=be8d45806426eecc b32=be8d45806426eecc len128=1 a128=aa14f0a269e4bdf3 b128=aa14f0a269e4bdf3
hit worker=1 index=836452945 seed=0b41b162265c0915 len16=0 a16=824e64d8649676fc b16=55045c749cfa5f14 len32=1 a32=07125fa9ce393e29 b32=07125fa9ce393e29 len128=1 a128=64537df1eca3d537 b128=64537df1eca3d537
hit worker=1 index=840156845 seed=0b26178e5314b0c4 len16=0 a16=5cce200b89694da0 b16=4bc7a21dba9e4d90 len32=1 a32=24a61738b5978bf4 b32=24a61738b5978bf4 len128=1 a128=a78fe24e12f951ef b128=a78fe24e12f951ef
hit worker=1 index=842937279 seed=199dd3ab2997278b len16=0 a16=0873ad33562dbca7 b16=dd7ac9bb7ab327de len32=1 a32=573e2d647d3d6d6b b32=573e2d647d3d6d6b len128=1 a128=12eae7940082792d b128=12eae7940082792d
hit worker=1 index=845538608 seed=19291fd33f2f613c len16=0 a16=78aac1b7d87bf41e b16=6cba3da4b231ab06 len32=1 a32=a30d437313267e88 b32=a30d437313267e88 len128=1 a128=a8df639bf33e73b8 b128=a8df639bf33e73b8
hit worker=1 index=846253688 seed=02a3e6ee00a1efe4 len16=0 a16=5cf20333fe55318b b16=915ff87a9f1c794b len32=1 a32=9bca67e51039a1df b32=9bca67e51039a1df len128=1 a128=f3ca3ae0f60f5850 b128=f3ca3ae0f60f5850
hit worker=1 index=847086418 seed=76d389dceb4ac0e7 len16=0 a16=6496a76ed9386d53 b16=7b6cc9f3644dfdd2 len32=1 a32=48b55222ed1f0ff4 b32=48b55222ed1f0ff4 len128=1 a128=7d8fcf4bcef4ea23 b128=7d8fcf4bcef4ea23
hit worker=1 index=849167188 seed=0256eda7247539a1 len16=0 a16=ba2de8aef27a95f5 b16=e9f37db818e7cf7a len32=1 a32=3f6e492f9c528da2 b32=3f6e492f9c528da2 len128=1 a128=775a502203ce2b35 b128=775a502203ce2b35
hit worker=1 index=849303841 seed=132402417a1a3269 len16=0 a16=3873520081948ca4 b16=193183a9aebc0207 len32=1 a32=003ff51b5e27548b b32=003ff51b5e27548b len128=1 a128=f9566fcb910f3ce4 b128=f9566fcb910f3ce4
hit worker=1 index=849912284 seed=a2bd36e732d353b7 len16=0 a16=1e45e8a0820297e5 b16=bcf967159df4b643 len32=1 a32=117d9ed87717fa28 b32=117d9ed87717fa28 len128=1 a128=6a888f253b442b8a b128=6a888f253b442b8a
hit worker=1 index=850407956 seed=c39205021e384fd8 len16=0 a16=99fd2547de64d6be b16=ed3fb83bed0418e7 len32=1 a32=9bc8c03008d9dff5 b32=9bc8c03008d9dff5 len128=1 a128=d71e0e60dc65cd8f b128=d71e0e60dc65cd8f
hit worker=1 index=850774082 seed=9a7e223feb16f1b3 len16=0 a16=28f124b327ebbe37 b16=768271657c7119d8 len32=1 a32=52ead315f15bd16f b32=52ead315f15bd16f len128=1 a128=52ce03d5e00ea2e0 b128=52ce03d5e00ea2e0
hit worker=1 index=854010373 seed=0cbe961a88e4aa1c len16=0 a16=00c218a7e987a39d b16=fc9b23b8092b2c43 len32=1 a32=3853b71b4cbd99e3 b32=3853b71b4cbd99e3 len128=1 a128=ac671614a454cd9a b128=ac671614a454cd9a
hit worker=1 index=854131149 seed=d97f7490463d67bc len16=0 a16=f506926e96da7ddd b16=f7fa226450de2745 len32=1 a32=8b0a4596fb5720f5 b32=8b0a4596fb5720f5 len128=1 a128=7accadd5869ae8f2 b128=7accadd5869ae8f2
hit worker=1 index=854558208 seed=aa9d23e784b2bdbc len16=0 a16=20bcfe1a2edd7fb4 b16=fa1c966189194db4 len32=1 a32=326ded58b26d07f9 b32=326ded58b26d07f9 len128=1 a128=9cbfe4890b72baa1 b128=9cbfe4890b72baa1
hit worker=1 index=856268166 seed=5102e75d37537183 len16=0 a16=3944f783ce21f0df b16=f2c0023414970934 len32=1 a32=5ee3c2b40d4a0e91 b32=5ee3c2b40d4a0e91 len128=1 a128=665e4391862d790e b128=665e4391862d790e
hit worker=1 index=857255484 seed=041f632b82bbccc4 len16=0 a16=2985d8d35a455418 b16=11a6448a3478fc45 len32=1 a32=e9600ffe86cdab0f b32=e9600ffe86cdab0f len128=1 a128=a35c7caebcc4d54f b128=a35c7caebcc4d54f
hit worker=1 index=858245746 seed=338383edb0fcb610 len16=0 a16=5cbfd067868f7b7e b16=38271b43f83224e1 len32=1 a32=217a57c44d4fafc0 b32=217a57c44d4fafc0 len128=1 a128=b866372b98bd58f3 b128=b866372b98bd58f3
hit worker=1 index=863344033 seed=621507c93b93dcef len16=0 a16=b3e49c4c7db3843d b16=9c63e29ed6300d01 len32=1 a32=f6e296ed63e4078a b32=f6e296ed63e4078a len128=1 a128=f18a33bcb6460085 b128=f18a33bcb6460085
hit worker=1 index=863894767 seed=033b6a9f867bf8a6 len16=0 a16=0f28611b81879974 b16=6934e3f3334db724 len32=1 a32=f356cbc691871a2e b32=f356cbc691871a2e len128=1 a128=0e99364bfb6a8cf7 b128=0e99364bfb6a8cf7
hit worker=1 index=865856377 seed=c30377be6dac20ba len16=0 a16=580141693514ac7f b16=60559ba08b554426 len32=1 a32=93b3a61c4d5b5ac1 b32=93b3a61c4d5b5ac1 len128=1 a128=173a44dc6177ed4a b128=173a44dc6177ed4a
hit worker=1 index=868488076 seed=d6bde415e4dd6839 len16=0 a16=ed522aa62ce98cbc b16=5cecf2fb35a30a67 len32=1 a32=cb6601543ab60ab1 b32=cb6601543ab60ab1 len128=1 a128=f8686e13aa449bc0 b128=f8686e13aa449bc0
hit worker=1 index=868702625 seed=457c10fe45d4beb8 len16=0 a16=edbeb98759d35f40 b16=efcdc1f1ae5536c7 len32=1 a32=f90dea25a2e9b1a7 b32=f90dea25a2e9b1a7 len128=1 a128=0a9b6163b493273f b128=0a9b6163b493273f
hit worker=1 index=868843023 seed=42b616828973b6dc len16=0 a16=06dc4e3f9e5ee056 b16=d63151207288313f len32=1 a32=355c003630520f6c b32=355c003630520f6c len128=1 a128=b3b1b2908eaab8a6 b128=b3b1b2908eaab8a6
hit worker=1 index=869232263 seed=bc0597bf15f45a88 len16=0 a16=7bd218bbf965107f b16=72b9ebf3cca4ff6e len32=1 a32=c18174852c6b089c b32=c18174852c6b089c len128=1 a128=a9ee4115b6b185da b128=a9ee4115b6b185da
hit worker=1 index=870203717 seed=1bdd769283fc3f08 len16=0 a16=2dcce2c4aadfa92f b16=a574e850306ee702 len32=1 a32=b64fd97b69ae7462 b32=b64fd97b69ae7462 len128=1 a128=ac63082255584824 b128=ac63082255584824
hit worker=1 index=871700561 seed=cba25745230034b7 len16=0 a16=ea1eb3a7fc04c844 b16=2152181c7742555c len32=1 a32=fbb397a8ca2ab02d b32=fbb397a8ca2ab02d len128=1 a128=52648334f24e0cad b128=52648334f24e0cad
hit worker=1 index=873203146 seed=c3a2160b271e703e len16=0 a16=9b39d8c0e37b04a3 b16=e8645c44094be7cd len32=1 a32=dc7945150926542d b32=dc7945150926542d len128=1 a128=697a88f6e0d77836 b128=697a88f6e0d77836
hit worker=1 index=873203419 seed=0c2d96e6dc4482b0 len16=0 a16=16194e00663e2072 b16=7a36ebbc7c4f1e92 len32=1 a32=dad8ad109424e8fe b32=dad8ad109424e8fe len128=1 a128=a6a86b979bcddab8 b128=a6a86b979bcddab8
hit worker=1 index=874114349 seed=078ffa983b9767a0 len16=0 a16=1e08ba21c1325fdb b16=bfa5a8e6feeca962 len32=1 a32=5425301819971465 b32=5425301819971465 len128=1 a128=776fd6d00d04a2ad b128=776fd6d00d04a2ad
hit worker=1 index=874206838 seed=9ac75c1809e85a88 len16=0 a16=28f4ba791ff1c61f b16=44aa11db0299496f len32=1 a32=0a90b6ba5a878f75 b32=0a90b6ba5a878f75 len128=1 a128=032a1478a95c1776 b128=032a1478a95c1776
hit worker=1 index=879033717 seed=59efd9c7c50be41e len16=0 a16=2d71065f2917689e b16=b0ef295752f2059d len32=1 a32=5f71c0da3980e7da b32=5f71c0da3980e7da len128=1 a128=316ef7056bb3462b b128=316ef7056bb3462b
hit worker=1 index=880307949 seed=323c1a382cb344e8 len16=0 a16=07a4521e9a5cc9e0 b16=a80ee888efcc4bbb len32=1 a32=d3d921d1421d3d91 b32=d3d921d1421d3d91 len128=1 a128=d65526717e3ba12d b128=d65526717e3ba12d
hit worker=1 index=882114858 seed=c31d870cb17f1103 len16=0 a16=6458c959b999fdcf b16=5eb2dd3539ffbb28 len32=1 a32=6cfec73165630018 b32=6cfec73165630018 len128=1 a128=0c8127bb78fc6487 b128=0c8127bb78fc6487
hit worker=1 index=882690018 seed=175ff86644946345 len16=0 a16=4583ad3b24e1f38d b16=a1b6e577d8d05015 len32=1 a32=57a4374674d9740d b32=57a4374674d9740d len128=1 a128=acdb8811fd2cee7d b128=acdb8811fd2cee7d
hit worker=1 index=883460705 seed=baea1109f64c9c44 len16=0 a16=798734d577911d12 b16=a6be3539a5b3f5b9 len32=1 a32=d4a2d2fbcb028c42 b32=d4a2d2fbcb028c42 len128=1 a128=ae10823b0578130e b128=ae10823b0578130e
hit worker=1 index=885979626 seed=4b6de302db093c2c len16=0 a16=187dcc14646514f4 b16=430e992e04009cdc len32=1 a32=905bb0766ebc53cc b32=905bb0766ebc53cc len128=1 a128=2579d34a3922c6b9 b128=2579d34a3922c6b9
hit worker=1 index=893009846 seed=c583e03bbc94e6b8 len16=0 a16=32536151551e079a b16=00628e9217a339db len32=1 a32=6a158fa8eff03dc5 b32=6a158fa8eff03dc5 len128=1 a128=d0e21172856c6d5b b128=d0e21172856c6d5b
hit worker=1 index=901718840 seed=ca7a9e2b39a04bdf len16=0 a16=648018a3079603b3 b16=957858b58a57348b len32=1 a32=f4b33f158e36b980 b32=f4b33f158e36b980 len128=1 a128=42b9bb9e41964a69 b128=42b9bb9e41964a69
hit worker=1 index=907149261 seed=8dea05fd7f00199f len16=0 a16=66db0bae8742611b b16=e4655be04e3399f8 len32=1 a32=e03c9a812a01e2ed b32=e03c9a812a01e2ed len128=1 a128=0afa8b9b24354ec0 b128=0afa8b9b24354ec0
hit worker=1 index=912335938 seed=7b7f29e004fb2338 len16=0 a16=3282fbcee0d35051 b16=f5135cffd22cf3c3 len32=1 a32=6fa5d9daa407276e b32=6fa5d9daa407276e len128=1 a128=864fe195b0484af1 b128=864fe195b0484af1
hit worker=1 index=915368695 seed=c741f0303b98f1eb len16=0 a16=d32610f9f51a69fc b16=5d11b86229eb7dc1 len32=1 a32=a7c6ce4d8f8c0df8 b32=a7c6ce4d8f8c0df8 len128=1 a128=5a9bd2a30cadbfbb b128=5a9bd2a30cadbfbb
hit worker=1 index=916334161 seed=c820f54ec62f531c len16=0 a16=205c1e41d54f969c b16=7de963ed654d3965 len32=1 a32=609354f7c753675d b32=609354f7c753675d len128=1 a128=a3d09087fc3fba09 b128=a3d09087fc3fba09
hit worker=1 index=917486772 seed=19cb7659323f5e2d len16=0 a16=3fe9111cfc39d0da b16=024c359900ae80eb len32=1 a32=05350d68292c66ab b32=05350d68292c66ab len128=1 a128=877302db35566e9c b128=877302db35566e9c
hit worker=1 index=918215103 seed=9b9985ffb4f3731c len16=0 a16=76e672424246c633 b16=d977227e0d5dcba4 len32=1 a32=fb3755ed30946f44 b32=fb3755ed30946f44 len128=1 a128=04ce4ad463c3a89d b128=04ce4ad463c3a89d
hit worker=1 index=920424456 seed=bd6363d77d4db058 len16=0 a16=0d4fc390828dc660 b16=50e2e9acef973f6f len32=1 a32=afb8cc37f280a668 b32=afb8cc37f280a668 len128=1 a128=59dc8846fb95047c b128=59dc8846fb95047c
hit worker=1 index=922480180 seed=6b060acdcb3f9894 len16=0 a16=025e4dcd767e8a6f b16=a33b97fb42b1e1cf len32=1 a32=102a3200cc826749 b32=102a3200cc826749 len128=1 a128=434db114a12215b5 b128=434db114a12215b5
hit worker=1 index=924027612 seed=bf02f6c93e4b3838 len16=0 a16=79dd16b7bd03b933 b16=726506e04f09bd6f len32=1 a32=8e2a738ddec294d2 b32=8e2a738ddec294d2 len128=1 a128=d556c6541e92731e b128=d556c6541e92731e
hit worker=1 index=924256760 seed=e3e974483f6a6ad4 len16=0 a16=04c5492ac943aa6b b16=fbe55a4550868e5f len32=1 a32=7457d14f12e6a76c b32=7457d14f12e6a76c len128=1 a128=e1b76dc23b1ed8cb b128=e1b76dc23b1ed8cb
hit worker=1 index=924278505 seed=83026e0dc3a421f7 len16=0 a16=ee85859c0cd88546 b16=5af913414f8fce5c len32=1 a32=29b8f8b673783243 b32=29b8f8b673783243 len128=1 a128=8f4bd84a830e6d35 b128=8f4bd84a830e6d35
hit worker=1 index=929289239 seed=082e074bc614fe9c len16=0 a16=dc25a1f706725644 b16=7289d18bc9f6af70 len32=1 a32=6a84e9bed2991d61 b32=6a84e9bed2991d61 len128=1 a128=50cd00e55f5af496 b128=50cd00e55f5af496
hit worker=1 index=931386001 seed=42b980ca0713b788 len16=0 a16=b62c885007903953 b16=fb8a1939316909ed len32=1 a32=338ac57c83fd7470 b32=338ac57c83fd7470 len128=1 a128=b752605012825f6b b128=b752605012825f6b
hit worker=1 index=934196066 seed=1af5893b12e3ab1b len16=0 a16=29a04f7eb2748a7e b16=f59fd5d1a5e13c0c len32=1 a32=a1eac8ef5119a532 b32=a1eac8ef5119a532 len128=1 a128=a366736eec3ef0da b128=a366736eec3ef0da
hit worker=1 index=935028359 seed=db5e1a50930bbcfb len16=0 a16=930783c6a90c2786 b16=5caf2ca52d1661e0 len32=1 a32=573854a719109049 b32=573854a719109049 len128=1 a128=54061eefaacaef57 b128=54061eefaacaef57
hit worker=1 index=935183444 seed=fb6156102fdc4234 len16=0 a16=3daecef406e1cca1 b16=490b73b4d2bb5e16 len32=1 a32=1c42e060519644a5 b32=1c42e060519644a5 len128=1 a128=4d2ab8fc73ba10c5 b128=4d2ab8fc73ba10c5
hit worker=1 index=942176826 seed=085e16a3c61e599b len16=0 a16=d5c0cffed437d293 b16=2b575cc3cd11c568 len32=1 a32=92f81c9132c7b507 b32=92f81c9132c7b507 len128=1 a128=d0f78b3fb153ae76 b128=d0f78b3fb153ae76
hit worker=1 index=944823632 seed=9bc395ff751ff6d8 len16=0 a16=4f2365cb8d6e2fd3 b16=a6f5a06613e2c435 len32=1 a32=af55bab63b79daa4 b32=af55bab63b79daa4 len128=1 a128=2749372aa4950927 b128=2749372aa4950927
hit worker=1 index=945174692 seed=7c4997565870a1d7 len16=0 a16=46d773813c2fcd44 b16=2c0ec3e56971c193 len32=1 a32=36d88e25ee86d1f6 b32=36d88e25ee86d1f6 len128=1 a128=dc7d05f0a459ca6f b128=dc7d05f0a459ca6f
hit worker=1 index=946060069 seed=ce5efa45eb3b1e08 len16=0 a16=7be2bdefb8e84177 b16=c488b76b5d0839b3 len32=1 a32=0cd934fb5528eeba b32=0cd934fb5528eeba len128=1 a128=b6a9ceb4c63abc44 b128=b6a9ceb4c63abc44
hit worker=1 index=946946553 seed=0ddffeec3557f6bc len16=0 a16=de9407e9f358895e b16=21dc58ac7b6a4aa5 len32=1 a32=bf7c9a735ee507ac b32=bf7c9a735ee507ac len128=1 a128=523942f0493103ef b128=523942f0493103ef
hit worker=1 index=947650595 seed=09b777da62b37c50 len16=0 a16=b25ad30b4f2aa611 b16=aa90bf8f9e9cde05 len32=1 a32=8e03322c607610a9 b32=8e03322c607610a9 len128=1 a128=077f6e162dc9fbd7 b128=077f6e162dc9fbd7
hit worker=1 index=949970586 seed=b49e84ca4b9efea8 len16=0 a16=806744c46aca77a5 b16=87969c22deb67ab7 len32=1 a32=c8047b600b2c24e9 b32=c8047b600b2c24e9 len128=1 a128=7ec540c99a4b63f9 b128=7ec540c99a4b63f9
hit worker=1 index=950460860 seed=46fd61e43b733608 len16=0 a16=a4443eab53cf5c76 b16=8966e55b6247c0a6 len32=1 a32=d9c510910f47ea2a b32=d9c510910f47ea2a len128=1 a128=4a2b3e4ab6e3fce5 b128=4a2b3e4ab6e3fce5
hit worker=1 index=951683204 seed=52fb997a6607fa9c len16=0 a16=4d7d34b5ba15688c b16=161d6d234b1d2c35 len32=1 a32=2931b7d7655d2569 b32=2931b7d7655d2569 len128=1 a128=089c631e62e7fbc7 b128=089c631e62e7fbc7
hit worker=1 index=951872542 seed=a060222a348a9c2d len16=0 a16=a9973775d6f953a3 b16=5de17307e2ce1ba0 len32=1 a32=ddc0cdc55f3272f8 b32=ddc0cdc55f3272f8 len128=1 a128=fecdc21193f7b96c b128=fecdc21193f7b96c
hit worker=1 index=958953255 seed=4844c6b326365cb8 len16=0 a16=e527e0cc269fc99b b16=85c41cfd4f4d7fc6 len32=1 a32=1f4b607bdb0ad155 b32=1f4b607bdb0ad155 len128=1 a128=d1c4fd68f25e8c11 b128=d1c4fd68f25e8c11
hit worker=1 index=959088100 seed=d3ed677f5f8b9f12 len16=0 a16=49528deef614fdb1 b16=a9ef81c705e5658b len32=1 a32=620d9346e335e1a9 b32=620d9346e335e1a9 len128=1 a128=2bb922d26669693e b128=2bb922d26669693e
hit worker=1 index=959290425 seed=6f013b86dc4342f8 len16=0 a16=57d7f099a92b06be b16=f2bfd27e75190c0e len32=1 a32=896a14efd111a20d b32=896a14efd111a20d len128=1 a128=cb172e5183439133 b128=cb172e5183439133
hit worker=1 index=971910232 seed=d3ce16c540d30ade len16=0 a16=6918d685caa21588 b16=98475bc4e2fc1fc9 len32=1 a32=910214f92badd95c b32=910214f92badd95c len128=1 a128=ea2bce1daedec4c6 b128=ea2bce1daedec4c6
hit worker=1 index=977488413 seed=ea261674eb134c08 len16=0 a16=6fb6def60100228f b16=afc0d08cb0e9240b len32=1 a32=fccb98d1dc901579 b32=fccb98d1dc901579 len128=1 a128=6dc69eef73fc3493 b128=6dc69eef73fc3493
hit worker=1 index=982422212 seed=c6a18e4af574c6c8 len16=0 a16=478d11e27f22c5aa b16=bccc1f865cadfe8f len32=1 a32=46e378feffb24b11 b32=46e378feffb24b11 len128=1 a128=07a477de67e786fc b128=07a477de67e786fc
hit worker=1 index=984491640 seed=c9018af46f47e980 len16=0 a16=98eca6c17691279a b16=ef6f252a6eb39499 len32=1 a32=0fb3dd253e789dae b32=0fb3dd253e789dae len128=1 a128=35fa929ac04c7e4e b128=35fa929ac04c7e4e
hit worker=1 index=987166655 seed=724a5a6a80fbceb6 len16=0 a16=667eb57efac8c188 b16=bf25d62634f9633d len32=1 a32=e56cf6375e6396bb b32=e56cf6375e6396bb len128=1 a128=474a2d04a3008662 b128=474a2d04a3008662
hit worker=1 index=988254210 seed=0a2006a6c498d9f8 len16=0 a16=a11d5b64e374f064 b16=3dcfbfacf3f30ba1 len32=1 a32=3f906dad6ee500f4 b32=3f906dad6ee500f4 len128=1 a128=7f93b51210ec8100 b128=7f93b51210ec8100
hit worker=1 index=991938886 seed=04bd60e868365714 len16=0 a16=f7f8683fd1db0c27 b16=c9398d1313cc05db len32=1 a32=55f01edfe0906651 b32=55f01edfe0906651 len128=1 a128=14c1b96b5704faeb b128=14c1b96b5704faeb
hit worker=1 index=993127197 seed=155de3aa03806416 len16=0 a16=d971a8fac59c7f3e b16=130554b6a5236729 len32=1 a32=b026c72143c7e5a0 b32=b026c72143c7e5a0 len128=1 a128=7e24390b64e23d92 b128=7e24390b64e23d92
hit worker=1 index=994286956 seed=122764521eb8b3b0 len16=0 a16=77b36d50ca58b284 b16=c16377f498d72cb7 len32=1 a32=0e65882a984bbf2c b32=0e65882a984bbf2c len128=1 a128=0894a98930400c4e b128=0894a98930400c4e
hit worker=1 index=996428953 seed=193f711ae89b5cd5 len16=0 a16=1d7d257b15e4c826 b16=ac4ae338f2cea38a len32=1 a32=2b8d3e56eee21488 b32=2b8d3e56eee21488 len128=1 a128=ecbcb674ba2d0956 b128=ecbcb674ba2d0956
hit worker=1 index=997346322 seed=d5377f0a34c0450b len16=0 a16=2a17c109e9f8d218 b16=fba0aaf243a849e9 len32=1 a32=3d9f136fb3c2c051 b32=3d9f136fb3c2c051 len128=1 a128=3601c38ac56c4aa1 b128=3601c38ac56c4aa1
hit worker=1 index=997359581 seed=5b759b8a8bf86104 len16=0 a16=77787080ff542c79 b16=478006da3399ddde len32=1 a32=eb815d16b1122140 b32=eb815d16b1122140 len128=1 a128=6314adb6a8da9406 b128=6314adb6a8da9406
hit worker=1 index=999141223 seed=b9e3764cb641a4c8 len16=0 a16=30539787bc3a19d2 b16=c9b229ac5c37eeb1 len32=1 a32=b5d4bb611068b675 b32=b5d4bb611068b675 len128=1 a128=95704b3ce759e4b4 b128=95704b3ce759e4b4
hit worker=1 index=999496472 seed=15c023e5b4f35684 len16=0 a16=1fd4bb81e0e6e5a0 b16=aa0627b0671a300c len32=1 a32=c4b1ca2a8f5b229c b32=c4b1ca2a8f5b229c len128=1 a128=abebcd8ebf5a985f b128=abebcd8ebf5a985f
hit worker=1 index=1000171336 seed=2a817f675792e313 len16=0 a16=e1143d80383bcb88 b16=0969d7674f1506a4 len32=1 a32=509e25ba6dec26b4 b32=509e25ba6dec26b4 len128=1 a128=53545edd04739a58 b128=53545edd04739a58
hit worker=1 index=1001362220 seed=e76876de48c47b69 len16=0 a16=166e5555a64201a1 b16=df4668e154c75284 len32=1 a32=3bbd090d54951103 b32=3bbd090d54951103 len128=1 a128=83003a3051f07ce9 b128=83003a3051f07ce9
hit worker=1 index=1001856230 seed=c49182e7bdb4d588 len16=0 a16=d503fdd0e3546cc9 b16=bffdc7623adf2e66 len32=1 a32=c6f2d4e984f20e74 b32=c6f2d4e984f20e74 len128=1 a128=3ca2283c448febea b128=3ca2283c448febea
hit worker=1 index=1003421076 seed=831f7474e639e83f len16=0 a16=5c24ce143216387b b16=c1d986641758d812 len32=1 a32=bc5ed91c1038a1be b32=bc5ed91c1038a1be len128=1 a128=4c3140f8ccfa2bb7 b128=4c3140f8ccfa2bb7
hit worker=1 index=1004054714 seed=6356158821f30848 len16=0 a16=13c64d0d2eadbff4 b16=2950aa4893d8af6a len32=1 a32=99b61ac5418246c1 b32=99b61ac5418246c1 len128=1 a128=6e8b95bc6bb2c982 b128=6e8b95bc6bb2c982
hit worker=1 index=1005234317 seed=ea137a920bba0620 len16=0 a16=54b052c032bfba27 b16=d3667dc2e9154f20 len32=1 a32=c3622120b671675e b32=c3622120b671675e len128=1 a128=1451cce807f2b041 b128=1451cce807f2b041
hit worker=1 index=1005531758 seed=3f035c5ab97c7500 len16=0 a16=2cec511e504d8db0 b16=42c7a96adb44cfb2 len32=1 a32=0a1011bdde2ce455 b32=0a1011bdde2ce455 len128=1 a128=40dee94c4955a84c b128=40dee94c4955a84c
hit worker=1 index=1008726990 seed=037d134b345ef42b len16=0 a16=648949ec8b320570 b16=03af2b2ed260bf4b len32=1 a32=f53b93ddd2884207 b32=f53b93ddd2884207 len128=1 a128=57ffe8a40661ffd8 b128=57ffe8a40661ffd8
hit worker=1 index=1009848813 seed=a591e769e8007dc9 len16=0 a16=cf5b2647a762d6d7 b16=91b481d71a4265a4 len32=1 a32=041efb2cba136c14 b32=041efb2cba136c14 len128=1 a128=08f60270f2e0e380 b128=08f60270f2e0e380
hit worker=1 index=1011063775 seed=c715f5d0d0a4a893 len16=0 a16=2782441aa5c4f80f b16=272f6e7bdd3e0aad len32=1 a32=e546c68717957a5f b32=e546c68717957a5f len128=1 a128=baa95ef96bce7c19 b128=baa95ef96bce7c19
hit worker=1 index=1018533319 seed=8ac00f79c36c4ea6 len16=0 a16=b5f36221d009badc b16=6f17f283653c988f len32=1 a32=8de6053bebac4933 b32=8de6053bebac4933 len128=1 a128=25590ea3455b755f b128=25590ea3455b755f
hit worker=1 index=1018545817 seed=62408f98137f0d39 len16=0 a16=e02d3fc2e96205f6 b16=e59fda7b19373bb2 len32=1 a32=ac0476c3a9ace2cc b32=ac0476c3a9ace2cc len128=1 a128=cdae01766ae1cfae b128=cdae01766ae1cfae
hit worker=1 index=1019468953 seed=1b3a0399ebb5b99e len16=0 a16=7605bb763dd040bf b16=dc1579ada7bb86b1 len32=1 a32=75aecc9c39e8e8b2 b32=75aecc9c39e8e8b2 len128=1 a128=e779cc6eee7497b3 b128=e779cc6eee7497b3
hit worker=1 index=1020077589 seed=22e3bf7a8e991488 len16=0 a16=0ab726dd3db340c1 b16=8573caaebe38b059 len32=1 a32=5ada52f98e551aef b32=5ada52f98e551aef len128=1 a128=a55162d807d4653f b128=a55162d807d4653f
hit worker=1 index=1023435672 seed=6026d2e8d4737794 len16=0 a16=de5ef9ca56ac02ed b16=6bc55f6754d37ccd len32=1 a32=7b3fe460977c1cbc b32=7b3fe460977c1cbc len128=1 a128=f72dbd4418d2a495 b128=f72dbd4418d2a495
hit worker=1 index=1025203496 seed=f34e1b803664709e len16=0 a16=c3b89963bcb3a179 b16=325694730fb22c7e len32=1 a32=7c6d9784d84d60f5 b32=7c6d9784d84d60f5 len128=1 a128=7439f4e5ea95537c b128=7439f4e5ea95537c
hit worker=1 index=1026845648 seed=cb5cb630b684d08b len16=0 a16=0f4177a0745f81b9 b16=4a79d606c0c34e8b len32=1 a32=6ea73a3403bc9250 b32=6ea73a3403bc9250 len128=1 a128=a3ea7b86068ddc5a b128=a3ea7b86068ddc5a
hit worker=1 index=1030399187 seed=b39e027b44af1bd4 len16=0 a16=c77d6b6c5344384e b16=c43500b99fbae73c len32=1 a32=6e85442dc9e67cdd b32=6e85442dc9e67cdd len128=1 a128=13bb3585f5c3f587 b128=13bb3585f5c3f587
hit worker=1 index=1034438009 seed=4cc88d6a505c24bc len16=0 a16=0d61f8f93414db2f b16=88d4de44194ea764 len32=1 a32=26a161f25e535b6b b32=26a161f25e535b6b len128=1 a128=76dfb3b81a974b72 b128=76dfb3b81a974b72
hit worker=1 index=1035173649 seed=c3397967c11494b7 len16=0 a16=ba51dc526bb6a301 b16=5af32fadfa957cce len32=1 a32=0c4dad72d69cc6f5 b32=0c4dad72d69cc6f5 len128=1 a128=2fe5222ffeb62c11 b128=2fe5222ffeb62c11
hit worker=1 index=1037631033 seed=a3800a68973b91a7 len16=0 a16=6220c41fc7ce8bf0 b16=ec805c3cb422ecaf len32=1 a32=1687ca41c96dd8ef b32=1687ca41c96dd8ef len128=1 a128=d35bec2fa35e4ff4 b128=d35bec2fa35e4ff4
hit worker=1 index=1038889531 seed=0ba01591dbe09400 len16=0 a16=9d878a15150b675b b16=3afcf10f96dba862 len32=1 a32=2d0179df209975f9 b32=2d0179df209975f9 len128=1 a128=e80e9501ee565707 b128=e80e9501ee565707
hit worker=1 index=1039451013 seed=5b38036de799dbfe len16=0 a16=0e4962efdda41293 b16=e24555edb740ece0 len32=1 a32=1a526fbcc1b5b567 b32=1a526fbcc1b5b567 len128=1 a128=045f5cf27aca57e1 b128=045f5cf27aca57e1
hit worker=1 index=1041661952 seed=5b63cbd6ef685615 len16=0 a16=b4b9f441934524c7 b16=8a64a425e84e6031 len32=1 a32=ca265752aa5d6317 b32=ca265752aa5d6317 len128=1 a128=2c085211ea7ae9a4 b128=2c085211ea7ae9a4
hit worker=1 index=1042512793 seed=08628a05b1f08004 len16=0 a16=793077e23dbcf848 b16=3919e8a6b44d6714 len32=1 a32=f181eacbd7b2208f b32=f181eacbd7b2208f len128=1 a128=21f11ea1932596b3 b128=21f11ea1932596b3
hit worker=1 index=1043141989 seed=bb639999ab63842c len16=0 a16=cddf27844c6ddc38 b16=e87af90c1ffa1532 len32=1 a32=1f05d34dfc19cdb7 b32=1f05d34dfc19cdb7 len128=1 a128=f8549985a348887b b128=f8549985a348887b
hit worker=1 index=1046396522 seed=b2eb7470bab47f08 len16=0 a16=f1b91266d24131b3 b16=1170b7388561acee len32=1 a32=d89528c849834eae b32=d89528c849834eae len128=1 a128=16e8ce38260782b8 b128=16e8ce38260782b8
hit worker=1 index=1049141279 seed=6c0383bab2006f46 len16=0 a16=b9271956b7f33172 b16=fa9af842eb9bcb22 len32=1 a32=d8ca8e79f2c89263 b32=d8ca8e79f2c89263 len128=1 a128=8741fcbb87307fa2 b128=8741fcbb87307fa2
hit worker=1 index=1050183586 seed=99d9e98c75b0fb8b len16=0 a16=3bc80f7bcfb359a8 b16=e0ad0b9d9c3435e1 len32=1 a32=e26aeaa3d893b1f6 b32=e26aeaa3d893b1f6 len128=1 a128=5e8358608c02bc08 b128=5e8358608c02bc08
hit worker=1 index=1050323796 seed=0b19eb917b645511 len16=0 a16=2decc347108cc312 b16=cbc80703fa665f9d len32=1 a32=9dc8f8846a4c03a6 b32=9dc8f8846a4c03a6 len128=1 a128=a5df5b2aca274110 b128=a5df5b2aca274110
hit worker=1 index=1052206796 seed=2dc59187fc478038 len16=0 a16=72aa38c624b4572d b16=beb0c75a425c1ff0 len32=1 a32=a6892f3e8ecebd3b b32=a6892f3e8ecebd3b len128=1 a128=2819a1931c1070c5 b128=2819a1931c1070c5
hit worker=1 index=1058299326 seed=0b1ee61fb1591bf1 len16=0 a16=8af05372d599a0a0 b16=752b0682c865d2b0 len32=1 a32=76d58d593ddd27c5 b32=76d58d593ddd27c5 len128=1 a128=6195ec397538a75a b128=6195ec397538a75a
hit worker=1 index=1059308149 seed=6bc405c91591c823 len16=0 a16=51aa3d07a04edb49 b16=eceeb07ab4c841de len32=1 a32=fd998199876cc07d b32=fd998199876cc07d len128=1 a128=f24d88f4c4cfa691 b128=f24d88f4c4cfa691
hit worker=1 index=1061363595 seed=775f67a7c07ff038 len16=0 a16=b741b2347127c51b b16=49cad17f30f29f42 len32=1 a32=ab883bbf053d9834 b32=ab883bbf053d9834 len128=1 a128=0a2f0e31c6f6f8d3 b128=0a2f0e31c6f6f8d3
hit worker=1 index=1069298228 seed=4abf661a5bd4a1b4 len16=0 a16=2245be954182ba94 b16=64a7a952349d4242 len32=1 a32=fac1bd63df94d6be b32=fac1bd63df94d6be len128=1 a128=606299eba27d49ef b128=606299eba27d49ef
summary len=16 L=2 collisions=0 trials=1073741824 epsilon=0/1073741824 score=unestimated_zero_hits
summary len=32 L=4 collisions=533 trials=1073741824 epsilon=533/1073741824 score=log2(4*1073741824/533) approximate_score=22.942008277240824
summary len=128 L=16 collisions=533 trials=1073741824 epsilon=533/1073741824 score=log2(16*1073741824/533) approximate_score=24.942008277240824
checks event_mismatch_32_128=0 event_mismatch_32_fold=0 intersection_16_32=0 PASS
