SMHasher3 XXH3-64 0.8.3: 1AAEE62C expected 1AAEE62C PASS
XXH3 sanity len=12 seed=0000000000000000: a713daf0dfbb77e7 expected a713daf0dfbb77e7 PASS
XXH3 sanity len=12 seed=9e3779b185ebca8d: e7303e1b2336de0e expected e7303e1b2336de0e PASS
XXH3 sanity len=24 seed=0000000000000000: a3fe70bf9d3510eb expected a3fe70bf9d3510eb PASS
XXH3 sanity len=24 seed=9e3779b185ebca8d: 850e80fc35bdd690 expected 850e80fc35bdd690 PASS
XXH3 sanity len=48 seed=0000000000000000: 397da259ecba1f11 expected 397da259ecba1f11 PASS
XXH3 sanity len=48 seed=9e3779b185ebca8d: adc2cbaa44acc616 expected adc2cbaa44acc616 PASS
XXH3 sanity len=80 seed=0000000000000000: bcdefbbb2c47c90a expected bcdefbbb2c47c90a PASS
XXH3 sanity len=80 seed=9e3779b185ebca8d: c6dd0cb699532e73 expected c6dd0cb699532e73 PASS
XXH3 sanity len=195 seed=0000000000000000: cd94217ee362ec3a expected cd94217ee362ec3a PASS
XXH3 sanity len=195 seed=9e3779b185ebca8d: ba68003d370cb3d9 expected ba68003d370cb3d9 PASS
XXH_VERSION_NUMBER=804
recorded paper pair A seed=cd362ec99e1e6259 hash=bf1f613669d6c8ae PASS
recorded base-1143 pair seed=c8eae1baae13330b hash=448e3716c8effb94 PASS
M len=16: 8912a3da9fc464368202a1be238b7d11
Mprime len=16: 76ed5c25603b9bc97dfd5e41dc7482ee
witness len=16 seed=c8eae1baae13330b a=908ab0d640b4feb6 b=28a993b3a78d73a2 collision=0
M len=32: 8912a3da9fc464368202a1be238b7d1100000000000000000000000000000000
Mprime len=32: 76ed5c25603b9bc97dfd5e41dc7482ee00000000000000000000000000000000
witness len=32 seed=c8eae1baae13330b a=00ffe25bba202dfb b=00ffe25bba202dfb collision=1
M len=128: 8912a3da9fc464368202a1be238b7d11a56186f8dc03bd1f78bfbd2ba3386ced7093d3639fc8f076abe3f9a757e5c84290720e6340b2e7820a16a5633b9b0344773006232e3abc7d4727eafba248b46cf2a6516698382bd2fa890528924cd1b618df4aa87d1af4bcec13f92bf8a1163e657fb0885deddf709a0252fbe3ae169d
Mprime len=128: 76ed5c25603b9bc97dfd5e41dc7482eea56186f8dc03bd1f78bfbd2ba3386ced7093d3639fc8f076abe3f9a757e5c84290720e6340b2e7820a16a5633b9b0344773006232e3abc7d4727eafba248b46cf2a6516698382bd2fa890528924cd1b618df4aa87d1af4bcec13f92bf8a1163e657fb0885deddf709a0252fbe3ae169d
witness len=128 seed=c8eae1baae13330b a=448e3716c8effb94 b=448e3716c8effb94 collision=1
sampling trials=1073741824 salt=0x2026091802000477 logical_streams=2 execution_threads=1
stream worker=0 init=0x75256f277f9001c4 trials=536870912
hit worker=0 index=1504057 seed=fb87deaf44132404 len16=0 a16=491227ac132f587e b16=401363908f9050b4 len32=1 a32=171f8e7fcbe20791 b32=171f8e7fcbe20791 len128=1 a128=2c8c7d2e62ec0e85 b128=2c8c7d2e62ec0e85
hit worker=0 index=4092453 seed=cb840d8bf4177e9b len16=0 a16=4fab50b944ee3ebe b16=571e97f3e5716321 len32=1 a32=b722e5e28dd7515c b32=b722e5e28dd7515c len128=1 a128=cf4294e415532f56 b128=cf4294e415532f56
hit worker=0 index=8686058 seed=f203c6cbe5c0792c len16=0 a16=8bdcfde4ade995a7 b16=c785daee0aa6d895 len32=1 a32=70797fb2781a61fd b32=70797fb2781a61fd len128=1 a128=d5fb65b0c6522e92 b128=d5fb65b0c6522e92
hit worker=0 index=9454823 seed=778de9197bf38038 len16=0 a16=0c8971bc8dc73723 b16=16258a58f1552713 len32=1 a32=44b1d95bba9ff5bb b32=44b1d95bba9ff5bb len128=1 a128=0f4460252c471b4e b128=0f4460252c471b4e
hit worker=0 index=12770276 seed=cb73875e6a0a429c len16=0 a16=fe70a771e0f174ea b16=90c9ddee7deac88c len32=1 a32=2f930431c310524a b32=2f930431c310524a len128=1 a128=d29145803c5b1b96 b128=d29145803c5b1b96
hit worker=0 index=20902503 seed=1ba287904cff0f08 len16=0 a16=28bbbeeac477f82c b16=ad02ea780546cdc9 len32=1 a32=0ade306e4f5723a1 b32=0ade306e4f5723a1 len128=1 a128=db6f889f748929b6 b128=db6f889f748929b6
hit worker=0 index=26059839 seed=0da5de05dfd32108 len16=0 a16=dbd6f8a8c3794714 b16=fe857d03c3be917c len32=1 a32=78a8786057df562c b32=78a8786057df562c len128=1 a128=feab78dc593f6d10 b128=feab78dc593f6d10
hit worker=0 index=26962446 seed=dabdf1fac2ebbcfe len16=0 a16=86857f48d6bd1a9a b16=15481ef5e6f7ca02 len32=1 a32=9e31c72aff8ffbd5 b32=9e31c72aff8ffbd5 len128=1 a128=bf3090c2dfe2b4d2 b128=bf3090c2dfe2b4d2
hit worker=0 index=27183811 seed=9bd41ae96db7cb04 len16=0 a16=9b5c5db5d0dee230 b16=f1c35770d0fecfed len32=1 a32=6ab4ab48bd601e16 b32=6ab4ab48bd601e16 len128=1 a128=bba9b246091695d3 b128=bba9b246091695d3
hit worker=0 index=29185515 seed=c9ff9747c254efaa len16=0 a16=c1b2a645ce1f3a44 b16=df53d4e841df6ba1 len32=1 a32=713af63233e8266f b32=713af63233e8266f len128=1 a128=f8eb9de811e996dc b128=f8eb9de811e996dc
hit worker=0 index=32641151 seed=caf6160466986434 len16=0 a16=abcfa95f3eafae41 b16=c2c7933551c530f2 len32=1 a32=e83cfb19bbe6f63c b32=e83cfb19bbe6f63c len128=1 a128=cce63bf9b1cf497a b128=cce63bf9b1cf497a
hit worker=0 index=34753545 seed=9acb7b8813575e48 len16=0 a16=013987fc8e476edb b16=929e73966f466e59 len32=1 a32=ae10f08b77de61d7 b32=ae10f08b77de61d7 len128=1 a128=8eedf0e4cf7b5706 b128=8eedf0e4cf7b5706
hit worker=0 index=38634435 seed=cc55b0fabb1a7ab8 len16=0 a16=104ec35de46ab37a b16=32bb2abc7e24b310 len32=1 a32=7ab0f68dac78a5ff b32=7ab0f68dac78a5ff len128=1 a128=2a96c4c81197b185 b128=2a96c4c81197b185
hit worker=0 index=39559312 seed=12e2040a1ad56338 len16=0 a16=b47dd15e4165ee0f b16=bfa20ebdf7b9ca04 len32=1 a32=19f47536cb03d995 b32=19f47536cb03d995 len128=1 a128=1c51d4d552db86f7 b128=1c51d4d552db86f7
hit worker=0 index=43603399 seed=deff676826880681 len16=0 a16=8e1c117d2a7e838c b16=605de16c869fe95b len32=1 a32=68936daa0a34014a b32=68936daa0a34014a len128=1 a128=95b15dba8830c499 b128=95b15dba8830c499
hit worker=0 index=43728351 seed=ebc27da9ac320f08 len16=0 a16=d08157ae6c64615f b16=31d61c9f37df7c99 len32=1 a32=1365158f0667efb9 b32=1365158f0667efb9 len128=1 a128=cb34a8a3e025c375 b128=cb34a8a3e025c375
hit worker=0 index=46216762 seed=d23be72805ba64c0 len16=0 a16=a9afce7b8c85919c b16=496ace4a1e5c438a len32=1 a32=f830cd106ac2ed2a b32=f830cd106ac2ed2a len128=1 a128=0d15b811e7b6df9f b128=0d15b811e7b6df9f
hit worker=0 index=47345986 seed=ea340b6987faf7b3 len16=0 a16=60529bf2bf67478b b16=8704706dfbda0053 len32=1 a32=773e8fd49db4071f b32=773e8fd49db4071f len128=1 a128=627e69978802f37f b128=627e69978802f37f
hit worker=0 index=47806079 seed=1547f6ece4fc458c len16=0 a16=7deb1d895eda516a b16=223e58a80508ecf7 len32=1 a32=35f29f6f968f6aaf b32=35f29f6f968f6aaf len128=1 a128=d63a57caf112a7f6 b128=d63a57caf112a7f6
hit worker=0 index=48999731 seed=c51c942915a8343f len16=0 a16=80b9dc0f4d478355 b16=c1ddbcfe0defdf7b len32=1 a32=8ca67020a756cda3 b32=8ca67020a756cda3 len128=1 a128=0220641b9db5c2a3 b128=0220641b9db5c2a3
hit worker=0 index=57767182 seed=a370692a74203049 len16=0 a16=7dc81dc4e4da4fe7 b16=83a69bfbad54b5b6 len32=1 a32=d096527e078f5d86 b32=d096527e078f5d86 len128=1 a128=28236e6db38f01e0 b128=28236e6db38f01e0
hit worker=0 index=59902360 seed=b9c1fa2196a490b0 len16=0 a16=31e54fa41893a79f b16=e5a589cafc624560 len32=1 a32=fa94b83497914589 b32=fa94b83497914589 len128=1 a128=2f9706255d891b62 b128=2f9706255d891b62
hit worker=0 index=61836011 seed=bf65298f7dd8a672 len16=0 a16=06ce10290315902a b16=46192791d454812e len32=1 a32=a33e51e623ca8516 b32=a33e51e623ca8516 len128=1 a128=8fab5c5d65fd83ac b128=8fab5c5d65fd83ac
hit worker=0 index=62245530 seed=a7d1e6498b530f50 len16=0 a16=94c5212bac9f00e3 b16=38ea19db8291f04e len32=1 a32=d599a0ac6f17c800 b32=d599a0ac6f17c800 len128=1 a128=7643cd58fa1e1c7c b128=7643cd58fa1e1c7c
hit worker=0 index=65566220 seed=031fe8e93350067b len16=0 a16=64e113e2a5a396a8 b16=3bbb5a92b86c4339 len32=1 a32=732526bd1ae59468 b32=732526bd1ae59468 len128=1 a128=d84921b816828861 b128=d84921b816828861
hit worker=0 index=69760565 seed=4c3c04e1bb27b805 len16=0 a16=37bc9622f8d7c7ae b16=ac812bc922d1b5cd len32=1 a32=055cbf95804a9160 b32=055cbf95804a9160 len128=1 a128=b34e2743acd796da b128=b34e2743acd796da
hit worker=0 index=70514176 seed=c3a9660fc2b654de len16=0 a16=7f28ca881dc087cf b16=cc92b106dc64ce8d len32=1 a32=e0ed0fba3df0223d b32=e0ed0fba3df0223d len128=1 a128=3b9674575e153fdb b128=3b9674575e153fdb
hit worker=0 index=73144259 seed=35378221ff6d969b len16=0 a16=84923079477907dc b16=35f6123bd9c9c2d9 len32=1 a32=0def87f160193952 b32=0def87f160193952 len128=1 a128=b3563b2240d4ea76 b128=b3563b2240d4ea76
hit worker=0 index=73937317 seed=7a6b9b8accb8098e len16=0 a16=b94c5502572635fd b16=6fe6af558af78a3e len32=1 a32=cf670e98acc26aff b32=cf670e98acc26aff len128=1 a128=d54393bc8d24edad b128=d54393bc8d24edad
hit worker=0 index=74425504 seed=caf9da3907c0b255 len16=0 a16=7615a08abec2e774 b16=c1ad8de1fca1b50a len32=1 a32=2ce8e9d158eeeaf0 b32=2ce8e9d158eeeaf0 len128=1 a128=3d0f5c08192899d6 b128=3d0f5c08192899d6
hit worker=0 index=75052701 seed=cc9c1e0565a6bab0 len16=0 a16=a5e445be0b4820ab b16=3eaab6b2c8645bc8 len32=1 a32=dc540c25ce602a2d b32=dc540c25ce602a2d len128=1 a128=d7fdf0d3f31dd2c2 b128=d7fdf0d3f31dd2c2
hit worker=0 index=75159173 seed=17a0126c3af2b38b len16=0 a16=e52e23f698f47887 b16=fe34241fab19c80d len32=1 a32=9eccac85113e71f9 b32=9eccac85113e71f9 len128=1 a128=ea9432d07f69b2e3 b128=ea9432d07f69b2e3
hit worker=0 index=75741541 seed=62cfd757c897031e len16=0 a16=8161146d6c091ebf b16=43663d1e637a8209 len32=1 a32=b4bf798759e90e78 b32=b4bf798759e90e78 len128=1 a128=45abbd7c70caca7c b128=45abbd7c70caca7c
hit worker=0 index=76357672 seed=632b65a545381a0c len16=0 a16=b93c7f2e892f6269 b16=d7e02022f83b48a0 len32=1 a32=e5d89608600332d7 b32=e5d89608600332d7 len128=1 a128=2e4a37df66dca645 b128=2e4a37df66dca645
hit worker=0 index=76633030 seed=536421ee5c94e49f len16=0 a16=e3dc6b6128c93314 b16=f50d5b7776f02d06 len32=1 a32=d938e162d8bd7836 b32=d938e162d8bd7836 len128=1 a128=5eb2c635a70bdb99 b128=5eb2c635a70bdb99
hit worker=0 index=78576789 seed=0976cfc9743e6f2d len16=0 a16=44e8b87eec910f19 b16=29f51b0ce94a2a10 len32=1 a32=825246be2528d83b b32=825246be2528d83b len128=1 a128=e0dc1853c9ccae13 b128=e0dc1853c9ccae13
hit worker=0 index=79184644 seed=cc0f7922de8c559f len16=0 a16=9c6aa69d7abd5e25 b16=b2e6c4b78d777128 len32=1 a32=7bbe7b59979c78e2 b32=7bbe7b59979c78e2 len128=1 a128=ed224d09642ab5c3 b128=ed224d09642ab5c3
hit worker=0 index=79186983 seed=ab6212a8de67239f len16=0 a16=0d2482fcaf9075f3 b16=a878c8fe56d05264 len32=1 a32=3c5ffbecf0d70926 b32=3c5ffbecf0d70926 len128=1 a128=0777707088edb389 b128=0777707088edb389
hit worker=0 index=80637700 seed=722b9174a8a9407d len16=0 a16=80f24bfe21568d17 b16=1cd5e13734b5ca24 len32=1 a32=163d94b0abae836b b32=163d94b0abae836b len128=1 a128=fdfa38c621b30bcb b128=fdfa38c621b30bcb
hit worker=0 index=85995278 seed=936b7fe128586311 len16=0 a16=6cfb91c249062c42 b16=fb20b7049de156fa len32=1 a32=d6fb34c535c15dae b32=d6fb34c535c15dae len128=1 a128=e8a484b6eba224f8 b128=e8a484b6eba224f8
hit worker=0 index=88832406 seed=92e137c95c3fe301 len16=0 a16=2ed955daa5683781 b16=13574a7a83039042 len32=1 a32=32c30c58dc663ced b32=32c30c58dc663ced len128=1 a128=29a67092b1938958 b128=29a67092b1938958
hit worker=0 index=89070140 seed=a3a17e67faa3c814 len16=0 a16=f7ac13269a5f01ac b16=7b1b8b4c4ce71123 len32=1 a32=849103d800e363f5 b32=849103d800e363f5 len128=1 a128=18f2500336d16f67 b128=18f2500336d16f67
hit worker=0 index=89482127 seed=7b542a953c00e531 len16=0 a16=e439c4954f013097 b16=bf2568ebcaec7315 len32=1 a32=c115a09f478b0468 b32=c115a09f478b0468 len128=1 a128=cdc99ef82bb44cf6 b128=cdc99ef82bb44cf6
hit worker=0 index=90265578 seed=c2df9834c63c55c2 len16=0 a16=a643285df0f871fe b16=de8d5c12cd5b43d2 len32=1 a32=2d3800c63e23d0b5 b32=2d3800c63e23d0b5 len128=1 a128=25c89fb71566b598 b128=25c89fb71566b598
hit worker=0 index=94539158 seed=4811a4edc2b7fe98 len16=0 a16=7b0192bf80034fed b16=f33defc7af0392d6 len32=1 a32=e7acae20c7fc77a8 b32=e7acae20c7fc77a8 len128=1 a128=079e01445b431207 b128=079e01445b431207
hit worker=0 index=95122001 seed=5c20232e3e67d4f9 len16=0 a16=8aefdb1ad6094370 b16=5e33edecee3b94dc len32=1 a32=47a7724f6740d23a b32=47a7724f6740d23a len128=1 a128=fa9de076f65f93a2 b128=fa9de076f65f93a2
hit worker=0 index=95409057 seed=7c2f98fb96740f16 len16=0 a16=a704956eddafd053 b16=45e2789f8ae35fda len32=1 a32=e1ecfa83879d23b3 b32=e1ecfa83879d23b3 len128=1 a128=e5239774ea37c486 b128=e5239774ea37c486
hit worker=0 index=96789374 seed=fcbcaee6c40c7cd1 len16=0 a16=36e6c013ef8752cf b16=3a891d1056bdc03a len32=1 a32=5bcc567955e2a30d b32=5bcc567955e2a30d len128=1 a128=fc538e5aa013e798 b128=fc538e5aa013e798
hit worker=0 index=101628266 seed=77a84a37f5c80f9c len16=0 a16=8e15824e7f833748 b16=26790116569fbec9 len32=1 a32=6b4e8b4a97d750c5 b32=6b4e8b4a97d750c5 len128=1 a128=34c8769fcf799528 b128=34c8769fcf799528
hit worker=0 index=103097483 seed=2016d902b6d72500 len16=0 a16=53294d1d1a290993 b16=a3c4defd349fbbd8 len32=1 a32=4b7398e5e3747fd8 b32=4b7398e5e3747fd8 len128=1 a128=ee0d26742506e443 b128=ee0d26742506e443
hit worker=0 index=107048649 seed=80d99783dc948dc5 len16=0 a16=63d656fe9833dae8 b16=e327183291d5dc91 len32=1 a32=378dc01558e669d4 b32=378dc01558e669d4 len128=1 a128=76fa619ea18c93c1 b128=76fa619ea18c93c1
hit worker=0 index=108367575 seed=b00c46f4b2f0e438 len16=0 a16=871864b892eb9bd8 b16=1471a0e6b5726eb0 len32=1 a32=3df4c90f659f0d5a b32=3df4c90f659f0d5a len128=1 a128=2693e8fd373cfb47 b128=2693e8fd373cfb47
hit worker=0 index=109049430 seed=cbf418232e54800b len16=0 a16=08cd10a5c940f5eb b16=c0bfcf4a0093a55f len32=1 a32=3b2abef71ddbcd83 b32=3b2abef71ddbcd83 len128=1 a128=63ba88bbba29a937 b128=63ba88bbba29a937
hit worker=0 index=110197139 seed=93115f5fb33c67cc len16=0 a16=7f1739f59c5711c5 b16=6273c5b409bbc746 len32=1 a32=219603ef5bab3bb6 b32=219603ef5bab3bb6 len128=1 a128=6d83675f92badae3 b128=6d83675f92badae3
hit worker=0 index=111896516 seed=5b6386253b192143 len16=0 a16=ca69d8aef8ee5b9e b16=ca4abe70cf833e86 len32=1 a32=05e4b98820ddb1fe b32=05e4b98820ddb1fe len128=1 a128=36aa94d07e33589d b128=36aa94d07e33589d
hit worker=0 index=113762312 seed=5b45f7d41c68063c len16=0 a16=c687bde7e14a2b84 b16=f3fa054de1dc9522 len32=1 a32=5d78e518253cb469 b32=5d78e518253cb469 len128=1 a128=d4cfacd0af78e4ad b128=d4cfacd0af78e4ad
hit worker=0 index=116160910 seed=9ac583dd25df9e98 len16=0 a16=d8d419b3f090b00e b16=c760306f3c0fd2a8 len32=1 a32=3d5d87c926120c74 b32=3d5d87c926120c74 len128=1 a128=517d23beaced48b5 b128=517d23beaced48b5
hit worker=0 index=116236207 seed=6b31e4fb7e912a11 len16=0 a16=860fce413894f6d9 b16=a8bb26794d003347 len32=1 a32=6f5f9e3b2cace388 b32=6f5f9e3b2cace388 len128=1 a128=daaa20713379f815 b128=daaa20713379f815
hit worker=0 index=116500373 seed=0c339489f87bd0bf len16=0 a16=1b88d9c3359e5e45 b16=0c75c5c9ff6eb51d len32=1 a32=6dc5501ccdd0524b b32=6dc5501ccdd0524b len128=1 a128=4266ab65c323c17b b128=4266ab65c323c17b
hit worker=0 index=121156503 seed=d33897c0d1db3183 len16=0 a16=cb2dd8e7323f40d4 b16=0be82daad2d44df6 len32=1 a32=72e956634a173a33 b32=72e956634a173a33 len128=1 a128=9a93918ff3b11fb2 b128=9a93918ff3b11fb2
hit worker=0 index=123105879 seed=42cc0aefeaf8fd0a len16=0 a16=873bbbd839cb97a2 b16=67535aaddb4ec628 len32=1 a32=ec24bda386bcb303 b32=ec24bda386bcb303 len128=1 a128=bf0960a94b166b13 b128=bf0960a94b166b13
hit worker=0 index=124194990 seed=db93fec7c39fa5e1 len16=0 a16=8fceeee1abba79a3 b16=5a720f69f5dd69de len32=1 a32=44743982061e39aa b32=44743982061e39aa len128=1 a128=07c5500aafb598e3 b128=07c5500aafb598e3
hit worker=0 index=124783721 seed=d3817ea7954f5ccd len16=0 a16=e3f726d7b10ef55f b16=b6bd7f6a4c313718 len32=1 a32=10ed86f03b79ee33 b32=10ed86f03b79ee33 len128=1 a128=98a5422a8b936663 b128=98a5422a8b936663
hit worker=0 index=124898580 seed=ca2df8395595a234 len16=0 a16=5f9cbe10d7b9f428 b16=4cbb5c2d160273d2 len32=1 a32=cf27698ea3af1401 b32=cf27698ea3af1401 len128=1 a128=710ec7aba2f26f8e b128=710ec7aba2f26f8e
hit worker=0 index=126593075 seed=6dd5e48d15df7162 len16=0 a16=eddee56a23633e96 b16=0a91d711310cde94 len32=1 a32=8c924d6025cd90f3 b32=8c924d6025cd90f3 len128=1 a128=6666d74393589d95 b128=6666d74393589d95
hit worker=0 index=129317546 seed=39795f90db7441a8 len16=0 a16=d3ad90cde404b94c b16=6b89a121ba79d554 len32=1 a32=0d6487b37bf5b960 b32=0d6487b37bf5b960 len128=1 a128=211da187510dbfca b128=211da187510dbfca
hit worker=0 index=129751104 seed=3c827835ad49ca8f len16=0 a16=af28e6fc4c17243d b16=f107af86693d72ef len32=1 a32=0f5d3b0c0b870614 b32=0f5d3b0c0b870614 len128=1 a128=ef9c65809296f655 b128=ef9c65809296f655
hit worker=0 index=131514352 seed=dbf96ab0846cf73e len16=0 a16=cf54c375272b9820 b16=987c6693c0c3c541 len32=1 a32=fa9a3dbdd2e97367 b32=fa9a3dbdd2e97367 len128=1 a128=2ae925f17dec4dc4 b128=2ae925f17dec4dc4
hit worker=0 index=131631862 seed=9b87ec1b975ac100 len16=0 a16=da259806b7cf6ba5 b16=ea95ca11eb2e4ca6 len32=1 a32=9c35f0e08d4001c6 b32=9c35f0e08d4001c6 len128=1 a128=70a25ea047bcc362 b128=70a25ea047bcc362
hit worker=0 index=132901778 seed=4bc13a113cf49e08 len16=0 a16=e58f96994de28a22 b16=5fd9ae03690656a2 len32=1 a32=16b660573cacc111 b32=16b660573cacc111 len128=1 a128=8bfd5dbdd933f89a b128=8bfd5dbdd933f89a
hit worker=0 index=133972623 seed=b69e182d3b672f38 len16=0 a16=681f1558fb536736 b16=ace0b1b0e1c0f995 len32=1 a32=c6ee606ee731165c b32=c6ee606ee731165c len128=1 a128=d88edf0480517dcf b128=d88edf0480517dcf
hit worker=0 index=134148666 seed=0b9664553854cc5e len16=0 a16=46813846a6e32e81 b16=142469dab5ecca59 len32=1 a32=a6de61c0982e9cd1 b32=a6de61c0982e9cd1 len128=1 a128=fa906dac2a3e95fc b128=fa906dac2a3e95fc
hit worker=0 index=136146591 seed=b259a2d2344446ba len16=0 a16=114dc991ad4d4b94 b16=0b201cfd6946175b len32=1 a32=6ed6a55096147bd0 b32=6ed6a55096147bd0 len128=1 a128=66f3a5ce01697640 b128=66f3a5ce01697640
hit worker=0 index=139549197 seed=4a3cde4138cbd226 len16=0 a16=5499e4d872ad55c0 b16=cd69c69043be92ef len32=1 a32=df52b20f7102af01 b32=df52b20f7102af01 len128=1 a128=25ed4faa7ee5ab38 b128=25ed4faa7ee5ab38
hit worker=0 index=140485352 seed=944f358f19bbb0b7 len16=0 a16=f416b1275f4e94b0 b16=df823a297a5d8d8b len32=1 a32=4666341e2d577a91 b32=4666341e2d577a91 len128=1 a128=90266d1719eb4352 b128=90266d1719eb4352
hit worker=0 index=143846309 seed=7c23c382fdcb2721 len16=0 a16=b1840d359a155cd0 b16=2283e9cc257ca264 len32=1 a32=b42a1a689d41736e b32=b42a1a689d41736e len128=1 a128=cbdc9c2a9a4acdd1 b128=cbdc9c2a9a4acdd1
hit worker=0 index=145330239 seed=a302161238afb588 len16=0 a16=ef7569490df8c3da b16=a7939fd7648da270 len32=1 a32=3325c1c7df15efbd b32=3325c1c7df15efbd len128=1 a128=87dee0d66de33a2c b128=87dee0d66de33a2c
hit worker=0 index=145948110 seed=82d59a33bb086f08 len16=0 a16=76b47f756f9be4bf b16=3a51ddde2f3d02f6 len32=1 a32=838e984807cdb0bf b32=838e984807cdb0bf len128=1 a128=23e00db4e43c71a4 b128=23e00db4e43c71a4
hit worker=0 index=146324221 seed=9c9f350eb4319f94 len16=0 a16=7e03cc2a3f874946 b16=e833255002fd0900 len32=1 a32=1bae03e56452b496 b32=1bae03e56452b496 len128=1 a128=9fa636324c23a15f b128=9fa636324c23a15f
hit worker=0 index=146378302 seed=0476ca7b6533993e len16=0 a16=9a3d28d31c9c7084 b16=7bd41e70db8aaf33 len32=1 a32=91ece11380c0c52e b32=91ece11380c0c52e len128=1 a128=817367cafaa3af38 b128=817367cafaa3af38
hit worker=0 index=149736261 seed=06a284e06d19487e len16=0 a16=09e0a05b87ca536a b16=83c0605283687e3e len32=1 a32=2c577ff5fe149f47 b32=2c577ff5fe149f47 len128=1 a128=8234b5d489a61b20 b128=8234b5d489a61b20
hit worker=0 index=151833846 seed=64b9e6cadedb7b30 len16=0 a16=99f4168683915970 b16=5bbc77d423b3127b len32=1 a32=70f2b7bceadeeeef b32=70f2b7bceadeeeef len128=1 a128=2e54a5e7982d3bbc b128=2e54a5e7982d3bbc
hit worker=0 index=152327703 seed=4465d2e985388201 len16=0 a16=00c85ff54cd2476e b16=3a8de09526fbcdf2 len32=1 a32=3cfeae8cd4c7b03b b32=3cfeae8cd4c7b03b len128=1 a128=cdf50ef14c526c4e b128=cdf50ef14c526c4e
hit worker=0 index=154038487 seed=bb77878a321ffd5f len16=0 a16=2da7d548e13f59fa b16=ed8d701b9aacbcde len32=1 a32=721accf76c02a276 b32=721accf76c02a276 len128=1 a128=55923eda32406722 b128=55923eda32406722
hit worker=0 index=156195090 seed=747e372cbdf7eccc len16=0 a16=49d268af4324da55 b16=dffa6b781840942c len32=1 a32=493ed31efac54703 b32=493ed31efac54703 len128=1 a128=38d0978d7baf8810 b128=38d0978d7baf8810
hit worker=0 index=157420102 seed=d1f9771a36873e1b len16=0 a16=fd37204664d6c1cf b16=573cb4309018f9b1 len32=1 a32=cbdb9ebdf8a5de4e b32=cbdb9ebdf8a5de4e len128=1 a128=099be89753c0b727 b128=099be89753c0b727
hit worker=0 index=157728586 seed=0b8e087db9b83b0b len16=0 a16=7743d05cbd7f331f b16=c560ba139e099f72 len32=1 a32=77162ebc960344a9 b32=77162ebc960344a9 len128=1 a128=5e7299aebb73cac0 b128=5e7299aebb73cac0
hit worker=0 index=158737405 seed=624be459829486cf len16=0 a16=1bd27315a474e95f b16=75118e3e4a47983e len32=1 a32=3f12becb0097b292 b32=3f12becb0097b292 len128=1 a128=f43466a68e0a16bb b128=f43466a68e0a16bb
hit worker=0 index=160739276 seed=62d1e79073c4eef0 len16=0 a16=8cb9b29a09dcdb81 b16=0ca3d5fc5f532428 len32=1 a32=22576ed8dac65a59 b32=22576ed8dac65a59 len128=1 a128=e9896162a0fdd55d b128=e9896162a0fdd55d
hit worker=0 index=170972289 seed=c5c3cb87e0306aa7 len16=0 a16=a95cddd58dba0d03 b16=fb265f3be8b8a150 len32=1 a32=597c95279f1b2dc3 b32=597c95279f1b2dc3 len128=1 a128=4413e294a2c0e371 b128=4413e294a2c0e371
hit worker=0 index=171089485 seed=c0d7de41f31b20b8 len16=0 a16=d665ed5fbd1c5e73 b16=c9bb62f79eef421b len32=1 a32=d1aa76e228a99888 b32=d1aa76e228a99888 len128=1 a128=64ca3b501d05430d b128=64ca3b501d05430d
hit worker=0 index=172082306 seed=1b220a60e8d7dd9e len16=0 a16=ee44b2daff8772f7 b16=78c73dbfa0508cac len32=1 a32=fa2044fa74fe4167 b32=fa2044fa74fe4167 len128=1 a128=0d5b62e01d100bf5 b128=0d5b62e01d100bf5
hit worker=0 index=173025901 seed=3b2389d206b7bef0 len16=0 a16=67c00b046e467e11 b16=6be7cbefc69bcd51 len32=1 a32=baf91a5af970b135 b32=baf91a5af970b135 len128=1 a128=466783a403e50079 b128=466783a403e50079
hit worker=0 index=174246727 seed=24d973ccb5d4d6d3 len16=0 a16=5754c953e1faa178 b16=4d5f2c21006c9bef len32=1 a32=d2c74484ea67d502 b32=d2c74484ea67d502 len128=1 a128=c0457d5b45dd9370 b128=c0457d5b45dd9370
hit worker=0 index=178548793 seed=5b9fdc493cd5501c len16=0 a16=c45837130ae8f444 b16=e7a21bfbd45ac341 len32=1 a32=72678a64a3cd452c b32=72678a64a3cd452c len128=1 a128=41b8e6b37844b206 b128=41b8e6b37844b206
hit worker=0 index=183943766 seed=46c3788aa64c64b7 len16=0 a16=425e26066de121ae b16=85093ff62aa03ae4 len32=1 a32=c6c31193de529800 b32=c6c31193de529800 len128=1 a128=90307b6fc52190d5 b128=90307b6fc52190d5
hit worker=0 index=196563830 seed=0387f49203a8fdb4 len16=0 a16=24c734d76cddd473 b16=d2126435f6ff081f len32=1 a32=ec50c60b2469ebff b32=ec50c60b2469ebff len128=1 a128=3ec80e9527302db4 b128=3ec80e9527302db4
hit worker=0 index=196726058 seed=cd5d7da43f442843 len16=0 a16=dd1feb4d21b30930 b16=2bbfbf1e3a837f7f len32=1 a32=fee96eca9952af3c b32=fee96eca9952af3c len128=1 a128=f714a95bb29d81d4 b128=f714a95bb29d81d4
hit worker=0 index=199993574 seed=03dfafe7628013c5 len16=0 a16=abc22e5ee6ad8181 b16=b677aafdb7de17ea len32=1 a32=9e5110b53241cf24 b32=9e5110b53241cf24 len128=1 a128=057447c4d5d86258 b128=057447c4d5d86258
hit worker=0 index=200355169 seed=5b622f8e6fb3d7a5 len16=0 a16=5a39bbd0ffae8575 b16=bff3168dd66aa936 len32=1 a32=120d4e9e726c82d5 b32=120d4e9e726c82d5 len128=1 a128=ceebd2a1e4d60eca b128=ceebd2a1e4d60eca
hit worker=0 index=206634855 seed=15d708310ea43648 len16=0 a16=1959af8e22672a0c b16=ef523d7580577902 len32=1 a32=2d2310aba38706e3 b32=2d2310aba38706e3 len128=1 a128=249da33f1287e10c b128=249da33f1287e10c
hit worker=0 index=208966166 seed=1688c3f7f914ea8e len16=0 a16=e93786fdb1d36db9 b16=9ec80a0627184d9c len32=1 a32=715554bb421aeef4 b32=715554bb421aeef4 len128=1 a128=e4f518f600466081 b128=e4f518f600466081
hit worker=0 index=210583497 seed=73bd34c93039d6cf len16=0 a16=c7618902616cc6fc b16=32d2452357e01016 len32=1 a32=08b0f1ce77ea73d2 b32=08b0f1ce77ea73d2 len128=1 a128=87a174eec2f20119 b128=87a174eec2f20119
hit worker=0 index=210681532 seed=12849706069afdce len16=0 a16=3c7089f041d38dd7 b16=c223cf18b61cd77f len32=1 a32=4c17caeeeb2a8337 b32=4c17caeeeb2a8337 len128=1 a128=f4173de6ce0b2b5b b128=f4173de6ce0b2b5b
hit worker=0 index=218865723 seed=4b419ea52ad34b4e len16=0 a16=2dc9a156bd762a6f b16=15beacd75505d143 len32=1 a32=03b6dd1ca4c2b1b9 b32=03b6dd1ca4c2b1b9 len128=1 a128=1612e4b2e34d1592 b128=1612e4b2e34d1592
hit worker=0 index=223958044 seed=db9ff61eccdbe7b0 len16=0 a16=be15427aa7035c0e b16=21b25b456727ef3b len32=1 a32=ed67e81c331eca97 b32=ed67e81c331eca97 len128=1 a128=61db66b6ecd1273d b128=61db66b6ecd1273d
hit worker=0 index=224721703 seed=0cf0b69165eab488 len16=0 a16=549382e72e2963fa b16=b2cab2aeaed0ade6 len32=1 a32=52649b2a7d9fb28e b32=52649b2a7d9fb28e len128=1 a128=436235e2b58f8eec b128=436235e2b58f8eec
hit worker=0 index=229618415 seed=82bd4c21d9a06f26 len16=0 a16=4ff79341dae4f292 b16=c630ecd25ec334a8 len32=1 a32=f7de35839c00beba b32=f7de35839c00beba len128=1 a128=b8f76d50d8c6a65f b128=b8f76d50d8c6a65f
hit worker=0 index=231731119 seed=75040e6d344d2838 len16=0 a16=3e08ab0b8c640109 b16=68619e914f1b0c10 len32=1 a32=cd732d4d8c8f8bc3 b32=cd732d4d8c8f8bc3 len128=1 a128=600554441246d51c b128=600554441246d51c
hit worker=0 index=232185062 seed=cc23666c44de216c len16=0 a16=49df4986995a9b05 b16=89c253624648c3fe len32=1 a32=c64a3f7105af0993 b32=c64a3f7105af0993 len128=1 a128=b9b226c52c5e2501 b128=b9b226c52c5e2501
hit worker=0 index=233066580 seed=0f08ac57b122f821 len16=0 a16=8fb13d8cd705f033 b16=f8ef89eff3f6587a len32=1 a32=95de11232e85ef91 b32=95de11232e85ef91 len128=1 a128=f0f0c401e7da0df6 b128=f0f0c401e7da0df6
hit worker=0 index=233089446 seed=22ae45e478b4dd9a len16=0 a16=f13414aa3b3098c3 b16=9b19d08231d77ae9 len32=1 a32=5091b5886725072b b32=5091b5886725072b len128=1 a128=efb47a161fb13c3e b128=efb47a161fb13c3e
hit worker=0 index=236513600 seed=04ab545b6a3791b8 len16=0 a16=3dba5f1f622d49db b16=169f5d8ef0e833b1 len32=1 a32=dfc4384fe668f469 b32=dfc4384fe668f469 len128=1 a128=4e01061941f126e1 b128=4e01061941f126e1
hit worker=0 index=238676261 seed=aeb196e1bfc67c3c len16=0 a16=482288f38074a4c7 b16=4917c5e59451641e len32=1 a32=07dccc4010c20da3 b32=07dccc4010c20da3 len128=1 a128=5398226997c64c1c b128=5398226997c64c1c
hit worker=0 index=239546399 seed=055d76e29380502e len16=0 a16=f42c4de384f2932a b16=45ade9a873a44bfd len32=1 a32=c1158fcaf1f4ffe7 b32=c1158fcaf1f4ffe7 len128=1 a128=a24f978d74f3bd09 b128=a24f978d74f3bd09
hit worker=0 index=241006742 seed=a77d8954ab349871 len16=0 a16=eaa6f47cbf24eec4 b16=27936a474256e30e len32=1 a32=12fce39850f2daee b32=12fce39850f2daee len128=1 a128=a32ff25708b52667 b128=a32ff25708b52667
hit worker=0 index=241797014 seed=493e837a28497c20 len16=0 a16=4ab468d93d8e6243 b16=2d328fad0a9e7281 len32=1 a32=1c0cc84df6aded80 b32=1c0cc84df6aded80 len128=1 a128=b592542332024faa b128=b592542332024faa
hit worker=0 index=243283229 seed=171770d5bdf348fe len16=0 a16=03d9cb087a5fd8e4 b16=1f6ff6094ae1e8b3 len32=1 a32=44a0f734e1c3a092 b32=44a0f734e1c3a092 len128=1 a128=0657fe31abd6d134 b128=0657fe31abd6d134
hit worker=0 index=245680716 seed=6a43a777761bac2d len16=0 a16=1899675c41a8d179 b16=07c3d00b614922c1 len32=1 a32=fa756fe3dfdce468 b32=fa756fe3dfdce468 len128=1 a128=058cdc26b1543542 b128=058cdc26b1543542
hit worker=0 index=245808204 seed=060256e99e3c53b0 len16=0 a16=e1e6dad8576d9ca8 b16=0903b33f876bf8aa len32=1 a32=92e757f2f3f23f4d b32=92e757f2f3f23f4d len128=1 a128=b2fb73762683d301 b128=b2fb73762683d301
hit worker=0 index=248170303 seed=0b1453d267b66314 len16=0 a16=2eeca5a3d2190afc b16=2925171ab830e731 len32=1 a32=4f438ca7bafb5b6f b32=4f438ca7bafb5b6f len128=1 a128=68577221a9acdb8d b128=68577221a9acdb8d
hit worker=0 index=251486549 seed=d737161f6b33602c len16=0 a16=ed87d25dc533c328 b16=b598fd8619d7d2c9 len32=1 a32=ddb368be364d5a1c b32=ddb368be364d5a1c len128=1 a128=8d25540eb45bbe57 b128=8d25540eb45bbe57
hit worker=0 index=256541143 seed=a2e1c3a21c77ce44 len16=0 a16=708b29becf604b8c b16=a608550a36ad55de len32=1 a32=40d748f26a0396af b32=40d748f26a0396af len128=1 a128=95101a569cdf31cf b128=95101a569cdf31cf
hit worker=0 index=258117646 seed=8b618ee6142b09c4 len16=0 a16=127b6538cdb8fe65 b16=1d8a2cad3a33b5ea len32=1 a32=b991f5756c8e1c76 b32=b991f5756c8e1c76 len128=1 a128=1e8721170febf6c8 b128=1e8721170febf6c8
hit worker=0 index=262036267 seed=f27de2d3a183cf96 len16=0 a16=c429c1e27099124a b16=4953ba0b4106ce54 len32=1 a32=803baafd16891a51 b32=803baafd16891a51 len128=1 a128=17aaa1ebfe674490 b128=17aaa1ebfe674490
hit worker=0 index=265774094 seed=b6b3e2e6b21af9cc len16=0 a16=cd6d1e3c867e7b17 b16=6b7235ff69bf8b27 len32=1 a32=32d01ed360958dc0 b32=32d01ed360958dc0 len128=1 a128=7c6f53bdfccbe0f7 b128=7c6f53bdfccbe0f7
hit worker=0 index=266319090 seed=92fbdda5e339b88b len16=0 a16=d7ed5cf88dcd3fe8 b16=0c58f30ce5f38981 len32=1 a32=3b91cace8e29ad90 b32=3b91cace8e29ad90 len128=1 a128=96be53412ac5d823 b128=96be53412ac5d823
hit worker=0 index=266474600 seed=6b1326c5b418b78b len16=0 a16=85f42cf20145c0e2 b16=fe9dc622eb27ec53 len32=1 a32=df2aa09abce217de b32=df2aa09abce217de len128=1 a128=cf5931ae86879577 b128=cf5931ae86879577
hit worker=0 index=267916029 seed=a2e18c1df43c43c8 len16=0 a16=1b1726cff3c49825 b16=e59bdf30965c8e02 len32=1 a32=90505095f8a46612 b32=90505095f8a46612 len128=1 a128=94f5cd1922b737ea b128=94f5cd1922b737ea
hit worker=0 index=268902059 seed=933fe386fd9867a0 len16=0 a16=001c3d4844c964e8 b16=9bedba753c735ef2 len32=1 a32=9cf375bb01bb74ee b32=9cf375bb01bb74ee len128=1 a128=a27db308038a8ba8 b128=a27db308038a8ba8
hit worker=0 index=271369144 seed=158e660b0bd984dc len16=0 a16=d912a9f418317763 b16=90565a2224f24b36 len32=1 a32=92e015b4691f4e4d b32=92e015b4691f4e4d len128=1 a128=e359856cedc4bffc b128=e359856cedc4bffc
hit worker=0 index=273587461 seed=08735740f486a2a4 len16=0 a16=3a3b8d75217f0072 b16=126caafa5d1052c3 len32=1 a32=3f75586ac41bde51 b32=3f75586ac41bde51 len128=1 a128=da9089455e1b7ce7 b128=da9089455e1b7ce7
hit worker=0 index=274905680 seed=e8a7fb85bdb8478c len16=0 a16=6c45d342503a018b b16=09f9d26318106e12 len32=1 a32=c402410eb5075fb4 b32=c402410eb5075fb4 len128=1 a128=72c89a57785514b3 b128=72c89a57785514b3
hit worker=0 index=275593899 seed=fa413617ef9dff04 len16=0 a16=c79897350261fa14 b16=220196691c4407f7 len32=1 a32=59167d7551bc719d b32=59167d7551bc719d len128=1 a128=7efcfa81a8c1c3a6 b128=7efcfa81a8c1c3a6
hit worker=0 index=275894366 seed=337e06a3bce1a2ec len16=0 a16=9b44f9708518e0d9 b16=0ede94723b970974 len32=1 a32=9c5aea0bd58369b8 b32=9c5aea0bd58369b8 len128=1 a128=7d4241112c86ef80 b128=7d4241112c86ef80
hit worker=0 index=281982776 seed=19fc2523468d18f0 len16=0 a16=5504a71abb1af27b b16=80be816191dba8d4 len32=1 a32=3afbffeb14911c5c b32=3afbffeb14911c5c len128=1 a128=99c3f1de0f68f172 b128=99c3f1de0f68f172
hit worker=0 index=284864415 seed=99b7f7dd2d1d7517 len16=0 a16=ed4bb16769f388b2 b16=03006b3e33fde217 len32=1 a32=90db0afd9240d27c b32=90db0afd9240d27c len128=1 a128=727a3b67805fa66c b128=727a3b67805fa66c
hit worker=0 index=288666219 seed=936b0787fd8c887e len16=0 a16=b1320a77343348bf b16=a16ed14104d18633 len32=1 a32=c943c82e52b5be81 b32=c943c82e52b5be81 len128=1 a128=210a2c7f23fc7b12 b128=210a2c7f23fc7b12
hit worker=0 index=288689168 seed=536fd9c9048850d3 len16=0 a16=186138c6e743881c b16=452b33ca268c4aa6 len32=1 a32=8b2b68a6ed6c805e b32=8b2b68a6ed6c805e len128=1 a128=ca6beb70c05c5dc4 b128=ca6beb70c05c5dc4
hit worker=0 index=290697016 seed=03848fdd94b47c6e len16=0 a16=53a2e3cec24e1436 b16=c7ced31b3bea0a82 len32=1 a32=82fea27e02e50438 b32=82fea27e02e50438 len128=1 a128=08d5465147351074 b128=08d5465147351074
hit worker=0 index=291335887 seed=d8e22a0f057e06a6 len16=0 a16=bf7badd36e37b776 b16=cec899236c1eecfa len32=1 a32=0c2913d4bdb785c2 b32=0c2913d4bdb785c2 len128=1 a128=29ba195d8767db65 b128=29ba195d8767db65
hit worker=0 index=291863392 seed=532179c7ccef7b16 len16=0 a16=d375c7890bdd1835 b16=0ff4dc9cad02c51e len32=1 a32=6a21031c947d4a3f b32=6a21031c947d4a3f len128=1 a128=99e6ce94840859d1 b128=99e6ce94840859d1
hit worker=0 index=293712740 seed=cb7f7e926c5b4fa8 len16=0 a16=218419d8e3a81db0 b16=c50243c4dc8eeaa2 len32=1 a32=87e56c70d0985944 b32=87e56c70d0985944 len128=1 a128=f35b826d091a4373 b128=f35b826d091a4373
hit worker=0 index=295225311 seed=431ee282b8d84ca4 len16=0 a16=ccc1deaabfc2af7a b16=0ebbec69625a3859 len32=1 a32=4b4dc278455b812e b32=4b4dc278455b812e len128=1 a128=8fabca2cbc80e19f b128=8fabca2cbc80e19f
hit worker=0 index=297072086 seed=0a840f2aafba72d0 len16=0 a16=2467e2b9d4892383 b16=868960642538fc2d len32=1 a32=ce6df3fdf1a55c5c b32=ce6df3fdf1a55c5c len128=1 a128=3b078aa51f7c2215 b128=3b078aa51f7c2215
hit worker=0 index=298290792 seed=a5e60ee7aef41803 len16=0 a16=1437064f9a71751c b16=a0534b1e169987b8 len32=1 a32=8bce03fc083cd6b4 b32=8bce03fc083cd6b4 len128=1 a128=499db516dd0bc39a b128=499db516dd0bc39a
hit worker=0 index=301135649 seed=c85f1716b3053242 len16=0 a16=2b9ffbf8b8862370 b16=ba4fd9eac6d8f0e5 len32=1 a32=332512583e28e2ea b32=332512583e28e2ea len128=1 a128=9b448aa7d8e49f9e b128=9b448aa7d8e49f9e
hit worker=0 index=304527499 seed=16ee48dae4bcc45c len16=0 a16=0f72f3eb161aff53 b16=ce89829fd66583ab len32=1 a32=03102327f427b932 b32=03102327f427b932 len128=1 a128=1d1e25cd9c88ae61 b128=1d1e25cd9c88ae61
hit worker=0 index=311438048 seed=a239992bc66fc41a len16=0 a16=ca74771ac2edbcfc b16=96aec061e520513b len32=1 a32=451cc61bbee3cc4e b32=451cc61bbee3cc4e len128=1 a128=db112027c9f6c403 b128=db112027c9f6c403
hit worker=0 index=316079805 seed=937e072b46780c3c len16=0 a16=dde2e48abc717e58 b16=5e6788b343a66b7f len32=1 a32=5257e9077ce2b473 b32=5257e9077ce2b473 len128=1 a128=d67e5518086dcfa0 b128=d67e5518086dcfa0
hit worker=0 index=318235792 seed=95a5f2c5bbbfdae7 len16=0 a16=855382e93ec56247 b16=329ea716c00ba15e len32=1 a32=fa5263eef47f46eb b32=fa5263eef47f46eb len128=1 a128=d893155fb7fe0228 b128=d893155fb7fe0228
hit worker=0 index=325550838 seed=09f5c7b741a7df92 len16=0 a16=0160fc8185f9e3c6 b16=2a3b819dfa6c3d4a len32=1 a32=f6f3396eec428bc1 b32=f6f3396eec428bc1 len128=1 a128=d51fbddf788e1799 b128=d51fbddf788e1799
hit worker=0 index=325989600 seed=4c01c1fe23cff4f4 len16=0 a16=d3427f376cc0d09a b16=d2fc02707ca3ee3e len32=1 a32=4b641487764f6869 b32=4b641487764f6869 len128=1 a128=b429362c3f8a9585 b128=b429362c3f8a9585
hit worker=0 index=326050969 seed=4b3afeb9ab4c1e9c len16=0 a16=bc71a2057b432d61 b16=9e6bd6df73806bfb len32=1 a32=bdccc8d806dee840 b32=bdccc8d806dee840 len128=1 a128=6a44e11e546489c3 b128=6a44e11e546489c3
hit worker=0 index=326402648 seed=5b9e0b559d569703 len16=0 a16=22488830bd01a062 b16=70b3d639340896b9 len32=1 a32=2043bafe9cf465fb b32=2043bafe9cf465fb len128=1 a128=55f1750a9e5d9cc2 b128=55f1750a9e5d9cc2
hit worker=0 index=327353018 seed=929895c986fd607a len16=0 a16=4abf08594bf15987 b16=0cda96e4d4fa3480 len32=1 a32=312a19cacd06d4e6 b32=312a19cacd06d4e6 len128=1 a128=dd16f2fe9ec686e6 b128=dd16f2fe9ec686e6
hit worker=0 index=328370278 seed=8cb647cdd28e1991 len16=0 a16=116ff3b30e35a376 b16=a126f209f8316a64 len32=1 a32=10df6fd3c6638852 b32=10df6fd3c6638852 len128=1 a128=19d5e931be78125e b128=19d5e931be78125e
hit worker=0 index=329976178 seed=94f77edd015fe21d len16=0 a16=df3a290707fdfae1 b16=bc838bb3d61ba7c8 len32=1 a32=028d6242e9d39b50 b32=028d6242e9d39b50 len128=1 a128=1823ed14ba1bb20a b128=1823ed14ba1bb20a
hit worker=0 index=330016652 seed=fb605a8419eb5134 len16=0 a16=a591baccceeedd5e b16=5c27699c5c998443 len32=1 a32=7c2327ac7ebb8a17 b32=7c2327ac7ebb8a17 len128=1 a128=c6cb5b768a0a1d38 b128=c6cb5b768a0a1d38
hit worker=0 index=330451751 seed=12ddfd6a0c1111fc len16=0 a16=f2fa823b9070e187 b16=a7273083c9810cfe len32=1 a32=a8e0024616ffb70a b32=a8e0024616ffb70a len128=1 a128=1e998de8867f975c b128=1e998de8867f975c
hit worker=0 index=332701060 seed=c9a682ca6e92d40f len16=0 a16=9edd7a21435e71e8 b16=b9519b6ef71cb03e len32=1 a32=895fd032b5249c72 b32=895fd032b5249c72 len128=1 a128=c3cb671774b6d24e b128=c3cb671774b6d24e
hit worker=0 index=333556826 seed=c031c74b9bb730bc len16=0 a16=893c4547d2333a58 b16=0652e63759912333 len32=1 a32=bf8b887dc176c80a b32=bf8b887dc176c80a len128=1 a128=e047a973c626a3ff b128=e047a973c626a3ff
hit worker=0 index=336852547 seed=cafbdf0afb9611c0 len16=0 a16=1f331efa252a4c40 b16=cdfd10e66893b4ad len32=1 a32=84ef133772226473 b32=84ef133772226473 len128=1 a128=04eb88b05964652b b128=04eb88b05964652b
hit worker=0 index=338619824 seed=4b7de747649db08b len16=0 a16=3ec1d36a99ead905 b16=44e9468ba51a935a len32=1 a32=081f8a0671d4e348 b32=081f8a0671d4e348 len128=1 a128=8392678765fb6a89 b128=8392678765fb6a89
hit worker=0 index=340874033 seed=1aef899ab456abc8 len16=0 a16=dbda7b1bc3ebf62f b16=08284c6917a13116 len32=1 a32=42bf10d9ddcd9cfd b32=42bf10d9ddcd9cfd len128=1 a128=74311d3718875cb6 b128=74311d3718875cb6
hit worker=0 index=342048806 seed=63245412c5f3f575 len16=0 a16=712def8cc51226bc b16=61b594a7c50593a1 len32=1 a32=4edf5d105ddf24cb b32=4edf5d105ddf24cb len128=1 a128=c5bd9f826e8977b7 b128=c5bd9f826e8977b7
hit worker=0 index=342893515 seed=f1b983d6db56f22c len16=0 a16=fb9a549d54fbb1c7 b16=79a714a58a0505df len32=1 a32=c85ae3c04b35b27e b32=c85ae3c04b35b27e len128=1 a128=06aa4ef1585d514f b128=06aa4ef1585d514f
hit worker=0 index=343795251 seed=62bd87263b0faf80 len16=0 a16=9abf41f3922000e4 b16=c91c56d2e9e7beaf len32=1 a32=9f3ff1d33d6fa14f b32=9f3ff1d33d6fa14f len128=1 a128=bad64e6a7928da41 b128=bad64e6a7928da41
hit worker=0 index=345735209 seed=c31f9687a57ad6eb len16=0 a16=ac98eed2b82817fb b16=58622a6295ee9e70 len32=1 a32=42b11deb555352f0 b32=42b11deb555352f0 len128=1 a128=a863d870aee5b02b b128=a863d870aee5b02b
hit worker=0 index=345995410 seed=3f81f6eab5af80d8 len16=0 a16=b4b5583baa0649f0 b16=ecf1eb7e1fe42bcd len32=1 a32=93a7a9eca8715705 b32=93a7a9eca8715705 len128=1 a128=590773b6ba426f01 b128=590773b6ba426f01
hit worker=0 index=348375974 seed=e337823282d407b4 len16=0 a16=d1235bd5078775d8 b16=45733f5140179a50 len32=1 a32=3ae37e32552a1d02 b32=3ae37e32552a1d02 len128=1 a128=ae086f67bddf22f4 b128=ae086f67bddf22f4
hit worker=0 index=348808043 seed=52bbdaff3e8a0c08 len16=0 a16=0020f46dc85df8d5 b16=34ae124db9ddc4a1 len32=1 a32=daed3f62b1cbbcb9 b32=daed3f62b1cbbcb9 len128=1 a128=0e9d40a5194c1967 b128=0e9d40a5194c1967
hit worker=0 index=350251333 seed=5d8bbbd16db03e58 len16=0 a16=a4d8395d66e232f0 b16=5d69124bb0855a2a len32=1 a32=563fbb5105cd7e7f b32=563fbb5105cd7e7f len128=1 a128=52f58d18d3b3b6bb b128=52f58d18d3b3b6bb
hit worker=0 index=351368679 seed=09c3dfd63b2958b8 len16=0 a16=a627805dfcbb1d0c b16=c3055353bf542536 len32=1 a32=c816f79707a3242b b32=c816f79707a3242b len128=1 a128=66aa39ff39982cd5 b128=66aa39ff39982cd5
hit worker=0 index=353477704 seed=e311e8a7edc1201c len16=0 a16=58b6bc170d883ae7 b16=87a174e78c756e13 len32=1 a32=3eba189bcb11b883 b32=3eba189bcb11b883 len128=1 a128=45639c3d779619f7 b128=45639c3d779619f7
hit worker=0 index=360753418 seed=15c3892ac5a72744 len16=0 a16=9bba25f174f745ca b16=eed61ae7512745f1 len32=1 a32=60e7b5da51b52647 b32=60e7b5da51b52647 len128=1 a128=2f18944833b31e01 b128=2f18944833b31e01
hit worker=0 index=361348221 seed=02e016c98738e7b3 len16=0 a16=84bfc06c28f8eaf5 b16=01324ff51ac89c4f len32=1 a32=d6be7f2a342f2f0c b32=d6be7f2a342f2f0c len128=1 a128=5b102099defddf4d b128=5b102099defddf4d
hit worker=0 index=368543183 seed=14f2d382555f3eb8 len16=0 a16=1dffe16e8eafaa72 b16=baabdfde7aff05f2 len32=1 a32=f4385fe809476b05 b32=f4385fe809476b05 len128=1 a128=601eff51f92334a5 b128=601eff51f92334a5
hit worker=0 index=371333644 seed=61166ef8a67ca3d9 len16=0 a16=35697910babea867 b16=9743a9eeda757162 len32=1 a32=be0a8321966794eb b32=be0a8321966794eb len128=1 a128=5062f373e83e5f3c b128=5062f373e83e5f3c
hit worker=0 index=371558163 seed=f938c5900457f6b3 len16=0 a16=c8fba105a26da9db b16=0fad3dad4f484af1 len32=1 a32=0f77d15ddf925ec7 b32=0f77d15ddf925ec7 len128=1 a128=2d69e0a11a855d31 b128=2d69e0a11a855d31
hit worker=0 index=378109233 seed=bb9e166a31535ea0 len16=0 a16=4cb2a899667985a8 b16=fd1c6c045ec32742 len32=1 a32=147ef8d4d2d374fb b32=147ef8d4d2d374fb len128=1 a128=62cb74258be917c7 b128=62cb74258be917c7
hit worker=0 index=378326089 seed=9455935af4c02684 len16=0 a16=5d87ea6dc7330b8a b16=be51b1158d19ca20 len32=1 a32=dc5e1f7ba7f69dbb b32=dc5e1f7ba7f69dbb len128=1 a128=2562173cea2ae832 b128=2562173cea2ae832
hit worker=0 index=380236446 seed=30cd98283b2b5d84 len16=0 a16=910c42aa390a3ab3 b16=13892d20c9202156 len32=1 a32=cdc5c06169456c09 b32=cdc5c06169456c09 len128=1 a128=0921e97f30ddb300 b128=0921e97f30ddb300
hit worker=0 index=382363230 seed=bf6a0f8753f495b7 len16=0 a16=9312e5c6264e64dc b16=26af5566239f7edd len32=1 a32=4f1fb03503c1c6d0 b32=4f1fb03503c1c6d0 len128=1 a128=8863652f130c78f6 b128=8863652f130c78f6
hit worker=0 index=387187001 seed=4b7ecc1ebbe8fdb4 len16=0 a16=5493167bf8bf8716 b16=5f098d2fb5f6f064 len32=1 a32=6662343f4900f2c2 b32=6662343f4900f2c2 len128=1 a128=ad9218c3b2403048 b128=ad9218c3b2403048
hit worker=0 index=390506050 seed=9283d7a73aac45df len16=0 a16=d72831475aa26220 b16=f3a7e7dcff096bc7 len32=1 a32=410e6f9cd015cfc0 b32=410e6f9cd015cfc0 len128=1 a128=d0826c8b9a993622 b128=d0826c8b9a993622
hit worker=0 index=393046968 seed=3f7c07ca352fe14b len16=0 a16=b038c83f5a9acef3 b16=f6130f8f7fe195b3 len32=1 a32=224da2c94404d25b b32=224da2c94404d25b len128=1 a128=0c1d5b5e26659d2b b128=0c1d5b5e26659d2b
hit worker=0 index=400671978 seed=bba445f3c41d580b len16=0 a16=872a2741eb1b0fe2 b16=8cdcc4e44c19dd64 len32=1 a32=273df4530a446ce9 b32=273df4530a446ce9 len128=1 a128=fb8c294e6a85f0ce b128=fb8c294e6a85f0ce
hit worker=0 index=401563690 seed=b2ad75103dfc9530 len16=0 a16=1050b8e628c99bf3 b16=8a453e736c588e55 len32=1 a32=11cfae0c0770467d b32=11cfae0c0770467d len128=1 a128=0a43d0d2ec185cfe b128=0a43d0d2ec185cfe
hit worker=0 index=408631814 seed=e5dfd9f15e771813 len16=0 a16=be2217ea3df908ba b16=654fda4809930a65 len32=1 a32=2e79f6cf4d2d67cc b32=2e79f6cf4d2d67cc len128=1 a128=53a916e198acdc38 b128=53a916e198acdc38
hit worker=0 index=409851543 seed=93f78966136fa95e len16=0 a16=f218d33917afd65b b16=1e9c29cb64da9272 len32=1 a32=db7be18c77623136 b32=db7be18c77623136 len128=1 a128=4072c15b32fc0807 b128=4072c15b32fc0807
hit worker=0 index=412868738 seed=02dc681a67f071b8 len16=0 a16=01291a51f335f295 b16=5636b957caa0943c len32=1 a32=2bffa683222e7e07 b32=2bffa683222e7e07 len128=1 a128=72c62b2bfcef2ec0 b128=72c62b2bfcef2ec0
hit worker=0 index=417374716 seed=c365c2ca2e374734 len16=0 a16=dceb452b267df41e b16=aa2412dba9a62428 len32=1 a32=bcdd2cfc34d866a0 b32=bcdd2cfc34d866a0 len128=1 a128=5376f22c350e4897 b128=5376f22c350e4897
hit worker=0 index=420549741 seed=772b6882bd3fa076 len16=0 a16=e71c4e1a0d8dd3bd b16=0043b3a1b6756496 len32=1 a32=7faf6c9d16423b71 b32=7faf6c9d16423b71 len128=1 a128=7df96dc820b0686b b128=7df96dc820b0686b
hit worker=0 index=421731239 seed=c8108b0965dbde30 len16=0 a16=1eb68529d58776d6 b16=ef7945e9d30971c3 len32=1 a32=520bfe3077fe9fae b32=520bfe3077fe9fae len128=1 a128=67a66303addf5bed b128=67a66303addf5bed
hit worker=0 index=422354910 seed=0b89771feb5c1dbc len16=0 a16=411a5dfddc14eb56 b16=7ef09b00c8c09282 len32=1 a32=4045676d12dc2188 b32=4045676d12dc2188 len128=1 a128=8138b9af676d620a b128=8138b9af676d620a
hit worker=0 index=422786477 seed=99da8719dc3e5c08 len16=0 a16=650b343ec79d3696 b16=f63a0c7ce4b1bb33 len32=1 a32=569dbadb1acc47df b32=569dbadb1acc47df len128=1 a128=4a480fa651200acb b128=4a480fa651200acb
hit worker=0 index=423896689 seed=630f8804bd9f6491 len16=0 a16=3112bb9859d21fa1 b16=c41c39e5f1492989 len32=1 a32=feda070cf7b4cfc9 b32=feda070cf7b4cfc9 len128=1 a128=d7cefbb9777e6b6a b128=d7cefbb9777e6b6a
hit worker=0 index=424087101 seed=d2bfe505a0f73e78 len16=0 a16=10f1b715ee361350 b16=5df33a704c7346c6 len32=1 a32=9abe49e359363e5f b32=9abe49e359363e5f len128=1 a128=d4c238b071c4430a b128=d4c238b071c4430a
hit worker=0 index=426002469 seed=45df977ac058892c len16=0 a16=ebe1244dbbc0e3ab b16=fea9dec0f2f6ba24 len32=1 a32=e192a64768e2b527 b32=e192a64768e2b527 len128=1 a128=d9fd0c1ae53493b5 b128=d9fd0c1ae53493b5
hit worker=0 index=427320757 seed=efca0dbf9cdbf8a8 len16=0 a16=71ad55a4527474ac b16=05ef1aeba14c3b82 len32=1 a32=1e123fb96f9b1bf0 b32=1e123fb96f9b1bf0 len128=1 a128=bcb9fcc814bb0e74 b128=bcb9fcc814bb0e74
hit worker=0 index=427749296 seed=ba201addb427060b len16=0 a16=5a5e21f6c582faca b16=3372f68da1e6f926 len32=1 a32=154679edead82e15 b32=154679edead82e15 len128=1 a128=9841b8f6508a04df b128=9841b8f6508a04df
hit worker=0 index=432633845 seed=d317397572a8379f len16=0 a16=49bdf32ad9de69c3 b16=63a56a93f797ad9c len32=1 a32=ce627daa6f61adaf b32=ce627daa6f61adaf len128=1 a128=3a603dbf3b4c06d3 b128=3a603dbf3b4c06d3
hit worker=0 index=437816972 seed=d707c2599af9f1b4 len16=0 a16=8d002fba7c653e46 b16=077914bf8dd69933 len32=1 a32=be61962e4fff3068 b32=be61962e4fff3068 len128=1 a128=1f7267b5a94b068d b128=1f7267b5a94b068d
hit worker=0 index=438079120 seed=5bf7862f607b0100 len16=0 a16=a1dd45a65358de67 b16=ce5ff80a1a518ec6 len32=1 a32=f7e2071b7a508b55 b32=f7e2071b7a508b55 len128=1 a128=82c3c7655689a131 b128=82c3c7655689a131
hit worker=0 index=439646139 seed=e3cb93e7c5431dbc len16=0 a16=897f81a10b283cce b16=71b911a51556908d len32=1 a32=b09210ce7811ef8f b32=b09210ce7811ef8f len128=1 a128=66a3c22a1d8bf2e1 b128=66a3c22a1d8bf2e1
hit worker=0 index=440050009 seed=1235efc941147827 len16=0 a16=1a8dfd7309a2afea b16=2be9b4360e235a30 len32=1 a32=ab302be687517099 b32=ab302be687517099 len128=1 a128=846dd308f323f0b1 b128=846dd308f323f0b1
hit worker=0 index=440125258 seed=40e5f8efeb7d55bf len16=0 a16=288a666ba7f2f30f b16=c59c062a6e93c365 len32=1 a32=0cf0980b9a215740 b32=0cf0980b9a215740 len128=1 a128=d8f790a295ee86c3 b128=d8f790a295ee86c3
hit worker=0 index=440717168 seed=e37b92243e533019 len16=0 a16=01d549797cb65ebf b16=f903ddf8af736024 len32=1 a32=1b5f9176b6cea908 b32=1b5f9176b6cea908 len128=1 a128=6a74ca055c220508 b128=6a74ca055c220508
hit worker=0 index=443744587 seed=46de12263523345c len16=0 a16=05bae6259578829e b16=504150af05d5cc08 len32=1 a32=d993a7edc2a4cafd b32=d993a7edc2a4cafd len128=1 a128=e11cff861d0a587c b128=e11cff861d0a587c
hit worker=0 index=445270504 seed=d7a453999c4b2098 len16=0 a16=cc4c8a8ebfed8170 b16=0cb076ba965c4b56 len32=1 a32=a58e07051fff403f b32=a58e07051fff403f len128=1 a128=9d995327aef3e383 b128=9d995327aef3e383
hit worker=0 index=447013626 seed=da7005a8148964a5 len16=0 a16=26d181e2b768de92 b16=93d415bf3a144fca len32=1 a32=547e7f8bb1e3907f b32=547e7f8bb1e3907f len128=1 a128=e4f43504e02b3d61 b128=e4f43504e02b3d61
hit worker=0 index=448235124 seed=fd8259b4e7fbb497 len16=0 a16=e38c2418a813073f b16=71c824c7faf39547 len32=1 a32=a0c4bfe26766457e b32=a0c4bfe26766457e len128=1 a128=fdff5ced2b73eae7 b128=fdff5ced2b73eae7
hit worker=0 index=454952191 seed=01fecfaa3b5f6bb0 len16=0 a16=294410ed2d7d400e b16=e960557e3f59c109 len32=1 a32=c0aecc59df8f6e5d b32=c0aecc59df8f6e5d len128=1 a128=eb6ecd450365a817 b128=eb6ecd450365a817
hit worker=0 index=456498518 seed=a2591642b438d034 len16=0 a16=91c8370d8a926258 b16=0b344a9a354a428f len32=1 a32=734a94e5e24ca9c6 b32=734a94e5e24ca9c6 len128=1 a128=2088e53e1f623d76 b128=2088e53e1f623d76
hit worker=0 index=462321788 seed=2c9789069802fd00 len16=0 a16=d92678cd14f4c7f2 b16=ffe3fd71c7307a2e len32=1 a32=8adc8235e23d7a28 b32=8adc8235e23d7a28 len128=1 a128=27e66aa5088f8c9f b128=27e66aa5088f8c9f
hit worker=0 index=462396973 seed=20bd819cde34c504 len16=0 a16=733c852980897a0b b16=8778e812b7f18dea len32=1 a32=0204320bd7db2359 b32=0204320bd7db2359 len128=1 a128=d71c8225c23d321a b128=d71c8225c23d321a
hit worker=0 index=463043304 seed=9bff76a9406919d9 len16=0 a16=b966e00092a826d8 b16=76362bfd06ad51e6 len32=1 a32=0de86fdf029bc3a4 b32=0de86fdf029bc3a4 len128=1 a128=b46b17b4d41ebe66 b128=b46b17b4d41ebe66
hit worker=0 index=463299397 seed=1c8913f77c09bf8c len16=0 a16=ec94556f01bd13f9 b16=d58d3ae947ae6809 len32=1 a32=d359f8118400065f b32=d359f8118400065f len128=1 a128=92103e404827e7a1 b128=92103e404827e7a1
hit worker=0 index=465155583 seed=0349800df8c0e81c len16=0 a16=823627b13168495f b16=330c98d26283ad7b len32=1 a32=72b6c93175aaccad b32=72b6c93175aaccad len128=1 a128=9798bf78c8344c56 b128=9798bf78c8344c56
hit worker=0 index=470471652 seed=e9fbe541a35c949b len16=0 a16=6fdaae514597a9c5 b16=c48e38d70d7f3e58 len32=1 a32=e5ceb7a9faf8cc76 b32=e5ceb7a9faf8cc76 len128=1 a128=a549cadcfbd4d5cf b128=a549cadcfbd4d5cf
hit worker=0 index=473186172 seed=5ca169178a7f25f7 len16=0 a16=649f2e46492b991a b16=bc51575c86950915 len32=1 a32=912818ed171b9c37 b32=912818ed171b9c37 len128=1 a128=aacc4886929658cd b128=aacc4886929658cd
hit worker=0 index=483033062 seed=95a3acee42f71e20 len16=0 a16=0110069ff7516267 b16=d2e9cc84f4f30ac7 len32=1 a32=03c474a266add98b b32=03c474a266add98b len128=1 a128=1a613f246a6cfeb8 b128=1a613f246a6cfeb8
hit worker=0 index=484008121 seed=52afb618d6d9794e len16=0 a16=9efcbd5b4b1816cd b16=228177223f09d80e len32=1 a32=e60d1dc0bb588587 b32=e60d1dc0bb588587 len128=1 a128=b44ba204696661c7 b128=b44ba204696661c7
hit worker=0 index=487758564 seed=82fe065ab82827a7 len16=0 a16=8437ee94722a8cc1 b16=6a98d50ba8878f41 len32=1 a32=5a0d6b7ebc3c3a91 b32=5a0d6b7ebc3c3a91 len128=1 a128=76fbd5e9a0f21002 b128=76fbd5e9a0f21002
hit worker=0 index=487997114 seed=0c758643fbd75e5f len16=0 a16=788f5a6ba2b35a30 b16=0dc829ccfd4593ce len32=1 a32=034743e9b4bf631c b32=034743e9b4bf631c len128=1 a128=2796cb7a89d144f3 b128=2796cb7a89d144f3
hit worker=0 index=488152193 seed=0a69749028141c88 len16=0 a16=dae69988cd12cd34 b16=115f15a1ae312d58 len32=1 a32=18e292f8c4ca66da b32=18e292f8c4ca66da len128=1 a128=f2a16e5ee5bad292 b128=f2a16e5ee5bad292
hit worker=0 index=488787965 seed=c1a364087ae8d2d9 len16=0 a16=8fa5b5a2b97de837 b16=ef30b01ff230c23a len32=1 a32=3cdf7b93d25564f1 b32=3cdf7b93d25564f1 len128=1 a128=b52379d0d4ccadba b128=b52379d0d4ccadba
hit worker=0 index=491522467 seed=4b220f494cc77205 len16=0 a16=3a21d6167ed9d7d2 b16=3314470a33f7c3a3 len32=1 a32=9267d0ce6d015251 b32=9267d0ce6d015251 len128=1 a128=938e06459b990bcf b128=938e06459b990bcf
hit worker=0 index=491767749 seed=0b227fa5ebc31453 len16=0 a16=28d93eeebee2a6de b16=2685a0afa6ea5e68 len32=1 a32=c8f193a3dc6a248a b32=c8f193a3dc6a248a len128=1 a128=8f7aa302cb47d9df b128=8f7aa302cb47d9df
hit worker=0 index=492079380 seed=d1cbe7632dd97100 len16=0 a16=aedf6d16f32f3bd2 b16=9dcfb2512d650323 len32=1 a32=364d2a2c664ad2c2 b32=364d2a2c664ad2c2 len128=1 a128=58604dfd21b298fd b128=58604dfd21b298fd
hit worker=0 index=493889622 seed=c301e4074c4102ec len16=0 a16=f7e10e4949164bde b16=ae62f0f1d258fd9a len32=1 a32=e24c65bb0a06ab19 b32=e24c65bb0a06ab19 len128=1 a128=d38b57be324be918 b128=d38b57be324be918
hit worker=0 index=499000591 seed=6719ae8fc33e9c3c len16=0 a16=eb11acab8e6af73d b16=dd43d3b285a330c7 len32=1 a32=b8e8ad413d3235e4 b32=b8e8ad413d3235e4 len128=1 a128=8e6967f79e41a8fc b128=8e6967f79e41a8fc
hit worker=0 index=502336662 seed=93936549049fcf4c len16=0 a16=fa9df8e2659dfc31 b16=29c007138257077b len32=1 a32=2470c4dc46ed6af2 b32=2470c4dc46ed6af2 len128=1 a128=ad372237f5d2fb80 b128=ad372237f5d2fb80
hit worker=0 index=503738100 seed=02a016f3739ba1bc len16=0 a16=4353ae2bb1058d74 b16=07be901c6c64f11a len32=1 a32=493103b4d644803f b32=493103b4d644803f len128=1 a128=6cb4a0c706cdb372 b128=6cb4a0c706cdb372
hit worker=0 index=504647051 seed=c723a79f36f34cb4 len16=0 a16=565a177616649e9c b16=8260d24e4bcab9cd len32=1 a32=7d0e2f9791c9c9fc b32=7d0e2f9791c9c9fc len128=1 a128=5717e4c3f703ec72 b128=5717e4c3f703ec72
hit worker=0 index=506862622 seed=028ae1d53a93406b len16=0 a16=27aa86f2d020e2c0 b16=875b0e72dde699b1 len32=1 a32=75c7c54453457139 b32=75c7c54453457139 len128=1 a128=ee1c911e287116a6 b128=ee1c911e287116a6
hit worker=0 index=508353073 seed=40816eb9359c97a1 len16=0 a16=05cf8ebe5f8082a9 b16=9f444feb79b3cf35 len32=1 a32=a1859fccb738c19d b32=a1859fccb738c19d len128=1 a128=016b5ac45670d2d0 b128=016b5ac45670d2d0
hit worker=0 index=509068196 seed=fec1e890b71418e8 len16=0 a16=a10f76513e8f53c7 b16=b1d02a671cdce99e len32=1 a32=1b64f4e252a6fbae b32=1b64f4e252a6fbae len128=1 a128=50c6578a3ed57409 b128=50c6578a3ed57409
hit worker=0 index=510135589 seed=bb43e63ef390d51d len16=0 a16=455211b4f61b3989 b16=245d0b684a2a1a5f len32=1 a32=aec3cd61da1bb1d1 b32=aec3cd61da1bb1d1 len128=1 a128=1feb819a297cc862 b128=1feb819a297cc862
hit worker=0 index=512700166 seed=1b22d2fb29fc9d1c len16=0 a16=d68da97977855832 b16=acf036bc3dac964e len32=1 a32=1d037e11d4ed4c80 b32=1d037e11d4ed4c80 len128=1 a128=4b8ab9920b47ebc4 b128=4b8ab9920b47ebc4
hit worker=0 index=515646641 seed=598967b8a5f7dc23 len16=0 a16=c7491fc653f7ea8e b16=d38f2d4bc888fe00 len32=1 a32=9d0905a7acf35614 b32=9d0905a7acf35614 len128=1 a128=44affa3bf7eafd01 b128=44affa3bf7eafd01
hit worker=0 index=516709760 seed=0c217643fd5b149c len16=0 a16=ed39e41e05eb137b b16=711d066a610f1425 len32=1 a32=a8f5c847779e4258 b32=a8f5c847779e4258 len128=1 a128=c995f1075f1ad62d b128=c995f1075f1ad62d
hit worker=0 index=518614134 seed=1eed3b1b82d4f632 len16=0 a16=9babc700c4f2b185 b16=fa9af69679d836b4 len32=1 a32=a01207f229c22909 b32=a01207f229c22909 len128=1 a128=9a2c0a0412c98ac1 b128=9a2c0a0412c98ac1
hit worker=0 index=525561538 seed=f44374a921cbdc2e len16=0 a16=8b25ef7820a26354 b16=af5fc302cd63fe14 len32=1 a32=475cd840155a06f4 b32=475cd840155a06f4 len128=1 a128=477918f5fe91d1c8 b128=477918f5fe91d1c8
hit worker=0 index=525754054 seed=82feffa8bf182edf len16=0 a16=d44e17b8ffb6b7c1 b16=1ceb849fd1205359 len32=1 a32=c1386911931cc25d b32=c1386911931cc25d len128=1 a128=768963f0a5db8493 b128=768963f0a5db8493
hit worker=0 index=526923497 seed=5e020f6ab47c4e7c len16=0 a16=34f2bbdaae65fdb7 b16=e987136136dba120 len32=1 a32=586618cdb02acadd b32=586618cdb02acadd len128=1 a128=6a4454fd0cd2424e b128=6a4454fd0cd2424e
hit worker=0 index=528543096 seed=420379cc2c9c6c81 len16=0 a16=b0c508c9c00b3f2b b16=c86bd669406a90da len32=1 a32=e20f3cd586e93ebb b32=e20f3cd586e93ebb len128=1 a128=d2926657df0507c8 b128=d2926657df0507c8
hit worker=0 index=530976859 seed=04121588e571a60f len16=0 a16=cd602843eb7292b2 b16=585ef4ebcbe37dad len32=1 a32=5d2068f1695df079 b32=5d2068f1695df079 len128=1 a128=2e3fe5d8b0952e0b b128=2e3fe5d8b0952e0b
hit worker=0 index=534127490 seed=db4de8f752ec619e len16=0 a16=a1f3232d332c1e37 b16=874a456b851362ed len32=1 a32=8bbe29c42310a0e7 b32=8bbe29c42310a0e7 len128=1 a128=d05a8487541cad7c b128=d05a8487541cad7c
hit worker=0 index=536293799 seed=1bd35f57ba993f9c len16=0 a16=13aa1784d2ab1094 b16=1902639fbf51534f len32=1 a32=59ebe8fd2357dc97 b32=59ebe8fd2357dc97 len128=1 a128=ce5a161b7d606b84 b128=ce5a161b7d606b84
hit worker=0 index=536623020 seed=c321e0095d5542e8 len16=0 a16=20386cea429beb65 b16=ad12ac10ee69b397 len32=1 a32=73a1fd11abe69270 b32=73a1fd11abe69270 len128=1 a128=867c9a7563a6544a b128=867c9a7563a6544a
hit worker=0 index=536642193 seed=94d2e90a8601c7d0 len16=0 a16=36026711040ba66d b16=75f47f4041067ad5 len32=1 a32=39ed96fcf03cf910 b32=39ed96fcf03cf910 len128=1 a128=eddbeaa290f0ff8c b128=eddbeaa290f0ff8c
stream worker=1 init=0x75256f277f9020b3 trials=536870912
hit worker=1 index=537648157 seed=277385e82d77f3dc len16=0 a16=bae4e4a16144d05e b16=f647064ac825318a len32=1 a32=055f2e598b557edf b32=055f2e598b557edf len128=1 a128=b240d5c0953a8f7b b128=b240d5c0953a8f7b
hit worker=1 index=537659218 seed=e361f4e6bec7173c len16=0 a16=8fb6fdaab326de26 b16=32e40a48ad440aae len32=1 a32=e70e1d0f1082126f b32=e70e1d0f1082126f len128=1 a128=9e9a80b29e6d9ca9 b128=9e9a80b29e6d9ca9
hit worker=1 index=540958238 seed=99c208e5fdfcf704 len16=0 a16=beb12f2410981974 b16=1368259075cfb076 len32=1 a32=3cbf1a7b0710e5f5 b32=3cbf1a7b0710e5f5 len128=1 a128=9068c8e8bc42553e b128=9068c8e8bc42553e
hit worker=1 index=542804734 seed=49bd746405971cdc len16=0 a16=eef7ee51be733c52 b16=355f237f50f21b2b len32=1 a32=3cd1e2bc5cf27727 b32=3cd1e2bc5cf27727 len128=1 a128=60fe315676685939 b128=60fe315676685939
hit worker=1 index=557787870 seed=09bf62ea0e1cc932 len16=0 a16=5e57c3f0558e2ea0 b16=929615f4d74398b2 len32=1 a32=4977b07053b94d86 b32=4977b07053b94d86 len128=1 a128=b726bb12086ca748 b128=b726bb12086ca748
hit worker=1 index=558657742 seed=4771761aa8f35048 len16=0 a16=9cf0cf3f77a17a88 b16=2e8fd86b1087dce9 len32=1 a32=75aefff562546f0a b32=75aefff562546f0a len128=1 a128=c472aa2b2ded10d0 b128=c472aa2b2ded10d0
hit worker=1 index=560977877 seed=c3b4760ce694c860 len16=0 a16=ff5f56f7809d19cc b16=30f449bf1a7b377f len32=1 a32=aa12fce8e0d95a22 b32=aa12fce8e0d95a22 len128=1 a128=bbfeeb0885ba61f6 b128=bbfeeb0885ba61f6
hit worker=1 index=569009344 seed=08cfe6297bbcdba6 len16=0 a16=c81b3738f4e160e3 b16=e9b4e08fedda6e8b len32=1 a32=aa34b13861f9126a b32=aa34b13861f9126a len128=1 a128=b07b9bb0afa8363e b128=b07b9bb0afa8363e
hit worker=1 index=571190514 seed=7f3e758aec5af981 len16=0 a16=a5027c9f99321966 b16=ca0da1b6d31787ff len32=1 a32=e6d8fef4b2506818 b32=e6d8fef4b2506818 len128=1 a128=bfff717d47a69e52 b128=bfff717d47a69e52
hit worker=1 index=571447115 seed=e77fe74c2193b8f0 len16=0 a16=c7a8ff0c6fdde1aa b16=8c0526265dfc86c6 len32=1 a32=07b92b81e0e35de3 b32=07b92b81e0e35de3 len128=1 a128=8748bdfa547d7d72 b128=8748bdfa547d7d72
hit worker=1 index=571814340 seed=52c3a5edea98e995 len16=0 a16=86b8fdc4cda0027a b16=1686b43940aaa75d len32=1 a32=27ae97a4a9810d1a b32=27ae97a4a9810d1a len128=1 a128=386aa50353fecb4c b128=386aa50353fecb4c
hit worker=1 index=571977834 seed=d35c44a062ad5676 len16=0 a16=b94a51bc32ee0e38 b16=edf4cf6008d7e8a8 len32=1 a32=c316b4363b856429 b32=c316b4363b856429 len128=1 a128=3dd7659d4523ada2 b128=3dd7659d4523ada2
hit worker=1 index=574466215 seed=dc2b4668a3333508 len16=0 a16=c3cc7001976ad3a4 b16=7076561822534d76 len32=1 a32=8d0dbe4ae8ccd09f b32=8d0dbe4ae8ccd09f len128=1 a128=06a54d093647f164 b128=06a54d093647f164
hit worker=1 index=575877549 seed=c449861e78573708 len16=0 a16=7cb16ec4bf353afb b16=b6afba9280f9ae62 len32=1 a32=d3187ed3e2a68bca b32=d3187ed3e2a68bca len128=1 a128=5a7f983becd4b405 b128=5a7f983becd4b405
hit worker=1 index=579043918 seed=6f27d60dba3af11e len16=0 a16=ec79df8610863ffe b16=eb2b1221c5d7e780 len32=1 a32=3887e5658e042265 b32=3887e5658e042265 len128=1 a128=1cde4cab35632c51 b128=1cde4cab35632c51
hit worker=1 index=579134093 seed=089d0f5c245bc0a8 len16=0 a16=d716fb2f6e5870d4 b16=b2d3d07144bd9a20 len32=1 a32=87379fa1890a66aa b32=87379fa1890a66aa len128=1 a128=f3f0b0bcf32c19f8 b128=f3f0b0bcf32c19f8
hit worker=1 index=580188833 seed=a2c89969ab805cbf len16=0 a16=f0f9a4f15a15b0f6 b16=11e2cda24952a05d len32=1 a32=d29d29b902a95a06 b32=d29d29b902a95a06 len128=1 a128=364ca9c807180e8b b128=364ca9c807180e8b
hit worker=1 index=582943456 seed=25001308a09c651a len16=0 a16=3544d66835db1c40 b16=3d4de8699123ea74 len32=1 a32=5a667c6ab710e886 b32=5a667c6ab710e886 len128=1 a128=4d516f47ed98cb00 b128=4d516f47ed98cb00
hit worker=1 index=584199559 seed=f2c1a2e5ec788848 len16=0 a16=3c5ba07881451831 b16=a9c65d836aae0484 len32=1 a32=5215ab23b5f0e400 b32=5215ab23b5f0e400 len128=1 a128=871c57da11ffd65d b128=871c57da11ffd65d
hit worker=1 index=586032493 seed=671cfa0f7e18baa6 len16=0 a16=7324015184b5539a b16=ddb895582133f3c3 len32=1 a32=122a0f73ac374574 b32=122a0f73ac374574 len128=1 a128=f04c753a9d9753fd b128=f04c753a9d9753fd
hit worker=1 index=586227255 seed=7901b656fbe0bd84 len16=0 a16=ac37b42710481621 b16=8a76659b55f8e1f7 len32=1 a32=0fc1f4b7001b19c0 b32=0fc1f4b7001b19c0 len128=1 a128=cbb05bb01b389f17 b128=cbb05bb01b389f17
hit worker=1 index=589818985 seed=9b7de0cfc5ac009c len16=0 a16=11979c937be8e944 b16=33439ddf2da56478 len32=1 a32=374322cada23b5df b32=374322cada23b5df len128=1 a128=3dbb8ca84a4b45cd b128=3dbb8ca84a4b45cd
hit worker=1 index=590195408 seed=489ff7a1ec0e7e4c len16=0 a16=a0793e310389fc9e b16=8508bdaa9ef4f32c len32=1 a32=867348a2b373d183 b32=867348a2b373d183 len128=1 a128=109441c54d230442 b128=109441c54d230442
hit worker=1 index=590972968 seed=48bd4ae845f21100 len16=0 a16=5415ebed9cd85027 b16=b98c66c34b847b9a len32=1 a32=2584a936c66110f2 b32=2584a936c66110f2 len128=1 a128=7065469206f2ea00 b128=7065469206f2ea00
hit worker=1 index=592541506 seed=c7a21715d6fcce64 len16=0 a16=2ff51d2bc5697528 b16=cc2e9c24da2f240b len32=1 a32=b8bbb530a683c631 b32=b8bbb530a683c631 len128=1 a128=bf61e868fe04922d b128=bf61e868fe04922d
hit worker=1 index=600035867 seed=f99e4f8ebda89726 len16=0 a16=ee7adc4e668eeda7 b16=aded916546ad933c len32=1 a32=71b0e94fccae8bbc b32=71b0e94fccae8bbc len128=1 a128=8c58bc1660d2827a b128=8c58bc1660d2827a
hit worker=1 index=604411754 seed=17ab969a63a94922 len16=0 a16=d3c242196517f2cb b16=e73c9e6e092359cb len32=1 a32=ce5d11c8a9734b67 b32=ce5d11c8a9734b67 len128=1 a128=b5610403d8d7a622 b128=b5610403d8d7a622
hit worker=1 index=605557438 seed=4305e85884dcc500 len16=0 a16=07976ef245e8e18d b16=fb3213936189b153 len32=1 a32=e140788aa92eee8c b32=e140788aa92eee8c len128=1 a128=b2e04e664e4bea8e b128=b2e04e664e4bea8e
hit worker=1 index=605948668 seed=4b85984be8c0488e len16=0 a16=8e62b542c29d833c b16=0e9125dacf34026b len32=1 a32=ea9b5efe5f787364 b32=ea9b5efe5f787364 len128=1 a128=576c3c47c820ff85 b128=576c3c47c820ff85
hit worker=1 index=611264338 seed=8373585820d3c243 len16=0 a16=50900c207b48d9d3 b16=7bcb22e2f4f1c12a len32=1 a32=80e5daf5ffcf00b4 b32=80e5daf5ffcf00b4 len128=1 a128=f3caea16e0664b77 b128=f3caea16e0664b77
hit worker=1 index=613064935 seed=407e329cb35db5bc len16=0 a16=293bd60d849746b6 b16=5f3acb937e085db2 len32=1 a32=1d58dc11afc24650 b32=1d58dc11afc24650 len128=1 a128=9a201ed70824bdc6 b128=9a201ed70824bdc6
hit worker=1 index=613968037 seed=e5004788b603c7bc len16=0 a16=6e79c8ddc47b655d b16=4ef0b70cf6ec9a34 len32=1 a32=e80ce8d1d522acd1 b32=e80ce8d1d522acd1 len128=1 a128=23ef3ef1149ed087 b128=23ef3ef1149ed087
hit worker=1 index=614337267 seed=11e75e35e293f723 len16=0 a16=00a20af3c9a985dc b16=19517de03382adf3 len32=1 a32=d723e534cd47afcd b32=d723e534cd47afcd len128=1 a128=e06d15c1f8e3d17c b128=e06d15c1f8e3d17c
hit worker=1 index=614730658 seed=19595e274c22f4c5 len16=0 a16=9cac7de62366f9e1 b16=4df594acb136e18f len32=1 a32=b3cbe9173ef5efd1 b32=b3cbe9173ef5efd1 len128=1 a128=49e5eb37642a3052 b128=49e5eb37642a3052
hit worker=1 index=615752747 seed=d2e17c07f4d29400 len16=0 a16=d2dd03718d705265 b16=85c10c5d49c60114 len32=1 a32=e4e27ab5782e4ee4 b32=e4e27ab5782e4ee4 len128=1 a128=e1b091c9815e9d8f b128=e1b091c9815e9d8f
hit worker=1 index=621831570 seed=cc40574ac30dd758 len16=0 a16=e86de71b8c111102 b16=4ab9829ba7baa78f len32=1 a32=42212dcab2c8ed3e b32=42212dcab2c8ed3e len128=1 a128=5b7d9ea85abde486 b128=5b7d9ea85abde486
hit worker=1 index=623143596 seed=c52198e8327b7f9e len16=0 a16=3b657cd9c4537051 b16=5b1872e3cd0cf1d2 len32=1 a32=ec6932cc5ba62c24 b32=ec6932cc5ba62c24 len128=1 a128=06c2a50f8269c26c b128=06c2a50f8269c26c
hit worker=1 index=624067016 seed=4b9f71d9c29e9d44 len16=0 a16=9ffb1d63a3cdc0fc b16=83e37c3a64226f7e len32=1 a32=588d852ab7d7d594 b32=588d852ab7d7d594 len128=1 a128=172d22353f4781b5 b128=172d22353f4781b5
hit worker=1 index=624307765 seed=77792d8ce93c073c len16=0 a16=d9d2b327430505bf b16=04e2a2b3e8fbcc15 len32=1 a32=fc8f5c5fa5fe0bef b32=fc8f5c5fa5fe0bef len128=1 a128=9932123f5ba65ef1 b128=9932123f5ba65ef1
hit worker=1 index=624647867 seed=5b196e6dc4020588 len16=0 a16=e8c81361bc2ad74b b16=5608cc733f806ba4 len32=1 a32=e911c4c12a33b42d b32=e911c4c12a33b42d len128=1 a128=83282fe55fbdb49a b128=83282fe55fbdb49a
hit worker=1 index=625068409 seed=156562489b771e30 len16=0 a16=e61602f95cbabe00 b16=0d7911210c27b8f7 len32=1 a32=8786d54245361280 b32=8786d54245361280 len128=1 a128=cba72111557dae49 b128=cba72111557dae49
hit worker=1 index=625978766 seed=92dff647f39a73fd len16=0 a16=ee8e4f865240a2ae b16=ea0293f16f10d5b6 len32=1 a32=82674135d0af26e8 b32=82674135d0af26e8 len128=1 a128=c78951f40afc4679 b128=c78951f40afc4679
hit worker=1 index=626791459 seed=bb61f8f699751c88 len16=0 a16=68af89211a55dbb8 b16=da1771d2b1be5de0 len32=1 a32=62bd765124507db2 b32=62bd765124507db2 len128=1 a128=61f1fb8c42b62b6d b128=61f1fb8c42b62b6d
hit worker=1 index=627126841 seed=d2c3c977a59f2617 len16=0 a16=144d108273e23105 b16=2ff592a89a37bbe9 len32=1 a32=95601c6348dbe681 b32=95601c6348dbe681 len128=1 a128=f5705eb6856a7e1b b128=f5705eb6856a7e1b
hit worker=1 index=630554523 seed=086e43e4dffd81ae len16=0 a16=488fb71377ece374 b16=bbfe54aa7dd35eec len32=1 a32=b8e10524b16ea15d b32=b8e10524b16ea15d len128=1 a128=29fa28d119c75c58 b128=29fa28d119c75c58
hit worker=1 index=633051700 seed=4323f30553406f12 len16=0 a16=8e75f533c3414081 b16=bf5e906c3eb43125 len32=1 a32=43684f33b7c36a8b b32=43684f33b7c36a8b len128=1 a128=8b72f58ac6aaaf46 b128=8b72f58ac6aaaf46
hit worker=1 index=633328127 seed=cb92149aa518cf00 len16=0 a16=bcc1d914c8030a11 b16=866eab30b822a782 len32=1 a32=5c662bb09930048c b32=5c662bb09930048c len128=1 a128=4e201db056860e2b b128=4e201db056860e2b
hit worker=1 index=633585534 seed=8f5dd3a80cbbde2c len16=0 a16=2a2e8b90fa7105d9 b16=68a997d4164dea37 len32=1 a32=d28278e98b49112a b32=d28278e98b49112a len128=1 a128=65db5996fb2f32b4 b128=65db5996fb2f32b4
hit worker=1 index=636550396 seed=44bef84aa6db45fe len16=0 a16=c164804648360f98 b16=91b263a3afddb20f len32=1 a32=7513b7f1f93e77eb b32=7513b7f1f93e77eb len128=1 a128=bdecf1faa5253106 b128=bdecf1faa5253106
hit worker=1 index=639119442 seed=c3dc19c7d53bc53c len16=0 a16=0cb436f0c14be057 b16=0c925f6e6e20caa2 len32=1 a32=894b4e98854cd71a b32=894b4e98854cd71a len128=1 a128=d7d00fd8e6211205 b128=d7d00fd8e6211205
hit worker=1 index=640298512 seed=d7ff37aa44396060 len16=0 a16=50469fb4738680f2 b16=aeeaa3f693e2be57 len32=1 a32=82e972c893168dd4 b32=82e972c893168dd4 len128=1 a128=849fe9fe4fc255fc b128=849fe9fe4fc255fc
hit worker=1 index=640539493 seed=7e3057d4f9f37033 len16=0 a16=d2ea9ac38d08e31c b16=3dd9273133348286 len32=1 a32=7fd1eab11b7b4f4d b32=7fd1eab11b7b4f4d len128=1 a128=411fa492f29df90e b128=411fa492f29df90e
hit worker=1 index=642100101 seed=74f346eabfef54a7 len16=0 a16=94ada7e9ffbf22ec b16=ca7d2fb92738d88f len32=1 a32=df538e0bb3c14925 b32=df538e0bb3c14925 len128=1 a128=4f53a702c859de76 b128=4f53a702c859de76
hit worker=1 index=642413627 seed=65641d27ff57721e len16=0 a16=e6de681f88f75480 b16=f92c2e45092d5c35 len32=1 a32=7b2229cd5338f649 b32=7b2229cd5338f649 len128=1 a128=539ae5f8e07c4dec b128=539ae5f8e07c4dec
hit worker=1 index=644045783 seed=93c0257a333ba2a8 len16=0 a16=c324d4c6b997edd9 b16=c080e5b2378d41d4 len32=1 a32=742404c37e4e2b6d b32=742404c37e4e2b6d len128=1 a128=3840eb5c708933e6 b128=3840eb5c708933e6
hit worker=1 index=645764782 seed=a598188b233f9c09 len16=0 a16=508bbc8b563757dc b16=7984b2bc36f694ca len32=1 a32=4eff623755637b0c b32=4eff623755637b0c len128=1 a128=88f914695cfd6f0c b128=88f914695cfd6f0c
hit worker=1 index=646951124 seed=5a8227e3360b6d04 len16=0 a16=d763227260559596 b16=efb0ab9d246d2cf8 len32=1 a32=d0653c50dd43530b b32=d0653c50dd43530b len128=1 a128=c704bb628518a1b1 b128=c704bb628518a1b1
hit worker=1 index=647168311 seed=18f97d270335c33e len16=0 a16=e690ca1e0bd6081d b16=01654d7922aab658 len32=1 a32=104cceefffbcb570 b32=104cceefffbcb570 len128=1 a128=329f1674f1b685fe b128=329f1674f1b685fe
hit worker=1 index=649027525 seed=0421bb8ec4e5e688 len16=0 a16=425c1f48b88e8ae7 b16=256776417b5e556a len32=1 a32=a36344dc3d5d3f08 b32=a36344dc3d5d3f08 len128=1 a128=979c87d65a9f44c0 b128=979c87d65a9f44c0
hit worker=1 index=649396030 seed=1b244632a99fcec1 len16=0 a16=c3ec4dc76afc51f7 b16=e3fe2bfae50a18a8 len32=1 a32=6ca0c6a0a932dbd5 b32=6ca0c6a0a932dbd5 len128=1 a128=9cb49f9eaab3ced3 b128=9cb49f9eaab3ced3
hit worker=1 index=651125953 seed=d323e8e4b0db492c len16=0 a16=77d46263dd04600e b16=ea0611c9ffdb69b8 len32=1 a32=29f2c68741083395 b32=29f2c68741083395 len128=1 a128=37026a7995596e57 b128=37026a7995596e57
hit worker=1 index=652619787 seed=15e5c77a353d4f9c len16=0 a16=b7c7523a50f1db31 b16=57f0c5cd3a258a01 len32=1 a32=05835538a036a192 b32=05835538a036a192 len128=1 a128=59b6d157264b7b0e b128=59b6d157264b7b0e
hit worker=1 index=654890469 seed=eb2bf649683985bc len16=0 a16=1ab3fc6c30a1521a b16=309057516c9dec10 len32=1 a32=06455392a82ddd8f b32=06455392a82ddd8f len128=1 a128=df5d1e6bcc2852cd b128=df5d1e6bcc2852cd
hit worker=1 index=656478401 seed=e308e1e77e784027 len16=0 a16=d9a1d4fd7ff4aa1a b16=20d054337fde852d len32=1 a32=1214c9738afee61b b32=1214c9738afee61b len128=1 a128=6ae11aeccbeb77c4 b128=6ae11aeccbeb77c4
hit worker=1 index=656487283 seed=cabbdec51ab62188 len16=0 a16=e193dbad328cd167 b16=6fa60834867f5427 len32=1 a32=37cf1ee57aebe1e8 b32=37cf1ee57aebe1e8 len128=1 a128=ab8fe0abaf757e9e b128=ab8fe0abaf757e9e
hit worker=1 index=656877213 seed=d7a63249322459c9 len16=0 a16=f8529cf0557d586e b16=7fa60abd86996ca3 len32=1 a32=c148f3e125dd9115 b32=c148f3e125dd9115 len128=1 a128=dd83102ca20700c0 b128=dd83102ca20700c0
hit worker=1 index=658596856 seed=cb79742b5f6db6bc len16=0 a16=463ba72670c7dffc b16=679ab9beb191d08e len32=1 a32=ae4a0e20a84b3b56 b32=ae4a0e20a84b3b56 len128=1 a128=8a8ceaffe9e39699 b128=8a8ceaffe9e39699
hit worker=1 index=659416069 seed=8a442393234df1bc len16=0 a16=7b85f3a929d8b168 b16=7c338308b1b12604 len32=1 a32=f1bc9f9ffbf2ec21 b32=f1bc9f9ffbf2ec21 len128=1 a128=dab13558e7d9122f b128=dab13558e7d9122f
hit worker=1 index=664484799 seed=1ce62969c4f08bb8 len16=0 a16=cc5481cd53916b3e b16=e48287f2a11f4af5 len32=1 a32=0790d7fc73cf2654 b32=0790d7fc73cf2654 len128=1 a128=7716a5ee1b2ef547 b128=7716a5ee1b2ef547
hit worker=1 index=666785560 seed=a5e7bb20144cb52e len16=0 a16=8295e697e34b27e6 b16=d7904d00ea3c7fa2 len32=1 a32=e7c34976e5f16b36 b32=e7c34976e5f16b36 len128=1 a128=e11ba5963e4c142f b128=e11ba5963e4c142f
hit worker=1 index=666952296 seed=e2d60447c05c47a3 len16=0 a16=e7ef60d71e8355bb b16=2d901d2a7a780650 len32=1 a32=dc0485697a83562a b32=dc0485697a83562a len128=1 a128=cf8b24a5632de6c1 b128=cf8b24a5632de6c1
hit worker=1 index=667812968 seed=1b8b5ee2ea1a606c len16=0 a16=f80b4ed6efd4393e b16=03e8b006cb927ccd len32=1 a32=d4bc723249ed4c49 b32=d4bc723249ed4c49 len128=1 a128=4897ff4188f19765 b128=4897ff4188f19765
hit worker=1 index=670345229 seed=ea2c87116229c634 len16=0 a16=5dbda659e060aeb4 b16=e3b8a38c85df4f31 len32=1 a32=52b03a18fe62ef3a b32=52b03a18fe62ef3a len128=1 a128=cba23b61dd6a2fd4 b128=cba23b61dd6a2fd4
hit worker=1 index=674842785 seed=1b8a124904916a6e len16=0 a16=d3d61383136d0cf9 b16=c139f2f5161edf01 len32=1 a32=cfad2ad5bda24e8f b32=cfad2ad5bda24e8f len128=1 a128=7c8f599c81c269bc b128=7c8f599c81c269bc
hit worker=1 index=676853584 seed=ca0e16efd3ac4c94 len16=0 a16=f54ae50d5c182450 b16=41b875f0ea2f3e81 len32=1 a32=1c02ebf1ec49bfce b32=1c02ebf1ec49bfce len128=1 a128=9c96abbc6fa38029 b128=9c96abbc6fa38029
hit worker=1 index=680124414 seed=f2180ee7c3568e10 len16=0 a16=f4a3312090bcf810 b16=ca9775e8726a4a86 len32=1 a32=cd7243f190273d66 b32=cd7243f190273d66 len128=1 a128=bc67376136c0b8b8 b128=bc67376136c0b8b8
hit worker=1 index=682344185 seed=d38a824a2e73a9fe len16=0 a16=d658402d7d150eae b16=a02eb3f04557fed8 len32=1 a32=8d49ec28824dde33 b32=8d49ec28824dde33 len128=1 a128=dadb3a4ebcd7a799 b128=dadb3a4ebcd7a799
hit worker=1 index=686025871 seed=0e9a5df96e3e5dbe len16=0 a16=838d317f80942838 b16=605c4fe2eb89d39c len32=1 a32=407a5a713a629c9d b32=407a5a713a629c9d len128=1 a128=7c2d80b0debdc6fa b128=7c2d80b0debdc6fa
hit worker=1 index=687906897 seed=cbe9e3ea23c08cf0 len16=0 a16=4d49ac029e317703 b16=f57834bb951ca5d9 len32=1 a32=fd047d9735196d06 b32=fd047d9735196d06 len128=1 a128=54d852ae0228f3cb b128=54d852ae0228f3cb
hit worker=1 index=691995062 seed=40338672e00fbacb len16=0 a16=4d3de93638d76863 b16=44928ca524d0d273 len32=1 a32=e2a2ec43aa1c370d b32=e2a2ec43aa1c370d len128=1 a128=cf9bccf6c4916d74 b128=cf9bccf6c4916d74
hit worker=1 index=694006253 seed=9c09f638ad8642a0 len16=0 a16=1a9ced8f6daca18c b16=dcaf83394831a824 len32=1 a32=21957541f14a5cac b32=21957541f14a5cac len128=1 a128=798aaa66e742e918 b128=798aaa66e742e918
hit worker=1 index=695577937 seed=d27d168418cc2b15 len16=0 a16=0411a2bae0ce1f74 b16=3a13f510ead8ef03 len32=1 a32=4e6eeea66b77bc27 b32=4e6eeea66b77bc27 len128=1 a128=bffde67cd202bc06 b128=bffde67cd202bc06
hit worker=1 index=697163521 seed=93137e445d7b1a8b len16=0 a16=9a81d2a9656470ad b16=21ce165de32d1512 len32=1 a32=bd2c481771b55b18 b32=bd2c481771b55b18 len128=1 a128=99d9bb9adde0abc6 b128=99d9bb9adde0abc6
hit worker=1 index=698255058 seed=bb73761c291876b8 len16=0 a16=c5aa3dfda4e52789 b16=9921845ccddea30a len32=1 a32=149d50414f25c6d7 b32=149d50414f25c6d7 len128=1 a128=08b216df9e373a34 b128=08b216df9e373a34
hit worker=1 index=700449845 seed=cc1df039102ccc13 len16=0 a16=28119fd81513244f b16=f4d22b5205b50a74 len32=1 a32=a6cc468208ca6eda b32=a6cc468208ca6eda len128=1 a128=b40e032fd23c95a6 b128=b40e032fd23c95a6
hit worker=1 index=701111620 seed=4ef9965a338780a7 len16=0 a16=b7c2af23019fb3d6 b16=b26a689a55023b7a len32=1 a32=d5ade0c76c4faa4c b32=d5ade0c76c4faa4c len128=1 a128=8e32d0bfe110c927 b128=8e32d0bfe110c927
hit worker=1 index=701853100 seed=f2fdf348c5a7713c len16=0 a16=d117d92536419482 b16=0caf7502a24266f4 len32=1 a32=b08fb53d60277845 b32=b08fb53d60277845 len128=1 a128=0e4df0a87dd37840 b128=0e4df0a87dd37840
hit worker=1 index=704571954 seed=73743fce7465be23 len16=0 a16=21137fcb56135aa9 b16=eae5ab477cb848ef len32=1 a32=60c89283516951b7 b32=60c89283516951b7 len128=1 a128=0ad36a11c79e4093 b128=0ad36a11c79e4093
hit worker=1 index=704995427 seed=5361b996695fdc4e len16=0 a16=77ae9106d18678e4 b16=bb3cb716a4144ae3 len32=1 a32=04ce1b9e62b85ea2 b32=04ce1b9e62b85ea2 len128=1 a128=415e610cb0702c48 b128=415e610cb0702c48
hit worker=1 index=713023506 seed=39eb88cd0b9a44ef len16=0 a16=1258528006f45a0d b16=676d9bb6a6b6ca7f len32=1 a32=bd39370f5188e9cf b32=bd39370f5188e9cf len128=1 a128=052ed2687e04d7ac b128=052ed2687e04d7ac
hit worker=1 index=717022001 seed=4b6227a0549d757e len16=0 a16=dea89f93e9673de7 b16=af4be3a33e701317 len32=1 a32=a98a53e5524d91ab b32=a98a53e5524d91ab len128=1 a128=93de5dbed839149f b128=93de5dbed839149f
hit worker=1 index=717258411 seed=611d9b85449f28b7 len16=0 a16=aad5dd6596ee8a18 b16=c09ce191e217195e len32=1 a32=854ce8c1eb094b47 b32=854ce8c1eb094b47 len128=1 a128=3e8a352939f5aef6 b128=3e8a352939f5aef6
hit worker=1 index=723351417 seed=093fa4ac27bdde04 len16=0 a16=91cd116c51311dd7 b16=25bd7b85e85a28be len32=1 a32=3f39e995e212170e b32=3f39e995e212170e len128=1 a128=d4f8b9089be0d9eb b128=d4f8b9089be0d9eb
hit worker=1 index=724024555 seed=da438b85b4a8ac3c len16=0 a16=82cc0df305a890f4 b16=000885872d5686d8 len32=1 a32=c0207d5271f225bb b32=c0207d5271f225bb len128=1 a128=9f68b5d6cadd9bff b128=9f68b5d6cadd9bff
hit worker=1 index=724497583 seed=6bdf266d59b6f8f0 len16=0 a16=219f66433dd6229d b16=ee33acf52de7760d len32=1 a32=8c4085c138c6dc9d b32=8c4085c138c6dc9d len128=1 a128=a0df15a5e7083144 b128=a0df15a5e7083144
hit worker=1 index=724823903 seed=61e7aba56b60580f len16=0 a16=d8642254552b48bf b16=3fe40857497a4ed9 len32=1 a32=b8dec10ce5887d6a b32=b8dec10ce5887d6a len128=1 a128=3369c7328b79f3b4 b128=3369c7328b79f3b4
hit worker=1 index=725038200 seed=458be8bff53f7a80 len16=0 a16=4ac1d379c282c381 b16=076647fb41eb0b11 len32=1 a32=12aa0e0276d6856e b32=12aa0e0276d6856e len128=1 a128=90080718b82c6a5d b128=90080718b82c6a5d
hit worker=1 index=728459177 seed=77c1d38516d3dced len16=0 a16=4bd63b4e193f9bf4 b16=09fee08ebc8cbf11 len32=1 a32=eb119f1879bf81cf b32=eb119f1879bf81cf len128=1 a128=15e0c674e4deae55 b128=15e0c674e4deae55
hit worker=1 index=734097961 seed=0717b4fe4e848f80 len16=0 a16=06acf799077827b9 b16=4363fa6a3260d3ed len32=1 a32=19c06ffea9148cd4 b32=19c06ffea9148cd4 len128=1 a128=7bf8228eb36cb352 b128=7bf8228eb36cb352
hit worker=1 index=734303475 seed=292366915374bd7e len16=0 a16=c0ab1c5de7f79ee5 b16=1fcb5a11a00a1c0e len32=1 a32=26844ba6becf6fb7 b32=26844ba6becf6fb7 len128=1 a128=8aef7334e0450b01 b128=8aef7334e0450b01
hit worker=1 index=736207096 seed=aafde1e9f3349fb8 len16=0 a16=478218a7ee1dae68 b16=aad91514f03caaea len32=1 a32=39e1d9b6de196c7d b32=39e1d9b6de196c7d len128=1 a128=cbf2fb6cab708594 b128=cbf2fb6cab708594
hit worker=1 index=737074539 seed=c94496ad44637505 len16=0 a16=3c3a1822f7674717 b16=67d37da0a040d6c6 len32=1 a32=c8a06239898ea1f7 b32=c8a06239898ea1f7 len128=1 a128=51d4d19635843945 b128=51d4d19635843945
hit worker=1 index=737800607 seed=8cde6546ecbb61c4 len16=0 a16=024b1ecac62bb6dd b16=14f375fcdd557c2b len32=1 a32=790eab22967e3879 b32=790eab22967e3879 len128=1 a128=acd0f0b6392cb3cb b128=acd0f0b6392cb3cb
hit worker=1 index=742149784 seed=67bd523eeb344d1c len16=0 a16=cf03690b795bd1b5 b16=3a4418632be09095 len32=1 a32=ef27983f99cd683c b32=ef27983f99cd683c len128=1 a128=0ab05cb1143698aa b128=0ab05cb1143698aa
hit worker=1 index=744379075 seed=e5ce3d481ef7fd14 len16=0 a16=30367665bb582898 b16=d0b7130ab76148e2 len32=1 a32=169688cf18b442fb b32=169688cf18b442fb len128=1 a128=2a1109c0f8ce03f2 b128=2a1109c0f8ce03f2
hit worker=1 index=745908774 seed=bd55676d2e1022d1 len16=0 a16=c238cead38b50e83 b16=360adf8269c53488 len32=1 a32=c7485297c542d549 b32=c7485297c542d549 len128=1 a128=e8824d0e09a52f5e b128=e8824d0e09a52f5e
hit worker=1 index=748293377 seed=835d4cc917ff0891 len16=0 a16=15db23bd34727035 b16=6b14ffc7ace72d4f len32=1 a32=d5a582e2e8c1918f b32=d5a582e2e8c1918f len128=1 a128=363ae2a4f2ca04a7 b128=363ae2a4f2ca04a7
hit worker=1 index=749236607 seed=0470cfccb5ff04dc len16=0 a16=3436734474774726 b16=7cf1b178d40e6844 len32=1 a32=ec6bb17a7d24e9c5 b32=ec6bb17a7d24e9c5 len128=1 a128=8f4157113054f2c8 b128=8f4157113054f2c8
hit worker=1 index=751463798 seed=578188d7ae2fdf73 len16=0 a16=8559461f1a2507e8 b16=9ca6c5d26ea17e4e len32=1 a32=be2e519fe6bc131d b32=be2e519fe6bc131d len128=1 a128=90c7f89f9e2c4484 b128=90c7f89f9e2c4484
hit worker=1 index=752446922 seed=068b6646dd0855a0 len16=0 a16=0bd26be65011095c b16=d4b89099501308fa len32=1 a32=c486f1c5c8ae1346 b32=c486f1c5c8ae1346 len128=1 a128=1ccc10620dde54fc b128=1ccc10620dde54fc
hit worker=1 index=752592012 seed=3e3076e4bd1b3b7b len16=0 a16=f97dfcb1beda64a7 b16=f3199a3f12237e8c len32=1 a32=676c8d02e078752a b32=676c8d02e078752a len128=1 a128=a7ef82fe2ae61946 b128=a7ef82fe2ae61946
hit worker=1 index=756034539 seed=e9c0e569abab85c3 len16=0 a16=74189b16688b20e7 b16=e835fbf4efecd0a6 len32=1 a32=d95ed81968ef39e2 b32=d95ed81968ef39e2 len128=1 a128=c88c5f92f3c37c2a b128=c88c5f92f3c37c2a
hit worker=1 index=756912882 seed=9a7d4cc0ccce9268 len16=0 a16=bcc24c398a5f3230 b16=762ef92c56c309b4 len32=1 a32=4c8324c52292c241 b32=4c8324c52292c241 len128=1 a128=8307ebb34351fe2f b128=8307ebb34351fe2f
hit worker=1 index=757887188 seed=d35d652fcd73e004 len16=0 a16=63d4cf896c0de95d b16=7eb141cdbc4f5c97 len32=1 a32=1990f87c501703d0 b32=1990f87c501703d0 len128=1 a128=156a427eb180792d b128=156a427eb180792d
hit worker=1 index=762531720 seed=ca3dc6492fb5e61e len16=0 a16=694e0b2a92b44666 b16=c809dcd6eaefae38 len32=1 a32=c04bfc9b06a68e8d b32=c04bfc9b06a68e8d len128=1 a128=0e9fcd7f844cb302 b128=0e9fcd7f844cb302
hit worker=1 index=764308855 seed=31ff799cad5e6da1 len16=0 a16=c2f9588ee127ab7c b16=aadfd1b48a197436 len32=1 a32=e3984db5e37a2ff4 b32=e3984db5e37a2ff4 len128=1 a128=0854ee9abbb8f4b5 b128=0854ee9abbb8f4b5
hit worker=1 index=765088343 seed=744176e303bbd0e7 len16=0 a16=965b7f618b335462 b16=c1530cb6fe40759e len32=1 a32=ab86f98a7e4106f4 b32=ab86f98a7e4106f4 len128=1 a128=532e9374129feecf b128=532e9374129feecf
hit worker=1 index=771177529 seed=449fcadfd399d8b7 len16=0 a16=104c07405b82092c b16=ee24fb4246e991ff len32=1 a32=1aa18a89a744a8c1 b32=1aa18a89a744a8c1 len128=1 a128=bc83c685181a01a6 b128=bc83c685181a01a6
hit worker=1 index=772362821 seed=c164045d42e17c38 len16=0 a16=26c22fa1abc8554d b16=dc350913f0ba3430 len32=1 a32=0b32bb22094c684e b32=0b32bb22094c684e len128=1 a128=7529daa98557bda6 b128=7529daa98557bda6
hit worker=1 index=773760743 seed=4b77f7cc889a5c08 len16=0 a16=de752f17f128f088 b16=3ee9cf17b4f8edcf len32=1 a32=d7d566e0e083a121 b32=d7d566e0e083a121 len128=1 a128=57280046de0fd8ba b128=57280046de0fd8ba
hit worker=1 index=774593953 seed=cd9c1e36413f4084 len16=0 a16=fc78e54363ae47df b16=bfb9b03fdf2d2101 len32=1 a32=ba6fa782b9b2c322 b32=ba6fa782b9b2c322 len128=1 a128=f63e0f0eb486dce9 b128=f63e0f0eb486dce9
hit worker=1 index=774909883 seed=6d83f7caf97569de len16=0 a16=9a80a1666caa289f b16=1e45106912a4ced2 len32=1 a32=e029c5b6d3dce27b b32=e029c5b6d3dce27b len128=1 a128=3e4ec52bf007828d b128=3e4ec52bf007828d
hit worker=1 index=774999593 seed=73ae07ca686ed7b0 len16=0 a16=e1c57f84ab450a87 b16=cc05671fcc7fa179 len32=1 a32=c90756493d77745b b32=c90756493d77745b len128=1 a128=bb2df72c78a9279d b128=bb2df72c78a9279d
hit worker=1 index=775306948 seed=730fdf63691cbf1c len16=0 a16=9dce227d08a25959 b16=73cfe1aa3cf4e37b len32=1 a32=60bfd17ca935d259 b32=60bfd17ca935d259 len128=1 a128=58545d4d5d9d36e2 b128=58545d4d5d9d36e2
hit worker=1 index=782050743 seed=c2bdf98a37347ca9 len16=0 a16=9da9492fd5348e9f b16=8ef91ee043a27ff2 len32=1 a32=f1f542d58ce0a14a b32=f1f542d58ce0a14a len128=1 a128=80d91f33538e23e7 b128=80d91f33538e23e7
hit worker=1 index=782214723 seed=953e09983dc04180 len16=0 a16=3b129649b6add701 b16=2d961866287367c7 len32=1 a32=e3e39c8b17adda06 b32=e3e39c8b17adda06 len128=1 a128=0ca360f5067a9435 b128=0ca360f5067a9435
hit worker=1 index=783465837 seed=4f741183b8a0e485 len16=0 a16=23c52a0c5e285c20 b16=810fe3091951d167 len32=1 a32=4ed067f2e9738b68 b32=4ed067f2e9738b68 len128=1 a128=ce7ba11efafc2d14 b128=ce7ba11efafc2d14
hit worker=1 index=785553835 seed=d442b7e734aa98a0 len16=0 a16=73f1ed19602c1d15 b16=fbee84dbd925bffe len32=1 a32=da09b696da96a470 b32=da09b696da96a470 len128=1 a128=dc5f14eb24a47f29 b128=dc5f14eb24a47f29
hit worker=1 index=790576582 seed=062597baefbeecf9 len16=0 a16=5016b8fef0cbf391 b16=c035e397a3899d05 len32=1 a32=3f1f0e738cea98ff b32=3f1f0e738cea98ff len128=1 a128=3d8acf663a6f1339 b128=3d8acf663a6f1339
hit worker=1 index=791315378 seed=6e9dac19b6f44ca8 len16=0 a16=fc1f9de1aea72e8d b16=94754eb2e25b75f3 len32=1 a32=2b7598afc0db562c b32=2b7598afc0db562c len128=1 a128=6e3bcbd6c38c16d3 b128=6e3bcbd6c38c16d3
hit worker=1 index=792692606 seed=289d7d6843339b2b len16=0 a16=566fa7b5dd6b31ea b16=1d62d1f6d3086747 len32=1 a32=0334004e74890214 b32=0334004e74890214 len128=1 a128=1b7b3190fc8fd7ca b128=1b7b3190fc8fd7ca
hit worker=1 index=796442145 seed=fc9b679d0a11cde0 len16=0 a16=8431c3b6653594b0 b16=8146345ed5f57f65 len32=1 a32=7a173f14e6224c30 b32=7a173f14e6224c30 len128=1 a128=9236f6b826fdc2a7 b128=9236f6b826fdc2a7
hit worker=1 index=798746342 seed=e3ac192537137c7e len16=0 a16=139ed0dd1296bb15 b16=7dcc2547b8c8663e len32=1 a32=05898cc4830e67a1 b32=05898cc4830e67a1 len128=1 a128=266ed2fa6bc4609b b128=266ed2fa6bc4609b
hit worker=1 index=800346375 seed=c79e7e1f4af036b1 len16=0 a16=e64cf405a5d8423f b16=8d80498887ec514c len32=1 a32=41345e9986cae20c b32=41345e9986cae20c len128=1 a128=86c7315f87b7cf54 b128=86c7315f87b7cf54
hit worker=1 index=800970986 seed=32bb889cbc77225b len16=0 a16=008b4d7389357852 b16=e91b852416818477 len32=1 a32=34ba5fe4a38a7efe b32=34ba5fe4a38a7efe len128=1 a128=00674a9c5955e51e b128=00674a9c5955e51e
hit worker=1 index=802625362 seed=06202f99c49b6b0b len16=0 a16=bc326388e0737b48 b16=c4a2f51448a75f7c len32=1 a32=ac187dde57f247ed b32=ac187dde57f247ed len128=1 a128=f5725f8b95a66a8f b128=f5725f8b95a66a8f
hit worker=1 index=806967059 seed=6b9f86c526266fc3 len16=0 a16=c1cb3cdc8f3e3a57 b16=7acbd312dd016046 len32=1 a32=36b1197fbeb25937 b32=36b1197fbeb25937 len128=1 a128=5ea51743ed4971e2 b128=5ea51743ed4971e2
hit worker=1 index=811373850 seed=a1ca10be6ad35ffe len16=0 a16=8f7493343d6007d8 b16=4118b2ffa300ce62 len32=1 a32=e1d010e91a4ca0ac b32=e1d010e91a4ca0ac len128=1 a128=ef9ed5b7df66bcf4 b128=ef9ed5b7df66bcf4
hit worker=1 index=815305194 seed=2f240fa132f8d234 len16=0 a16=25e1b1f283f5b518 b16=5e55403ee88feb0c len32=1 a32=ef2ad0ca2665ff73 b32=ef2ad0ca2665ff73 len128=1 a128=a07a9074f52e4e5e b128=a07a9074f52e4e5e
hit worker=1 index=817663962 seed=82df970d534fa487 len16=0 a16=e25cc353b166e373 b16=78f4ddafc5cae310 len32=1 a32=802bfd20351edf62 b32=802bfd20351edf62 len128=1 a128=78b09842b2203986 b128=78b09842b2203986
hit worker=1 index=819635608 seed=c30006096e20653c len16=0 a16=2c4ecaa7ea810abd b16=5811d11056b702b1 len32=1 a32=ad5d7952be41e2e5 b32=ad5d7952be41e2e5 len128=1 a128=da4237e261446b55 b128=da4237e261446b55
hit worker=1 index=819863758 seed=d22d6414ae306eb4 len16=0 a16=48a834d60cfd706e b16=2ae476df7c32695c len32=1 a32=e70902b3fdf93e62 b32=e70902b3fdf93e62 len128=1 a128=138b98b267f0e5e7 b128=138b98b267f0e5e7
hit worker=1 index=821298136 seed=cca879fc037634bd len16=0 a16=711353f7fe755bbe b16=6dc9519de8550d27 len32=1 a32=5bbfb78eb644956c b32=5bbfb78eb644956c len128=1 a128=b60b0dce87896d4b b128=b60b0dce87896d4b
hit worker=1 index=821336076 seed=9b613245bb709cb7 len16=0 a16=a9f16dc6fa967410 b16=2da90f986438350b len32=1 a32=80c69b14cc30dae9 b32=80c69b14cc30dae9 len128=1 a128=8eb8396466d489e0 b128=8eb8396466d489e0
hit worker=1 index=821999954 seed=37e0153745e86c7e len16=0 a16=6f263c34497964cf b16=7f3312df1fe76fb1 len32=1 a32=fe3e3d266dbc8cbe b32=fe3e3d266dbc8cbe len128=1 a128=069f46da49b6eb91 b128=069f46da49b6eb91
hit worker=1 index=822745994 seed=940ee4fb09806f9e len16=0 a16=501c1caf159103b5 b16=56f27e986a897206 len32=1 a32=3b90a8952b9123e3 b32=3b90a8952b9123e3 len128=1 a128=ee1c3bc203032a55 b128=ee1c3bc203032a55
hit worker=1 index=825027256 seed=0c67b59b0b3defbc len16=0 a16=77ad1ea91dad6381 b16=6edf9aa22fa4420a len32=1 a32=4088ea196f27c3d7 b32=4088ea196f27c3d7 len128=1 a128=2e4e490691e56da4 b128=2e4e490691e56da4
hit worker=1 index=825600607 seed=72429615bd16590c len16=0 a16=b67461a7ac3add29 b16=6d4e59fcd055e404 len32=1 a32=0b94e0a170fa6aae b32=0b94e0a170fa6aae len128=1 a128=a3c79441356c24a5 b128=a3c79441356c24a5
hit worker=1 index=826869490 seed=4c67e2423367e430 len16=0 a16=b273188d52f3ed1f b16=ea19b7ccb3861585 len32=1 a32=a8e0ff5af924761d b32=a8e0ff5af924761d len128=1 a128=449964fc1d83e4fd b128=449964fc1d83e4fd
hit worker=1 index=827334373 seed=565dd3c91bf9fa84 len16=0 a16=148a3097dc0c789a b16=433a3654ffaee073 len32=1 a32=e3fae8b2ed73cb61 b32=e3fae8b2ed73cb61 len128=1 a128=0220d9bea45b9ed6 b128=0220d9bea45b9ed6
hit worker=1 index=827751761 seed=134f97ae8c3ea01e len16=0 a16=1225ba0cba6664eb b16=10b50e475f151e61 len32=1 a32=e11b3c790e56aeda b32=e11b3c790e56aeda len128=1 a128=27a2d041930e7035 b128=27a2d041930e7035
hit worker=1 index=834736254 seed=799e931eb828161c len16=0 a16=37d302873d31d33d b16=6813fa4fb858bd85 len32=1 a32=9fc2f43043fc5786 b32=9fc2f43043fc5786 len128=1 a128=ffad01e85ef6f89b b128=ffad01e85ef6f89b
hit worker=1 index=838926591 seed=4b7518890d18b57e len16=0 a16=4d10c30dfbac6708 b16=51a11554ba9ff779 len32=1 a32=5d3c045d6028a497 b32=5d3c045d6028a497 len128=1 a128=db12ad0f3f120450 b128=db12ad0f3f120450
hit worker=1 index=838970872 seed=d37f95eb8da92103 len16=0 a16=21da1b92b0fe49f9 b16=b618c2dec8dc6e00 len32=1 a32=3ee78a1c48c4a67f b32=3ee78a1c48c4a67f len128=1 a128=2fdb2d502ef50f45 b128=2fdb2d502ef50f45
hit worker=1 index=845875032 seed=087decb7d4744f38 len16=0 a16=2f13608594eac9dc b16=e5d44e3e6fc07347 len32=1 a32=8172db26dec2c94b b32=8172db26dec2c94b len128=1 a128=d7267145c710a409 b128=d7267145c710a409
hit worker=1 index=846630164 seed=1b8d75e18c00f394 len16=0 a16=3445f29bb518e619 b16=c5f8ed954a2bd157 len32=1 a32=b44644e38ffdce1c b32=b44644e38ffdce1c len128=1 a128=9dd09586e5084d61 b128=9dd09586e5084d61
hit worker=1 index=847836327 seed=46f1621d05734c2e len16=0 a16=684ad5e52045f8c2 b16=c140dbda9f998786 len32=1 a32=60a4977105383bfa b32=60a4977105383bfa len128=1 a128=53c3283cbb9c2bc9 b128=53c3283cbb9c2bc9
hit worker=1 index=852500019 seed=c8d1f9351296ee58 len16=0 a16=6808f2577a28fab0 b16=d21625ab53dda8e1 len32=1 a32=22ac3e51682bb6ec b32=22ac3e51682bb6ec len128=1 a128=28be144d94171769 b128=28be144d94171769
hit worker=1 index=852587633 seed=a7035fd7b2de45a0 len16=0 a16=d1a97568f0d638d5 b16=76d6f01e9b6ccd16 len32=1 a32=9d28c8adafef313f b32=9d28c8adafef313f len128=1 a128=21f61cdb790e200b b128=21f61cdb790e200b
hit worker=1 index=853420639 seed=4d8250e32ac092e8 len16=0 a16=dc79d5bcfb19102c b16=d67f24d988ff89fa len32=1 a32=1431f27977db32e4 b32=1431f27977db32e4 len128=1 a128=f756218abdfdeeb3 b128=f756218abdfdeeb3
hit worker=1 index=857006507 seed=e390e50ecbc35315 len16=0 a16=c6a66c7b88703852 b16=caea7ae655edb292 len32=1 a32=db0dba9b04557e42 b32=db0dba9b04557e42 len128=1 a128=30ab562b45f0066e b128=30ab562b45f0066e
hit worker=1 index=857900975 seed=0714f62bc5763194 len16=0 a16=621cb85cd9145778 b16=54713d8902544f1c len32=1 a32=51f6e7794c10f17c b32=51f6e7794c10f17c len128=1 a128=189660da401002a0 b128=189660da401002a0
hit worker=1 index=861815016 seed=830a3387348f4d1c len16=0 a16=5841dca44d103f24 b16=370d0883cd62bf28 len32=1 a32=b6966f26c8d563d6 b32=b6966f26c8d563d6 len128=1 a128=127e6542e683216f b128=127e6542e683216f
hit worker=1 index=863188941 seed=c464a2c76dc6ca0b len16=0 a16=8b5b8b0924008396 b16=6b3844cfecfb7587 len32=1 a32=eadd87e7f1b651b0 b32=eadd87e7f1b651b0 len128=1 a128=a69797cf9baae8b1 b128=a69797cf9baae8b1
hit worker=1 index=866268688 seed=1361f62229ff9413 len16=0 a16=c74fdd9846b52cc5 b16=9b6c76eef296f896 len32=1 a32=65e21bc4d32dc16b b32=65e21bc4d32dc16b len128=1 a128=69b966f5859fd005 b128=69b966f5859fd005
hit worker=1 index=870102935 seed=037c1611029421b4 len16=0 a16=d5aa07e88d9e55a2 b16=dc6326501bbe4bed len32=1 a32=012c22c884e45745 b32=012c22c884e45745 len128=1 a128=aa105a675fd42b2e b128=aa105a675fd42b2e
hit worker=1 index=870247288 seed=72fff8c94400dedc len16=0 a16=a19d003cb75864d6 b16=e22411f976aaf39d len32=1 a32=b2d68440ca9eb50f b32=b2d68440ca9eb50f len128=1 a128=a0dd050ee5a4f042 b128=a0dd050ee5a4f042
hit worker=1 index=875744263 seed=0c8045cca7cf6300 len16=0 a16=af15acb0625e6132 b16=8add97a1468de7ed len32=1 a32=de9c9f4756eb1bc3 b32=de9c9f4756eb1bc3 len128=1 a128=1880e38f4283f2c4 b128=1880e38f4283f2c4
hit worker=1 index=876944177 seed=9b1247e78c453268 len16=0 a16=11974ef6c723d664 b16=bf91202e16450657 len32=1 a32=0ab7c64a72d05534 b32=0ab7c64a72d05534 len128=1 a128=d4c05ddf4ea90546 b128=d4c05ddf4ea90546
hit worker=1 index=879084329 seed=b398491cf577de1e len16=0 a16=63ad2ee743c4957d b16=6d6f38c666261fea len32=1 a32=cd6ec4b1b2e774bd b32=cd6ec4b1b2e774bd len128=1 a128=29b30b205ec25760 b128=29b30b205ec25760
hit worker=1 index=879664035 seed=864213d7332f20c3 len16=0 a16=0074227d8d6bef72 b16=f6db837bbbc9a3f4 len32=1 a32=1fca34c05a45d9e8 b32=1fca34c05a45d9e8 len128=1 a128=be4007670a1d4a11 b128=be4007670a1d4a11
hit worker=1 index=879755759 seed=d2e2365a7eb91995 len16=0 a16=5b4e87efeb0a1699 b16=0f2efa849554fa42 len32=1 a32=b6ffbd17b0d57cc2 b32=b6ffbd17b0d57cc2 len128=1 a128=f49088f3dba68e60 b128=f49088f3dba68e60
hit worker=1 index=881064361 seed=959e1923ff0f831c len16=0 a16=8326af5badb2d83d b16=7cf5f9bdb6c309be len32=1 a32=8227cdb6252b956a b32=8227cdb6252b956a len128=1 a128=23c5ed8a120a903c b128=23c5ed8a120a903c
hit worker=1 index=884022867 seed=43220655d2dd5496 len16=0 a16=7bb2f13bc7fe622c b16=cf895fe0e6781261 len32=1 a32=05d79c5cc951615e b32=05d79c5cc951615e len128=1 a128=fa77305512bdb25a b128=fa77305512bdb25a
hit worker=1 index=884713087 seed=f7a817137e733300 len16=0 a16=4266231042ee1e66 b16=8c6a735393ea003c len32=1 a32=81b2c3dcf540b956 b32=81b2c3dcf540b956 len128=1 a128=390c8ed5a0f8eefc b128=390c8ed5a0f8eefc
hit worker=1 index=888611076 seed=b31f6383bb3c2995 len16=0 a16=db9ca1058445d13d b16=e0aa425ad7baa0cd len32=1 a32=b61365b58ce073a3 b32=b61365b58ce073a3 len128=1 a128=7375f361bb51f6e7 b128=7375f361bb51f6e7
hit worker=1 index=889977218 seed=06bfc37fc5ad480e len16=0 a16=7cb1bf1494faf245 b16=c86d6c79d466c1d9 len32=1 a32=3e4b06fe4df4dc3a b32=3e4b06fe4df4dc3a len128=1 a128=5322b0ccfa60f8d9 b128=5322b0ccfa60f8d9
hit worker=1 index=890599119 seed=43ff12880e582be0 len16=0 a16=28fda96985f9a30f b16=bf97af297d820957 len32=1 a32=c30847ee48176f34 b32=c30847ee48176f34 len128=1 a128=ec06366461c5fde8 b128=ec06366461c5fde8
hit worker=1 index=892009331 seed=ea05f253163c6d9e len16=0 a16=2ef4b4535456421e b16=d013f521ceae68d7 len32=1 a32=549b85603e6e8ce7 b32=549b85603e6e8ce7 len128=1 a128=3fd131c0ffd8c330 b128=3fd131c0ffd8c330
hit worker=1 index=896427392 seed=3322bf64555235ee len16=0 a16=e8282f41c8610112 b16=039e49e779ae2b7e len32=1 a32=253f61775692cac5 b32=253f61775692cac5 len128=1 a128=2cec8d01447d5821 b128=2cec8d01447d5821
hit worker=1 index=896645150 seed=04d78132fa9b763f len16=0 a16=2a7a89d93f319db6 b16=ea7517d28cb3e898 len32=1 a32=a7dd58525b4f1bb1 b32=a7dd58525b4f1bb1 len128=1 a128=0f37f1535ca4cac3 b128=0f37f1535ca4cac3
hit worker=1 index=900487919 seed=9357682e68964380 len16=0 a16=d5eb123b4189c467 b16=33c3d38f431f2830 len32=1 a32=ca2137cba833fb06 b32=ca2137cba833fb06 len128=1 a128=7bf840c36c07d06e b128=7bf840c36c07d06e
hit worker=1 index=902822638 seed=a01bffda5068e5c8 len16=0 a16=8509f685edc5cbe6 b16=e8404f90e7939fa4 len32=1 a32=a79ee7c7119f1a86 b32=a79ee7c7119f1a86 len128=1 a128=c796025fa68aa571 b128=c796025fa68aa571
hit worker=1 index=902884291 seed=ab001a7676af4516 len16=0 a16=55665a3b863e8d96 b16=b3467278616b23f8 len32=1 a32=619565701498966f b32=619565701498966f len128=1 a128=8276973b5a457a90 b128=8276973b5a457a90
hit worker=1 index=904877352 seed=035fe3cd3d8c6bcb len16=0 a16=ffd805084df6fba6 b16=dc02c791a572f821 len32=1 a32=590a90bebd626fbb b32=590a90bebd626fbb len128=1 a128=3b5855dfb7eb917e b128=3b5855dfb7eb917e
hit worker=1 index=906147200 seed=caffb86b75546226 len16=0 a16=438ab6bbf55ef071 b16=acb57fd7915d39bb len32=1 a32=71e27e7d5a9c4039 b32=71e27e7d5a9c4039 len128=1 a128=c57ca1d4d21a79dd b128=c57ca1d4d21a79dd
hit worker=1 index=910755884 seed=647f86d7e6db2e2c len16=0 a16=0fae058212551b4d b16=fbcd189715365bf3 len32=1 a32=d477a6be56c08dd2 b32=d477a6be56c08dd2 len128=1 a128=0586e6a2f0618da8 b128=0586e6a2f0618da8
hit worker=1 index=914366730 seed=4fa1948ee5194b03 len16=0 a16=f4b12a60867d1abc b16=53f6a5dbbb49d819 len32=1 a32=65ba8c5833274164 b32=65ba8c5833274164 len128=1 a128=53ca20feb29d8a22 b128=53ca20feb29d8a22
hit worker=1 index=915315105 seed=6b1e704f2faca2d8 len16=0 a16=f7c473775c1592b3 b16=fe60480bf3a65d02 len32=1 a32=d73ce6d770c29ed7 b32=d73ce6d770c29ed7 len128=1 a128=783c42693f2ece43 b128=783c42693f2ece43
hit worker=1 index=915353730 seed=c2fd969eb3db41d4 len16=0 a16=e1c0c24e957a2b7a b16=31593320c8d665a7 len32=1 a32=ffb2f71bd745530b b32=ffb2f71bd745530b len128=1 a128=0049eb4676a7ad39 b128=0049eb4676a7ad39
hit worker=1 index=921983591 seed=5a35eaf8439fe071 len16=0 a16=aa95928bc487f84b b16=00c1decde3a62716 len32=1 a32=e253354b8ab08e4f b32=e253354b8ab08e4f len128=1 a128=4e986c60ff1c7783 b128=4e986c60ff1c7783
hit worker=1 index=922931967 seed=c322f1de2cd46a59 len16=0 a16=344de732dbe08e23 b16=bb622766e1e4e649 len32=1 a32=6f1585b05c13a6b9 b32=6f1585b05c13a6b9 len128=1 a128=2a91695246dc9725 b128=2a91695246dc9725
hit worker=1 index=923330221 seed=73c5f7c78dbfd08f len16=0 a16=8cb46cecaf21dd5c b16=10a33bab69a59382 len32=1 a32=2d25113f74d2435e b32=2d25113f74d2435e len128=1 a128=57c0038a82dd1a97 b128=57c0038a82dd1a97
hit worker=1 index=924213738 seed=314407cf3585b688 len16=0 a16=dd2edfbbfdc3f18b b16=63740e374b19e195 len32=1 a32=6c67e669ffa67330 b32=6c67e669ffa67330 len128=1 a128=1b758430955c0f23 b128=1b758430955c0f23
hit worker=1 index=924258906 seed=5b17eb2ed22fb34c len16=0 a16=dc9e7abe97c55cf8 b16=eb03a5df9ff88648 len32=1 a32=000b85a9a9b543c7 b32=000b85a9a9b543c7 len128=1 a128=6f0147e79172cf0d b128=6f0147e79172cf0d
hit worker=1 index=925798464 seed=e283c55dbc53f8ab len16=0 a16=ab6923bf632780c2 b16=3126c1255dcf83bd len32=1 a32=262298a4bc3321b6 b32=262298a4bc3321b6 len128=1 a128=4a97354e6ad0e0de b128=4a97354e6ad0e0de
hit worker=1 index=927807579 seed=8322591c7d93267b len16=0 a16=c401aa78c9c2b1f4 b16=c8f19064bf8a2e42 len32=1 a32=4adc8a9fd1a8e456 b32=4adc8a9fd1a8e456 len128=1 a128=5e59afc973728ce4 b128=5e59afc973728ce4
hit worker=1 index=929135921 seed=e91d5f682da010c4 len16=0 a16=57e3e87a69e3e0ac b16=12c12dd8a6a63ee1 len32=1 a32=5304d4ba0508dc96 b32=5304d4ba0508dc96 len128=1 a128=930412b798013894 b128=930412b798013894
hit worker=1 index=932127511 seed=d8fd674da8edb7f7 len16=0 a16=fba833703f4f3774 b16=1950812fe202c640 len32=1 a32=99f5e19353f0dd47 b32=99f5e19353f0dd47 len128=1 a128=953993f88c405b2e b128=953993f88c405b2e
hit worker=1 index=933289846 seed=aa938b47c5986904 len16=0 a16=e51188a70f197ea2 b16=36873396411abd84 len32=1 a32=47d5a6eeaa02c098 b32=47d5a6eeaa02c098 len128=1 a128=d37a8dac7fe992f5 b128=d37a8dac7fe992f5
hit worker=1 index=934139412 seed=73f5f3539a00d0b0 len16=0 a16=832ef390e4e368b4 b16=568dc877fbf6897c len32=1 a32=7cbb1d08d2a3c527 b32=7cbb1d08d2a3c527 len128=1 a128=281d022d66c71048 b128=281d022d66c71048
hit worker=1 index=935592474 seed=d97da60b0684ab07 len16=0 a16=8d243e1c7ef2e80c b16=b60234388cbb1135 len32=1 a32=cc026f09b1917449 b32=cc026f09b1917449 len128=1 a128=059e83f0d104157e b128=059e83f0d104157e
hit worker=1 index=936449691 seed=f2c00829ebda406b len16=0 a16=68a97e7281260f59 b16=481e73ff61233f9c len32=1 a32=519d5f9bafedcfbb b32=519d5f9bafedcfbb len128=1 a128=402fe4fba100dd16 b128=402fe4fba100dd16
hit worker=1 index=937599421 seed=451e45c68b4a4ba7 len16=0 a16=e801415337c1894e b16=c4ca922ecc21688a len32=1 a32=940326c63ae75288 b32=940326c63ae75288 len128=1 a128=c8cf4ab2c7f0795a b128=c8cf4ab2c7f0795a
hit worker=1 index=940938104 seed=9ae3aa296795a094 len16=0 a16=5ee01b243d248118 b16=45fef43ca48a5960 len32=1 a32=3427f3b6d29e2591 b32=3427f3b6d29e2591 len128=1 a128=a1fb6901f52cb587 b128=a1fb6901f52cb587
hit worker=1 index=941315361 seed=9ac5fbc7bc936045 len16=0 a16=6606156b6c04053c b16=e9d651c029649e08 len32=1 a32=b8ebad6902b15370 b32=b8ebad6902b15370 len128=1 a128=9c1e978a947dc44d b128=9c1e978a947dc44d
hit worker=1 index=941347147 seed=92dd169abcc576c4 len16=0 a16=86a4c0bb589f6dd7 b16=574d60b26c943074 len32=1 a32=8014bd63195703ef b32=8014bd63195703ef len128=1 a128=1a9f3a7f6d2101a7 b128=1a9f3a7f6d2101a7
hit worker=1 index=943137976 seed=9ae70692b67dafa7 len16=0 a16=6328a27c70eacefb b16=41b6ee0d14f99257 len32=1 a32=89e62dfaffc8eac7 b32=89e62dfaffc8eac7 len128=1 a128=4972f734ec2b1b0b b128=4972f734ec2b1b0b
hit worker=1 index=947211324 seed=db39ae907021db93 len16=0 a16=05493b89ed2b038e b16=cfbc0706d40870fe len32=1 a32=4a5e21b38af3f0c4 b32=4a5e21b38af3f0c4 len128=1 a128=b6bfc3bb1c7d5c14 b128=b6bfc3bb1c7d5c14
hit worker=1 index=949708688 seed=3a6209e0e6e09b38 len16=0 a16=c8d786ab59f86e6e b16=7d778cf8f6c4d0df len32=1 a32=26508590c2fa2831 b32=26508590c2fa2831 len128=1 a128=f5d44375ba9d1f97 b128=f5d44375ba9d1f97
hit worker=1 index=951607247 seed=423e99c8b61d8138 len16=0 a16=8962e4a838d1b68e b16=c284e9a87c65a449 len32=1 a32=5fb8bbbf823dd0ea b32=5fb8bbbf823dd0ea len128=1 a128=5a48594262157fea b128=5a48594262157fea
hit worker=1 index=951917349 seed=68bc86552e9befb8 len16=0 a16=18be706128dbbb32 b16=11841d73a127ce43 len32=1 a32=4e3af60af4a8f037 b32=4e3af60af4a8f037 len128=1 a128=6f2841e754678517 b128=6f2841e754678517
hit worker=1 index=952397149 seed=cac367ba3de9b22e len16=0 a16=b425c5954824a6d4 b16=7077dcb0f5e32bc1 len32=1 a32=025c9c2a3a717cf9 b32=025c9c2a3a717cf9 len128=1 a128=1dfcc589850cd5cb b128=1dfcc589850cd5cb
hit worker=1 index=952510631 seed=c33de2006afa8188 len16=0 a16=8b537835f6e15c1b b16=90b46b7dbef7315f len32=1 a32=3006e2b1f97a5826 b32=3006e2b1f97a5826 len128=1 a128=524fb4e577233408 b128=524fb4e577233408
hit worker=1 index=954203250 seed=f2fd6801bdb71af4 len16=0 a16=ed871e7497cd8e84 b16=e8f510b78eacf574 len32=1 a32=ddaeb0bfcf0709fd b32=ddaeb0bfcf0709fd len128=1 a128=4599529694836067 b128=4599529694836067
hit worker=1 index=957425332 seed=cc9b675fe4d99298 len16=0 a16=2d02bb03ba4d3867 b16=c0aeda61ce68f632 len32=1 a32=dc32e22836dfa93a b32=dc32e22836dfa93a len128=1 a128=3edb99a6f634ee6b b128=3edb99a6f634ee6b
hit worker=1 index=957742980 seed=1c82251e654090bc len16=0 a16=ac171eadfd4e0c56 b16=9bfc6284ae99fdcc len32=1 a32=56b778a5265c85bf b32=56b778a5265c85bf len128=1 a128=a9d70335562ebe27 b128=a9d70335562ebe27
hit worker=1 index=957855020 seed=a62b88cdc57b57b3 len16=0 a16=3efc756a90915c74 b16=4dc2c831c593efff len32=1 a32=6b996c79a19ed943 b32=6b996c79a19ed943 len128=1 a128=f12c854e405dbb2f b128=f12c854e405dbb2f
hit worker=1 index=959502284 seed=f4618b0ecd7d1b20 len16=0 a16=11a2556f6fc217ca b16=2b1b57fc4983d135 len32=1 a32=20ccf8b49cf25942 b32=20ccf8b49cf25942 len128=1 a128=0423d8acc4cb8c16 b128=0423d8acc4cb8c16
hit worker=1 index=963426718 seed=05ad615772b90134 len16=0 a16=809a587eb0b729da b16=b8a97c6cd727bbfe len32=1 a32=3e7fc11fb81a96fa b32=3e7fc11fb81a96fa len128=1 a128=f77ee3e4daea0c25 b128=f77ee3e4daea0c25
hit worker=1 index=964773012 seed=cbd5d6e53b0764e8 len16=0 a16=5c5467ee72c1b7fb b16=be900a2c5a61acca len32=1 a32=3df8f3eea31fe134 b32=3df8f3eea31fe134 len128=1 a128=21f3d172c62f3602 b128=21f3d172c62f3602
hit worker=1 index=967373581 seed=d88ce4ec37dd9d8c len16=0 a16=4f7c9f5007df654c b16=b254874523d8e380 len32=1 a32=9409d480af982914 b32=9409d480af982914 len128=1 a128=796199f9ec5a06c0 b128=796199f9ec5a06c0
hit worker=1 index=974080566 seed=5c96f6e1018bbaeb len16=0 a16=642430f2ec403787 b16=7bc98d934683d194 len32=1 a32=ac1755f92e6a58f7 b32=ac1755f92e6a58f7 len128=1 a128=81afe139cc35e732 b128=81afe139cc35e732
hit worker=1 index=976429152 seed=a3142b5ad4a0e72b len16=0 a16=2f1130794808c1b8 b16=5c839e69bfd4db61 len32=1 a32=2ccf774f17c2b4ed b32=2ccf774f17c2b4ed len128=1 a128=0bee1a6a0e0e3f68 b128=0bee1a6a0e0e3f68
hit worker=1 index=979573668 seed=1d87fbbcadbd3564 len16=0 a16=7641ce08d35aa8fc b16=1693514939380044 len32=1 a32=ef81a9c301be9160 b32=ef81a9c301be9160 len128=1 a128=6db90e1a17d11cf4 b128=6db90e1a17d11cf4
hit worker=1 index=980827056 seed=489c4ae96225a7db len16=0 a16=f9360477ccb67a4c b16=4361e55857006d4c len32=1 a32=22b50574a23342bf b32=22b50574a23342bf len128=1 a128=d698e3e03dc4050f b128=d698e3e03dc4050f
hit worker=1 index=980925194 seed=5312fbceacf3f9f1 len16=0 a16=53bed61ff26b5c4b b16=4ed25e71438d1c5f len32=1 a32=6ce98ad278482c07 b32=6ce98ad278482c07 len128=1 a128=252be0369494f097 b128=252be0369494f097
hit worker=1 index=982007347 seed=837df2492c16bb3f len16=0 a16=446d1a351d99eee8 b16=2e1dfa7145875d70 len32=1 a32=12f0419d05112eb8 b32=12f0419d05112eb8 len128=1 a128=bfa720583fe9e1cd b128=bfa720583fe9e1cd
hit worker=1 index=982723544 seed=472296910d288adf len16=0 a16=eb02e7c525729758 b16=289311bc0192750d len32=1 a32=9eb0cf20faaf2e23 b32=9eb0cf20faaf2e23 len128=1 a128=246b03ecb18514db b128=246b03ecb18514db
hit worker=1 index=982963274 seed=0483bbe6b880da34 len16=0 a16=3e1dba96b15df096 b16=0678d4fe03955cfe len32=1 a32=c8d482019f5d5663 b32=c8d482019f5d5663 len128=1 a128=ad75ebbb58609136 b128=ad75ebbb58609136
hit worker=1 index=983082623 seed=bb640834fd1b69a5 len16=0 a16=3d346cd60a4ac3bb b16=d5b3ed85a1e7775a len32=1 a32=d2af7fee45684c06 b32=d2af7fee45684c06 len128=1 a128=7d817e71edc4998d b128=7d817e71edc4998d
hit worker=1 index=984403147 seed=4af9678ab6572a97 len16=0 a16=55e2cdb3b7c25d9e b16=e830514e07657b64 len32=1 a32=c5c03ded721a58b1 b32=c5c03ded721a58b1 len128=1 a128=bc2c0c31025d8f27 b128=bc2c0c31025d8f27
hit worker=1 index=989475915 seed=b423f4243d3f529c len16=0 a16=057428a136e8e81f b16=eb26af696e512df0 len32=1 a32=67e2f20e90640e19 b32=67e2f20e90640e19 len128=1 a128=0ce640d08a0760e0 b128=0ce640d08a0760e0
hit worker=1 index=990212738 seed=e345dee786183315 len16=0 a16=fac3a359759cc9de b16=4712964fcc3013e3 len32=1 a32=deac7d486943fdf3 b32=deac7d486943fdf3 len128=1 a128=d8c1436a44e3e3dc b128=d8c1436a44e3e3dc
hit worker=1 index=991568922 seed=0324668e4117d8b0 len16=0 a16=4497399cd4290004 b16=b284b52e77c81b83 len32=1 a32=54290d32d1dbb45f b32=54290d32d1dbb45f len128=1 a128=288db0c16e723aac b128=288db0c16e723aac
hit worker=1 index=992743795 seed=b9e39351398886bc len16=0 a16=2b64c724e82ddc6f b16=7865c424c7f38efb len32=1 a32=7a961044f496c250 b32=7a961044f496c250 len128=1 a128=b3f93981bff67660 b128=b3f93981bff67660
hit worker=1 index=995355841 seed=1b2567c7567c7b9c len16=0 a16=0c2cd718ab7ef96f b16=655d721256d485cd len32=1 a32=44dc970e56a3495c b32=44dc970e56a3495c len128=1 a128=7359985b5050c18b b128=7359985b5050c18b
hit worker=1 index=995542505 seed=c39b92226b624098 len16=0 a16=7f7b5ea557de8793 b16=ff0eaf9a64944ce0 len32=1 a32=c736d2076a118c36 b32=c736d2076a118c36 len128=1 a128=c7db4b948f3a36fa b128=c7db4b948f3a36fa
hit worker=1 index=997826741 seed=06fe247ce953f9a8 len16=0 a16=36d8faca9225e75f b16=d101632b0218fc7d len32=1 a32=3514532d68f4ad0d b32=3514532d68f4ad0d len128=1 a128=51137eaf0b42dec1 b128=51137eaf0b42dec1
hit worker=1 index=998213639 seed=82e61593757d2bba len16=0 a16=756e761994704a8c b16=c904e40b6dc09fe7 len32=1 a32=20210338acf33b30 b32=20210338acf33b30 len128=1 a128=a7f3c6296f577636 b128=a7f3c6296f577636
hit worker=1 index=998494172 seed=1293f89957b392ef len16=0 a16=f5127c43ec61ef9b b16=edd3bc2ceac2f1d9 len32=1 a32=9bec813f749bceb7 b32=9bec813f749bceb7 len128=1 a128=48744a72bddaab07 b128=48744a72bddaab07
hit worker=1 index=998596537 seed=cb3d6906ec5d5fb8 len16=0 a16=7b2aae63c1ddaeab b16=42596fdd21665b7d len32=1 a32=cb46fa7016b16bef b32=cb46fa7016b16bef len128=1 a128=17861697cfa232f9 b128=17861697cfa232f9
hit worker=1 index=1000644852 seed=0b861745f800bc74 len16=0 a16=9ddf17dbbff1d1a0 b16=a14afe1aad5a0880 len32=1 a32=2d5196e8462cc031 b32=2d5196e8462cc031 len128=1 a128=b4f14080e4cafb87 b128=b4f14080e4cafb87
hit worker=1 index=1003302329 seed=7f0429152878443c len16=0 a16=df49cdf4b078d7ee b16=f6614549576cb4aa len32=1 a32=d4d16de2f496341d b32=d4d16de2f496341d len128=1 a128=94af4d1daa8d9457 b128=94af4d1daa8d9457
hit worker=1 index=1003359140 seed=0359e9b938df98f6 len16=0 a16=4b1208467e5b8f96 b16=5b5a2296329662f1 len32=1 a32=638f624d5f5cb518 b32=638f624d5f5cb518 len128=1 a128=5fc4da14abe05723 b128=5fc4da14abe05723
hit worker=1 index=1004774154 seed=1b4e46213567be43 len16=0 a16=b6a8bea8750e66b2 b16=b35e74329ed6843d len32=1 a32=f159277666a484d9 b32=f159277666a484d9 len128=1 a128=445db3e25270ab5a b128=445db3e25270ab5a
hit worker=1 index=1005744895 seed=3f03a59f97d42be8 len16=0 a16=98415be5bf16569c b16=682d3cc2804d8bc6 len32=1 a32=5269aa5ee04f9169 b32=5269aa5ee04f9169 len128=1 a128=65d89eb346bd0e8a b128=65d89eb346bd0e8a
hit worker=1 index=1007420172 seed=d1e207e47be83b0b len16=0 a16=72ffec37518c606f b16=029ff3471feb7804 len32=1 a32=6c93b0ca1a5f4018 b32=6c93b0ca1a5f4018 len128=1 a128=cab35b7d262670ac b128=cab35b7d262670ac
hit worker=1 index=1013480124 seed=defd7ee2496517cb len16=0 a16=9761e3baf7a38d4e b16=78c757a9f564e1ef len32=1 a32=566d05f71c4b18e1 b32=566d05f71c4b18e1 len128=1 a128=7703a5cfe20fe1d2 b128=7703a5cfe20fe1d2
hit worker=1 index=1014412178 seed=c6d30028345240eb len16=0 a16=60d22183bae28422 b16=9e22f2ed3074b796 len32=1 a32=03c77a9a89ac1d8a b32=03c77a9a89ac1d8a len128=1 a128=ed2c9801992ee4cf b128=ed2c9801992ee4cf
hit worker=1 index=1017563141 seed=99621288d97d8f19 len16=0 a16=bcc9a887b0ef8136 b16=48829fc93ee31705 len32=1 a32=fa994fe16fc413ed b32=fa994fe16fc413ed len128=1 a128=2eb5a0944a68a66e b128=2eb5a0944a68a66e
hit worker=1 index=1017859128 seed=5b85840d0b60fae6 len16=0 a16=9a5b9f43fe03d12e b16=a453657d6686a923 len32=1 a32=a34400a4f3d586a4 b32=a34400a4f3d586a4 len128=1 a128=5958b229ea38a63f b128=5958b229ea38a63f
hit worker=1 index=1020666995 seed=bfdf74852d2d9fdd len16=0 a16=427fad0bd629822e b16=ca4ba41a988a6a1f len32=1 a32=5e512aa0ea48a55d b32=5e512aa0ea48a55d len128=1 a128=070493a49e0b781a b128=070493a49e0b781a
hit worker=1 index=1021886767 seed=92e1799f91452ca0 len16=0 a16=12e1336fb1aeda6f b16=be08484ac82eb547 len32=1 a32=954e1594c1bae453 b32=954e1594c1bae453 len128=1 a128=cce9df46a3b1e3b9 b128=cce9df46a3b1e3b9
hit worker=1 index=1023088478 seed=a1e028876b0b3b98 len16=0 a16=0f92cdad75755c83 b16=32d130444b9ce50f len32=1 a32=afb3b7d4cf23d204 b32=afb3b7d4cf23d204 len128=1 a128=84c30efde921da15 b128=84c30efde921da15
hit worker=1 index=1023438336 seed=1415b3de2cb62c4f len16=0 a16=6caed4772a9619a3 b16=f7bac131bc5be7e9 len32=1 a32=d5881555e7b91395 b32=d5881555e7b91395 len128=1 a128=125d814ea972e6cc b128=125d814ea972e6cc
hit worker=1 index=1025777830 seed=3fbbf6523d7252e8 len16=0 a16=23fe8015410a9315 b16=404e455a9faa3bad len32=1 a32=d2813d7d5d6611b2 b32=d2813d7d5d6611b2 len128=1 a128=2e217b8ef5ff4b9e b128=2e217b8ef5ff4b9e
hit worker=1 index=1025896712 seed=bac3466af5f44f45 len16=0 a16=0e7fd409bf891dbc b16=44782ced097e2b53 len32=1 a32=cfc9595ef712851e b32=cfc9595ef712851e len128=1 a128=6038a59f0e961506 b128=6038a59f0e961506
hit worker=1 index=1027868860 seed=045e0e2be1e8a04a len16=0 a16=c8bb80f5bbe7891e b16=04c949ee9af87829 len32=1 a32=780ef38cd401e461 b32=780ef38cd401e461 len128=1 a128=99c01c19a951e537 b128=99c01c19a951e537
hit worker=1 index=1028707719 seed=94a21669379f7051 len16=0 a16=e98200013ab11a0f b16=143eda5b2db58b78 len32=1 a32=f4127029fa9d1317 b32=f4127029fa9d1317 len128=1 a128=c7e04e66971bc927 b128=c7e04e66971bc927
hit worker=1 index=1029938149 seed=a3d388b85dbc63e4 len16=0 a16=cddefb93772a0680 b16=3bcf8e97df6c563d len32=1 a32=600d94419a3b02c4 b32=600d94419a3b02c4 len128=1 a128=8b894bb9f7d234b5 b128=8b894bb9f7d234b5
hit worker=1 index=1031704745 seed=c1dd5f9a39e8297f len16=0 a16=48d8e2f8f4fb69e7 b16=3c6e23a30b6c469d len32=1 a32=36157b345162bce7 b32=36157b345162bce7 len128=1 a128=0589b390c8f87001 b128=0589b390c8f87001
hit worker=1 index=1035100253 seed=c58006a00dd6a274 len16=0 a16=659ccf9c0ae30b3b b16=928fdde3aab8da88 len32=1 a32=bd3dbe88de258e79 b32=bd3dbe88de258e79 len128=1 a128=ff023f68a4db0221 b128=ff023f68a4db0221
hit worker=1 index=1038707063 seed=d33e122a39a75ef8 len16=0 a16=0611c01d77faa9b1 b16=b0eead5f1a16a80a len32=1 a32=4372c20b62e28643 b32=4372c20b62e28643 len128=1 a128=0d58aed04b34a6d8 b128=0d58aed04b34a6d8
hit worker=1 index=1039997539 seed=57a381bad68f207d len16=0 a16=7d33e6c91c063994 b16=9d3caad97b20bab3 len32=1 a32=c1663719a654cdbf b32=c1663719a654cdbf len128=1 a128=0383210bae218563 b128=0383210bae218563
hit worker=1 index=1040219792 seed=dae1560d75e8d3ac len16=0 a16=6a4f0909c16f15ce b16=033e67b980ac9337 len32=1 a32=439f73845f04ecbd b32=439f73845f04ecbd len128=1 a128=5c50c06d01e6a70c b128=5c50c06d01e6a70c
hit worker=1 index=1043899448 seed=94e20d232e94b4b4 len16=0 a16=a4d13244420ebc03 b16=1278637324b31b7d len32=1 a32=6e25eb5df0a124b9 b32=6e25eb5df0a124b9 len128=1 a128=089db9b3ee9bc804 b128=089db9b3ee9bc804
hit worker=1 index=1045400350 seed=9aa1f858c5370fc3 len16=0 a16=39e442f87b97ca7f b16=cb23ba196370e0f0 len32=1 a32=961363ad851bf2c4 b32=961363ad851bf2c4 len128=1 a128=fd2ce3745bc62338 b128=fd2ce3745bc62338
hit worker=1 index=1048698478 seed=74ca84d82e8ca820 len16=0 a16=7c18ae34c4b7e1b7 b16=e85fcf1e73b4968c len32=1 a32=d6104df5eff6bfa4 b32=d6104df5eff6bfa4 len128=1 a128=6e4e17a29c0f635e b128=6e4e17a29c0f635e
hit worker=1 index=1050901154 seed=12638b89c2f2b204 len16=0 a16=11ba4c24efd99c5a b16=0bf4222e3f9ea8c3 len32=1 a32=61494cd02005a447 b32=61494cd02005a447 len128=1 a128=3c46672272e34e00 b128=3c46672272e34e00
hit worker=1 index=1051132089 seed=5a007e0b5ae39b14 len16=0 a16=1d497dc2c5facaca b16=b0635ffaacef43c4 len32=1 a32=1f72dce0c81f5cdb b32=1f72dce0c81f5cdb len128=1 a128=88bb695007b56b4a b128=88bb695007b56b4a
hit worker=1 index=1053826376 seed=47e3ee0ab55ac100 len16=0 a16=c8794baa6224638e b16=a17c165c9f324ffc len32=1 a32=cbeefe51065eaba8 b32=cbeefe51065eaba8 len128=1 a128=dca651e401bd10e3 b128=dca651e401bd10e3
hit worker=1 index=1055266795 seed=6335b5e7bcb86c9b len16=0 a16=57ba3b981b906993 b16=ce03b8296d0b3e3a len32=1 a32=5eab1088d062b352 b32=5eab1088d062b352 len128=1 a128=710897aa6ff4d11d b128=710897aa6ff4d11d
hit worker=1 index=1056269352 seed=7d1f40ade803cdc4 len16=0 a16=544dcef01ac7263e b16=45a81d15d20fe159 len32=1 a32=4859cce85691e86c b32=4859cce85691e86c len128=1 a128=dde121412ad50b8b b128=dde121412ad50b8b
hit worker=1 index=1057153696 seed=ca1be1b1fafc80b7 len16=0 a16=53334c99fe5a7811 b16=c20a9df448153d3e len32=1 a32=9e1ea0b69675cbf8 b32=9e1ea0b69675cbf8 len128=1 a128=4b6e363f859f56d0 b128=4b6e363f859f56d0
hit worker=1 index=1058343875 seed=a5e78926a3ec0684 len16=0 a16=509feb8786bfb7c5 b16=8061802f61174bdc len32=1 a32=139b0611319110aa b32=139b0611319110aa len128=1 a128=274b06982b31973f b128=274b06982b31973f
hit worker=1 index=1065274307 seed=4c57f717dc548f3c len16=0 a16=d1257b3379e7b5ec b16=52cc7bd2aef5b10d len32=1 a32=66385bb3bda4905e b32=66385bb3bda4905e len128=1 a128=d4175f6b1da78345 b128=d4175f6b1da78345
hit worker=1 index=1066204146 seed=6b8302024f57374b len16=0 a16=7c73727866707469 b16=db20b8731908ecb0 len32=1 a32=8bae59f1cf608de2 b32=8bae59f1cf608de2 len128=1 a128=d70187e9fa44117c b128=d70187e9fa44117c
hit worker=1 index=1066284975 seed=61c00c843a87e6cb len16=0 a16=987ccfe3a9877b71 b16=5051787565fc3acd len32=1 a32=4aa1cb720cd9992e b32=4aa1cb720cd9992e len128=1 a128=b14ae2d6fccfe332 b128=b14ae2d6fccfe332
hit worker=1 index=1068528157 seed=48a96012d3d57f14 len16=0 a16=4dc2d267d616a09a b16=1301801d7023b3c8 len32=1 a32=1fed159588264642 b32=1fed159588264642 len128=1 a128=04902f78754a7ff9 b128=04902f78754a7ff9
hit worker=1 index=1068929046 seed=5b9fbbaa2b805e44 len16=0 a16=63f61bb20cd633b7 b16=76b463a4b3049bbd len32=1 a32=941e00999ddb5c40 b32=941e00999ddb5c40 len128=1 a128=08ad67642be9d102 b128=08ad67642be9d102
hit worker=1 index=1071376639 seed=9ba3f1d7ea342d9e len16=0 a16=429232cebde34efa b16=e755813b908264ac len32=1 a32=327fb9a6fa4f8b88 b32=327fb9a6fa4f8b88 len128=1 a128=35ee62ad7bbd3a99 b128=35ee62ad7bbd3a99
summary len=16 L=2 collisions=0 trials=1073741824 epsilon=0/1073741824 score=unestimated_zero_hits
summary len=32 L=4 collisions=535 trials=1073741824 epsilon=535/1073741824 score=log2(4*1073741824/535) approximate_score=22.936604918711492
summary len=128 L=16 collisions=535 trials=1073741824 epsilon=535/1073741824 score=log2(16*1073741824/535) approximate_score=24.936604918711492
checks event_mismatch_32_128=0 event_mismatch_32_fold=0 intersection_16_32=0 PASS
