[  0%] Generating Hashrefs.cpp
[  1%] Building CXX object CMakeFiles/SMHasher3Tests.dir/util/Platform.cpp.o
[  1%] Building CXX object CMakeFiles/SMHasher3Tests.dir/util/Analyze.cpp.o
fatal: not a git repository (or any of the parent directories): .git
[  1%] Built target SMHasher3Version
[  2%] Building CXX object CMakeFiles/SMHasher3Tests.dir/util/Blob.cpp.o
[  3%] Building CXX object CMakeFiles/SMHasher3Hashlib.dir/Hashrefs.cpp.o
In file included from <scratch>/codex/chainhash-m2-adjacent/build/Hashrefs.cpp:20:
<scratch>/codex/chainhash-m2-adjacent/smhasher3/include/hashlib/Hashlib.h:44:20: warning: '$' in identifier [-Wdollar-in-identifier-extension]
   44 |     HashFamilyInfo $(#N);                          \
      |                    ^
<scratch>/codex/chainhash-m2-adjacent/smhasher3/include/hashlib/Hashlib.h:46:12: warning: '$' in identifier [-Wdollar-in-identifier-extension]
   46 |     return $;                                      \
      |            ^
<scratch>/codex/chainhash-m2-adjacent/smhasher3/include/hashlib/Hashlib.h:54:14: warning: '$' in identifier [-Wdollar-in-identifier-extension]
   54 |     HashInfo $(#N, THIS_HASH_FAMILY.name);       \
      |              ^
<scratch>/codex/chainhash-m2-adjacent/smhasher3/include/hashlib/Hashlib.h:56:20: warning: '$' in identifier [-Wdollar-in-identifier-extension]
   56 |     register_hash(&$);                           \
      |                    ^
<scratch>/codex/chainhash-m2-adjacent/smhasher3/include/hashlib/Hashlib.h:57:12: warning: '$' in identifier [-Wdollar-in-identifier-extension]
   57 |     return $;                                    \
      |            ^
[  4%] Building CXX object CMakeFiles/SMHasher3Hashlib.dir/lib/Hashlib.cpp.o
[  4%] Building CXX object CMakeFiles/SMHasher3Hashlib.dir/lib/Hashinfo.cpp.o
5 warnings generated.
[  5%] Building CXX object CMakeFiles/SMHasher3Hashlib.dir/lib/AEStables.cpp.o
In file included from <scratch>/codex/chainhash-m2-adjacent/smhasher3/lib/Hashinfo.cpp:20:
<scratch>/codex/chainhash-m2-adjacent/smhasher3/include/hashlib/Hashlib.h:44:20: warning: '$' in identifier [-Wdollar-in-identifier-extension]
   44 |     HashFamilyInfo $(#N);                          \
      |                    ^
<scratch>/codex/chainhash-m2-adjacent/smhasher3/include/hashlib/Hashlib.h:46:12: warning: '$' in identifier [-Wdollar-in-identifier-extension]
   46 |     return $;                                      \
      |            ^
<scratch>/codex/chainhash-m2-adjacent/smhasher3/include/hashlib/Hashlib.h:54:14: warning: '$' in identifier [-Wdollar-in-identifier-extension]
   54 |     HashInfo $(#N, THIS_HASH_FAMILY.name);In file included from <scratch>/codex/chainhash-m2-adjacent/smhasher3/lib/Hashlib.cpp:20:
<scratch>/codex/chainhash-m2-adjacent/smhasher3/include/hashlib/Hashlib.h:44:20: warning: '$' in identifier [-Wdollar-in-identifier-extension]
       \
      |              ^
   44 |     HashFamilyInfo $(#N);                          \
      |                    ^
<scratch>/codex/chainhash-m2-adjacent/smhasher3/include/hashlib/Hashlib.h:56:20: warning: '$' in identifier [-Wdollar-in-identifier-extension]
<scratch>/codex/chainhash-m2-adjacent/smhasher3/include/hashlib/Hashlib.h:46:12: warning: '$' in identifier [-Wdollar-in-identifier-extension]
      46 |     return $;                                      \
      |            ^
56 |     register_hash(&$);                           \
      |                    ^
<scratch>/codex/chainhash-m2-adjacent/smhasher3/include/hashlib/Hashlib.h:54:14: warning: '$' in identifier [-Wdollar-in-identifier-extension]
<scratch>/codex/chainhash-m2-adjacent/smhasher3/include/hashlib/Hashlib.h:57:12: warning: '$' in identifier [-Wdollar-in-identifier-extension]
   54 |     HashInfo $(#N, THIS_HASH_FAMILY.name);       \
      |              ^
<scratch>/codex/chainhash-m2-adjacent/smhasher3/include/hashlib/Hashlib.h:56:20: warning: '$' in identifier [-Wdollar-in-identifier-extension]
   56 |     register_hash(&$);    57 |     re                          \
      |                    ^
<scratch>/codex/chainhash-m2-adjacent/smhasher3/include/hashlib/Hashlib.h:57:12: warning: '$' in identifier [-Wdollar-in-identifier-extension]
   57 |     return $;                                    \
      |            ^
turn $;                                    \
      |            ^
[  5%] Building CXX object CMakeFiles/SMHasher3Tests.dir/util/Blobsort.cpp.o
5 warnings generated.
[  7%] Building CXX object CMakeFiles/SMHasher3Tests.dir/util/Reporting.cpp.o
5 warnings generated.
[  7%] Building CXX object CMakeFiles/SMHasher3Hashlib.dir/lib/AEStest.cpp.o
[  8%] Building CXX object CMakeFiles/SMHasher3Hashlib.dir/lib/Mathmult.cpp.o
[  9%] Building CXX object CMakeFiles/SMHasher3Hashlib.dir/hashes/classic_openssl.cpp.o
In file included from <scratch>/codex/chainhash-m2-adjacent/smhasher3/lib/Mathmult.cpp:20:
<scratch>/codex/chainhash-m2-adjacent/smhasher3/include/hashlib/Hashlib.h:44:20: warning: '$' in identifier [-Wdollar-in-identifier-extension]
   44 |     HashFamilyInfo $(#N);                          \
      |                    ^
<scratch>/codex/chainhash-m2-adjacent/smhasher3/include/hashlib/Hashlib.h:46:12: warning: '$' in identifier [-Wdollar-in-identifier-extension]
   46 |     return $;                                      \
      |            ^
<scratch>/codex/chainhash-m2-adjacent/smhasher3/include/hashlib/Hashlib.h:54:14: warning: '$' in identifier [-Wdollar-in-identifier-extension]
   54 |     HashInfo $(#N, THIS_HASH_FAMILY.name);       \
      |              ^
<scratch>/codex/chainhash-m2-adjacent/smhasher3/include/hashlib/Hashlib.h:56:20: warning: '$' in identifier [-Wdollar-in-identifier-extension]
   56 |     register_hash(&$);                           \
      |                    ^
<scratch>/codex/chainhash-m2-adjacent/smhasher3/include/hashlib/Hashlib.h:57:12: warning: '$' in identifier [-Wdollar-in-identifier-extension]
   57 |     return $;                                    \
      |            ^
5 warnings generated.
[  9%] Building CXX object CMakeFiles/SMHasher3Tests.dir/util/Random.cpp.o
In file included from <scratch>/codex/chainhash-m2-adjacent/smhasher3/hashes/classic_openssl.cpp:3:
<scratch>/codex/chainhash-m2-adjacent/smhasher3/include/hashlib/Hashlib.h:44:20: warning: '$' in identifier [-Wdollar-in-identifier-extension]
   44 |     HashFamilyInfo $(#N);                          \
      |                    ^
<scratch>/codex/chainhash-m2-adjacent/smhasher3/include/hashlib/Hashlib.h:46:12: warning: '$' in identifier [-Wdollar-in-identifier-extension]
   46 |     return $;                                      \
      |            ^
<scratch>/codex/chainhash-m2-adjacent/smhasher3/include/hashlib/Hashlib.h:54:14: warning: '$' in identifier [-Wdollar-in-identifier-extension]
   54 |     HashInfo $(#N, THIS_HASH_FAMILY.name);       \
      |              ^
<scratch>/codex/chainhash-m2-adjacent/smhasher3/include/hashlib/Hashlib.h:56:20: warning: '$' in identifier [-Wdollar-in-identifier-extension]
   56 |     register_hash(&$);                           \
      |                    ^
<scratch>/codex/chainhash-m2-adjacent/smhasher3/include/hashlib/Hashlib.h:57:12: warning: '$' in identifier [-Wdollar-in-identifier-extension]
   57 |     return $;                                    \
      |            ^
<scratch>/codex/chainhash-m2-adjacent/smhasher3/hashes/classic_openssl.cpp:68:5: warning: '$' in identifier [-Wdollar-in-identifier-extension]
   68 |     $.src_url = "https://www.openssl.org/",
      |     ^
<scratch>/codex/chainhash-m2-adjacent/smhasher3/hashes/classic_openssl.cpp:69:5: warning: '$' in identifier [-Wdollar-in-identifier-extension]
   69 |     $.src_status = HashFamilyInfo::SRC_ACTIVE
      |     ^
<scratch>/codex/chainhash-m2-adjacent/smhasher3/hashes/classic_openssl.cpp:72:5: warning: '$' in identifier [-Wdollar-in-identifier-extension]
   72 |     $.desc = "Poly1305, OpenSSL EVP_MAC, per-call seed expansion and key setup",
      |     ^
<scratch>/codex/chainhash-m2-adjacent/smhasher3/hashes/classic_openssl.cpp:73:5: warning: '$' in identifier [-Wdollar-in-identifier-extension]
   73 |     $.hash_flags = FLAG_HASH_ENDIAN_INDEPENDENT,
      |     ^
<scratch>/codex/chainhash-m2-adjacent/smhasher3/hashes/classic_openssl.cpp:74:5: warning: '$' in identifier [-Wdollar-in-identifier-extension]
   74 |     $.impl_flags = FLAG_IMPL_CANONICAL_BOTH | FLAG_IMPL_LICENSE_MIT,
      |     ^
<scratch>/codex/chainhash-m2-adjacent/smhasher3/hashes/classic_openssl.cpp:75:5: warning: '$' in identifier [-Wdollar-in-identifier-extension]
   75 |     $.bits = 128,
      |     ^
<scratch>/codex/chainhash-m2-adjacent/smhasher3/hashes/classic_openssl.cpp:76:5: warning: '$' in identifier [-Wdollar-in-identifier-extension]
   76 |     $.verification_LE = 0xBD015C42,
      |     ^
<scratch>/codex/chainhash-m2-adjacent/smhasher3/hashes/classic_openssl.cpp:77:5: warning: '$' in identifier [-Wdollar-in-identifier-extension]
   77 |     $.verification_BE = 0xBD015C42,
      |     ^
<scratch>/codex/chainhash-m2-adjacent/smhasher3/hashes/classic_openssl.cpp:78:5: warning: '$' in identifier [-Wdollar-in-identifier-extension]
   78 |     $.hashfn_native = poly1305_hash,
      |     ^
<scratch>/codex/chainhash-m2-adjacent/smhasher3/hashes/classic_openssl.cpp:79:5: warning: '$' in identifier [-Wdollar-in-identifier-extension]
   79 |     $.hashfn_bswap = poly1305_hash
      |     ^
<scratch>/codex/chainhash-m2-adjacent/smhasher3/hashes/classic_openssl.cpp:82:5: warning: '$' in identifier [-Wdollar-in-identifier-extension]
   82 |     $.desc = "GHASH via OpenSSL EVP_MAC GMAC, per-call AES-128 key setup, fixed IV",
      |     ^
<scratch>/codex/chainhash-m2-adjacent/smhasher3/hashes/classic_openssl.cpp:83:5: warning: '$' in identifier [-Wdollar-in-identifier-extension]
   83 |     $.hash_flags = FLAG_HASH_ENDIAN_INDEPENDENT,
      |     ^
<scratch>/codex/chainhash-m2-adjacent/smhasher3/hashes/classic_openssl.cpp:84:5: warning: '$' in identifier [-Wdollar-in-identifier-extension]
   84 |     $.impl_flags = FLAG_IMPL_CANONICAL_BOTH | FLAG_IMPL_LICENSE_MIT,
      |     ^
<scratch>/codex/chainhash-m2-adjacent/smhasher3/hashes/classic_openssl.cpp:85:5: warning: '$' in identifier [-Wdollar-in-identifier-extension]
   85 |     $.bits = 128,
      |     ^
<scratch>/codex/chainhash-m2-adjacent/smhasher3/hashes/classic_openssl.cpp:86:5: warning: '$' in identifier [-Wdollar-in-identifier-extension]
   86 |     $.verification_LE = 0x1F397201,
      |     ^
<scratch>/codex/chainhash-m2-adjacent/smhasher3/hashes/classic_openssl.cpp:87:5: warning: '$' in identifier [-Wdollar-in-identifier-extension]
   87 |     $.verification_BE = 0x1F397201,
      |     ^
<scratch>/codex/chainhash-m2-adjacent/smhasher3/hashes/classic_openssl.cpp:88:5: warning: '$' in identifier [-Wdollar-in-identifier-extension]
   88 |     $.hashfn_native = ghash,
      |     ^
<scratch>/codex/chainhash-m2-adjacent/smhasher3/hashes/classic_openssl.cpp:89:5: warning: '$' in identifier [-Wdollar-in-identifier-extension]
   89 |     $.hashfn_bswap = ghash
      |     ^
23 warnings generated.
[  9%] Building CXX object CMakeFiles/SMHasher3Hashlib.dir/hashes/donothing.cpp.o
In file included from <scratch>/codex/chainhash-m2-adjacent/smhasher3/hashes/donothing.cpp:29:
<scratch>/codex/chainhash-m2-adjacent/smhasher3/include/hashlib/Hashlib.h:44:20: warning: '$' in identifier [-Wdollar-in-identifier-extension]
   44 |     HashFamilyInfo $(#N);                          \
      |                    ^
<scratch>/codex/chainhash-m2-adjacent/smhasher3/include/hashlib/Hashlib.h:46:12: warning: '$' in identifier [-Wdollar-in-identifier-extension]
   46 |     return $;                                      \
      |            ^
<scratch>/codex/chainhash-m2-adjacent/smhasher3/include/hashlib/Hashlib.h:54:14: warning: '$' in identifier [-Wdollar-in-identifier-extension]
   54 |     HashInfo $(#N, THIS_HASH_FAMILY.name);       \
      |              ^
<scratch>/codex/chainhash-m2-adjacent/smhasher3/include/hashlib/Hashlib.h:56:20: warning: '$' in identifier [-Wdollar-in-identifier-extension]
   56 |     register_hash(&$);                           \
      |                    ^
<scratch>/codex/chainhash-m2-adjacent/smhasher3/include/hashlib/Hashlib.h:57:12: warning: '$' in identifier [-Wdollar-in-identifier-extension]
   57 |     return $;                                    \
      |            ^
<scratch>/codex/chainhash-m2-adjacent/smhasher3/hashes/donothing.cpp:48:4: warning: '$' in identifier [-Wdollar-in-identifier-extension]
   48 |    $.src_url    = "https://github.com/rurban/smhasher/blob/master/Hashes.cpp",
      |    ^
<scratch>/codex/chainhash-m2-adjacent/smhasher3/hashes/donothing.cpp:49:4: warning: '$' in identifier [-Wdollar-in-identifier-extension]
   49 |    $.src_status = HashFamilyInfo::SRC_FROZEN
      |    ^
<scratch>/codex/chainhash-m2-adjacent/smhasher3/hashes/donothing.cpp:55:4: warning: '$' in identifier [-Wdollar-in-identifier-extension]
   55 |    $.desc       = "Do-Nothing function (measure call overhead)",
      |    ^
<scratch>/codex/chainhash-m2-adjacent/smhasher3/hashes/donothing.cpp:56:4: warning: '$' in identifier [-Wdollar-in-identifier-extension]
   56 |    $.hash_flags =
      |    ^
<scratch>/codex/chainhash-m2-adjacent/smhasher3/hashes/donothing.cpp:59:4: warning: '$' in identifier [-Wdollar-in-identifier-extension]
   59 |    $.impl_flags =
      |    ^
<scratch>/codex/chainhash-m2-adjacent/smhasher3/hashes/donothing.cpp:62:4: warning: '$' in identifier [-Wdollar-in-identifier-extension]
   62 |    $.bits = 32,
      |    ^
<scratch>/codex/chainhash-m2-adjacent/smhasher3/hashes/donothing.cpp:63:4: warning: '$' in identifier [-Wdollar-in-identifier-extension]
   63 |    $.verification_LE = 0x0,
      |    ^
<scratch>/codex/chainhash-m2-adjacent/smhasher3/hashes/donothing.cpp:64:4: warning: '$' in identifier [-Wdollar-in-identifier-extension]
   64 |    $.verification_BE = 0x0,
      |    ^
<scratch>/codex/chainhash-m2-adjacent/smhasher3/hashes/donothing.cpp:65:4: warning: '$' in identifier [-Wdollar-in-identifier-extension]
   65 |    $.hashfn_native   = DoNothingHash,
      |    ^
<scratch>/codex/chainhash-m2-adjacent/smhasher3/hashes/donothing.cpp:66:4: warning: '$' in identifier [-Wdollar-in-identifier-extension]
   66 |    $.hashfn_bswap    = DoNothingHash
      |    ^
<scratch>/codex/chainhash-m2-adjacent/smhasher3/hashes/donothing.cpp:70:4: warning: '$' in identifier [-Wdollar-in-identifier-extension]
   70 |    $.desc       = "Do-Nothing function (measure call overhead)",
      |    ^
<scratch>/codex/chainhash-m2-adjacent/smhasher3/hashes/donothing.cpp:71:4: warning: '$' in identifier [-Wdollar-in-identifier-extension]
   71 |    $.hash_flags =
      |    ^
<scratch>/codex/chainhash-m2-adjacent/smhasher3/hashes/donothing.cpp:74:4: warning: '$' in identifier [-Wdollar-in-identifier-extension]
   74 |    $.impl_flags =
      |    ^
<scratch>/codex/chainhash-m2-adjacent/smhasher3/hashes/donothing.cpp:77:4: warning: '$' in identifier [-Wdollar-in-identifier-extension]
   77 |    $.bits = 64,
      |    ^
<scratch>/codex/chainhash-m2-adjacent/smhasher3/hashes/donothing.cpp:78:4: warning: '$' in identifier [-Wdollar-in-identifier-extension]
   78 |    $.verification_LE = 0x0,
      |    ^
<scratch>/codex/chainhash-m2-adjacent/smhasher3/hashes/donothing.cpp:79:4: warning: '$' in identifier [-Wdollar-in-identifier-extension]
   79 |    $.verification_BE = 0x0,
      |    ^
<scratch>/codex/chainhash-m2-adjacent/smhasher3/hashes/donothing.cpp:80:4: warning: '$' in identifier [-Wdollar-in-identifier-extension]
   80 |    $.hashfn_native   = DoNothingHash,
      |    ^
<scratch>/codex/chainhash-m2-adjacent/smhasher3/hashes/donothing.cpp:81:4: warning: '$' in identifier [-Wdollar-in-identifier-extension]
   81 |    $.hashfn_bswap    = DoNothingHash
      |    ^
<scratch>/codex/chainhash-m2-adjacent/smhasher3/hashes/donothing.cpp:85:4: warning: '$' in identifier [-Wdollar-in-identifier-extension]
   85 |    $.desc       = "Do-Nothing function (measure call overhead)",
      |    ^
<scratch>/codex/chainhash-m2-adjacent/smhasher3/hashes/donothing.cpp:86:4: warning: '$' in identifier [-Wdollar-in-identifier-extension]
   86 |    $.hash_flags =
      |    ^
<scratch>/codex/chainhash-m2-adjacent/smhasher3/hashes/donothing.cpp:89:4: warning: '$' in identifier [-Wdollar-in-identifier-extension]
   89 |    $.impl_flags =
      |    ^
<scratch>/codex/chainhash-m2-adjacent/smhasher3/hashes/donothing.cpp:92:4: warning: '$' in identifier [-Wdollar-in-identifier-extension]
   92 |    $.bits = 128,
      |    ^
<scratch>/codex/chainhash-m2-adjacent/smhasher3/hashes/donothing.cpp:93:4: warning: '$' in identifier [-Wdollar-in-identifier-extension]
   93 |    $.verification_LE = 0x0,
      |    ^
<scratch>/codex/chainhash-m2-adjacent/smhasher3/hashes/donothing.cpp:94:4: warning: '$' in identifier [-Wdollar-in-identifier-extension]
   94 |    $.verification_BE = 0x0,
      |    ^
<scratch>/codex/chainhash-m2-adjacent/smhasher3/hashes/donothing.cpp:95:4: warning: '$' in identifier [-Wdollar-in-identifier-extension]
   95 |    $.hashfn_native   = DoNothingHash,
      |    ^
<scratch>/codex/chainhash-m2-adjacent/smhasher3/hashes/donothing.cpp:96:4: warning: '$' in identifier [-Wdollar-in-identifier-extension]
   96 |    $.hashfn_bswap    = DoNothingHash
      |    ^
<scratch>/codex/chainhash-m2-adjacent/smhasher3/hashes/donothing.cpp:100:4: warning: '$' in identifier [-Wdollar-in-identifier-extension]
  100 |    $.desc       = "Do-Nothing function (measure call overhead)",
      |    ^
<scratch>/codex/chainhash-m2-adjacent/smhasher3/hashes/donothing.cpp:101:4: warning: '$' in identifier [-Wdollar-in-identifier-extension]
  101 |    $.hash_flags =
      |    ^
<scratch>/codex/chainhash-m2-adjacent/smhasher3/hashes/donothing.cpp:104:4: warning: '$' in identifier [-Wdollar-in-identifier-extension]
  104 |    $.impl_flags =
      |    ^
<scratch>/codex/chainhash-m2-adjacent/smhasher3/hashes/donothing.cpp:107:4: warning: '$' in identifier [-Wdollar-in-identifier-extension]
  107 |    $.bits = 256,
      |    ^
<scratch>/codex/chainhash-m2-adjacent/smhasher3/hashes/donothing.cpp:108:4: warning: '$' in identifier [-Wdollar-in-identifier-extension]
  108 |    $.verification_LE = 0x0,
      |    ^
<scratch>/codex/chainhash-m2-adjacent/smhasher3/hashes/donothing.cpp:109:4: warning: '$' in identifier [-Wdollar-in-identifier-extension]
  109 |    $.verification_BE = 0x0,
      |    ^
<scratch>/codex/chainhash-m2-adjacent/smhasher3/hashes/donothing.cpp:110:4: warning: '$' in identifier [-Wdollar-in-identifier-extension]
  110 |    $.hashfn_native   = DoNothingHash,
      |    ^
<scratch>/codex/chainhash-m2-adjacent/smhasher3/hashes/donothing.cpp:111:4: warning: '$' in identifier [-Wdollar-in-identifier-extension]
  111 |    $.hashfn_bswap    = DoNothingHash
      |    ^
<scratch>/codex/chainhash-m2-adjacent/smhasher3/hashes/donothing.cpp:115:4: warning: '$' in identifier [-Wdollar-in-identifier-extension]
  115 |    $.desc       = "Do-Nothing OAAT function (measure call+OAAT overhead)",
      |    ^
<scratch>/codex/chainhash-m2-adjacent/smhasher3/hashes/donothing.cpp:116:4: warning: '$' in identifier [-Wdollar-in-identifier-extension]
  116 |    $.hash_flags =
      |    ^
<scratch>/codex/chainhash-m2-adjacent/smhasher3/hashes/donothing.cpp:119:4: warning: '$' in identifier [-Wdollar-in-identifier-extension]
  119 |    $.impl_flags =
      |    ^
<scratch>/codex/chainhash-m2-adjacent/smhasher3/hashes/donothing.cpp:122:4: warning: '$' in identifier [-Wdollar-in-identifier-extension]
  122 |    $.bits = 32,
      |    ^
<scratch>/codex/chainhash-m2-adjacent/smhasher3/hashes/donothing.cpp:123:4: warning: '$' in identifier [-Wdollar-in-identifier-extension]
  123 |    $.verification_LE = 0x0,
      |    ^
<scratch>/codex/chainhash-m2-adjacent/smhasher3/hashes/donothing.cpp:124:4: warning: '$' in identifier [-Wdollar-in-identifier-extension]
  124 |    $.verification_BE = 0x0,
      |    ^
<scratch>/codex/chainhash-m2-adjacent/smhasher3/hashes/donothing.cpp:125:4: warning: '$' in identifier [-Wdollar-in-identifier-extension]
  125 |    $.hashfn_native   = DoNothingOAATHash<32>,
      |    ^
<scratch>/codex/chainhash-m2-adjacent/smhasher3/hashes/donothing.cpp:126:4: warning: '$' in identifier [-Wdollar-in-identifier-extension]
  126 |    $.hashfn_bswap    = DoNothingOAATHash<32>,
      |    ^
<scratch>/codex/chainhash-m2-adjacent/smhasher3/hashes/donothing.cpp:127:4: warning: '$' in identifier [-Wdollar-in-identifier-extension]
  127 |    $.sort_order      = 10
      |    ^
<scratch>/codex/chainhash-m2-adjacent/smhasher3/hashes/donothing.cpp:131:4: warning: '$' in identifier [-Wdollar-in-identifier-extension]
  131 |    $.desc       = "Do-Nothing OAAT function (measure call+OAAT overhead)",
      |    ^
<scratch>/codex/chainhash-m2-adjacent/smhasher3/hashes/donothing.cpp:132:4: warning: '$' in identifier [-Wdollar-in-identifier-extension]
  132 |    $.hash_flags =
      |    ^
<scratch>/codex/chainhash-m2-adjacent/smhasher3/hashes/donothing.cpp:135:4: warning: '$' in identifier [-Wdollar-in-identifier-extension]
  135 |    $.impl_flags =
      |    ^
<scratch>/codex/chainhash-m2-adjacent/smhasher3/hashes/donothing.cpp:138:4: warning: '$' in identifier [-Wdollar-in-identifier-extension]
  138 |    $.bits = 64,
      |    ^
<scratch>/codex/chainhash-m2-adjacent/smhasher3/hashes/donothing.cpp:139:4: warning: '$' in identifier [-Wdollar-in-identifier-extension]
  139 |    $.verification_LE = 0x0,
      |    ^
<scratch>/codex/chainhash-m2-adjacent/smhasher3/hashes/donothing.cpp:140:4: warning: '$' in identifier [-Wdollar-in-identifier-extension]
  140 |    $.verification_BE = 0x0,
      |    ^
<scratch>/codex/chainhash-m2-adjacent/smhasher3/hashes/donothing.cpp:141:4: warning: '$' in identifier [-Wdollar-in-identifier-extension]
  141 |    $.hashfn_native   = DoNothingOAATHash<64>,
      |    ^
<scratch>/codex/chainhash-m2-adjacent/smhasher3/hashes/donothing.cpp:142:4: warning: '$' in identifier [-Wdollar-in-identifier-extension]
  142 |    $.hashfn_bswap    = DoNothingOAATHash<64>,
      |    ^
<scratch>/codex/chainhash-m2-adjacent/smhasher3/hashes/donothing.cpp:143:4: warning: '$' in identifier [-Wdollar-in-identifier-extension]
  143 |    $.sort_order      = 10
      |    ^
<scratch>/codex/chainhash-m2-adjacent/smhasher3/hashes/donothing.cpp:147:4: warning: '$' in identifier [-Wdollar-in-identifier-extension]
  147 |    $.desc       = "Do-Nothing OAAT function (measure call+OAAT overhead)",
      |    ^
<scratch>/codex/chainhash-m2-adjacent/smhasher3/hashes/donothing.cpp:148:4: warning: '$' in identifier [-Wdollar-in-identifier-extension]
  148 |    $.hash_flags =
      |    ^
<scratch>/codex/chainhash-m2-adjacent/smhasher3/hashes/donothing.cpp:151:4: warning: '$' in identifier [-Wdollar-in-identifier-extension]
  151 |    $.impl_flags =
      |    ^
<scratch>/codex/chainhash-m2-adjacent/smhasher3/hashes/donothing.cpp:154:4: warning: '$' in identifier [-Wdollar-in-identifier-extension]
  154 |    $.bits = 128,
      |    ^
<scratch>/codex/chainhash-m2-adjacent/smhasher3/hashes/donothing.cpp:155:4: warning: '$' in identifier [-Wdollar-in-identifier-extension]
  155 |    $.verification_LE = 0x0,
      |    ^
<scratch>/codex/chainhash-m2-adjacent/smhasher3/hashes/donothing.cpp:156:4: warning: '$' in identifier [-Wdollar-in-identifier-extension]
  156 |    $.verification_BE = 0x0,
      |    ^
<scratch>/codex/chainhash-m2-adjacent/smhasher3/hashes/donothing.cpp:157:4: warning: '$' in identifier [-Wdollar-in-identifier-extension]
  157 |    $.hashfn_native   = DoNothingOAATHash<128>,
      |    ^
<scratch>/codex/chainhash-m2-adjacent/smhasher3/hashes/donothing.cpp:158:4: warning: '$' in identifier [-Wdollar-in-identifier-extension]
  158 |    $.hashfn_bswap    = DoNothingOAATHash<128>,
      |    ^
<scratch>/codex/chainhash-m2-adjacent/smhasher3/hashes/donothing.cpp:159:4: warning: '$' in identifier [-Wdollar-in-identifier-extension]
  159 |    $.sort_order      = 10
      |    ^
66 warnings generated.
[ 10%] Building CXX object CMakeFiles/SMHasher3Hashlib.dir/hashes/badhash.cpp.o
In file included from <scratch>/codex/chainhash-m2-adjacent/smhasher3/hashes/badhash.cpp:28:
<scratch>/codex/chainhash-m2-adjacent/smhasher3/include/hashlib/Hashlib.h:44:20: warning: '$' in identifier [-Wdollar-in-identifier-extension]
   44 |     HashFamilyInfo $(#N);                          \
      |                    ^
<scratch>/codex/chainhash-m2-adjacent/smhasher3/include/hashlib/Hashlib.h:46:12: warning: '$' in identifier [-Wdollar-in-identifier-extension]
   46 |     return $;                                      \
      |            ^
<scratch>/codex/chainhash-m2-adjacent/smhasher3/include/hashlib/Hashlib.h:54:14: warning: '$' in identifier [-Wdollar-in-identifier-extension]
   54 |     HashInfo $(#N, THIS_HASH_FAMILY.name);       \
      |              ^
<scratch>/codex/chainhash-m2-adjacent/smhasher3/include/hashlib/Hashlib.h:56:20: warning: '$' in identifier [-Wdollar-in-identifier-extension]
   56 |     register_hash(&$);                           \
      |                    ^
<scratch>/codex/chainhash-m2-adjacent/smhasher3/include/hashlib/Hashlib.h:57:12: warning: '$' in identifier [-Wdollar-in-identifier-extension]
   57 |     return $;                                    \
      |            ^
<scratch>/codex/chainhash-m2-adjacent/smhasher3/hashes/badhash.cpp:81:4: warning: '$' in identifier [-Wdollar-in-identifier-extension]
   81 |    $.src_url    = "https://github.com/rurban/smhasher/blob/master/Hashes.cpp",
      |    ^
<scratch>/codex/chainhash-m2-adjacent/smhasher3/hashes/badhash.cpp:82:4: warning: '$' in identifier [-Wdollar-in-identifier-extension]
   82 |    $.src_status = HashFamilyInfo::SRC_FROZEN
      |    ^
<scratch>/codex/chainhash-m2-adjacent/smhasher3/hashes/badhash.cpp:86:4: warning: '$' in identifier [-Wdollar-in-identifier-extension]
   86 |    $.desc       = "very simple XOR shift",
      |    ^
<scratch>/codex/chainhash-m2-adjacent/smhasher3/hashes/badhash.cpp:87:4: warning: '$' in identifier [-Wdollar-in-identifier-extension]
   87 |    $.hash_flags =
      |    ^
<scratch>/codex/chainhash-m2-adjacent/smhasher3/hashes/badhash.cpp:90:4: warning: '$' in identifier [-Wdollar-in-identifier-extension]
   90 |    $.impl_flags =
      |    ^
<scratch>/codex/chainhash-m2-adjacent/smhasher3/hashes/badhash.cpp:94:4: warning: '$' in identifier [-Wdollar-in-identifier-extension]
   94 |    $.bits = 32,
      |    ^
<scratch>/codex/chainhash-m2-adjacent/smhasher3/hashes/badhash.cpp:95:4: warning: '$' in identifier [-Wdollar-in-identifier-extension]
   95 |    $.verification_LE = 0xAB432E23,
      |    ^
<scratch>/codex/chainhash-m2-adjacent/smhasher3/hashes/badhash.cpp:96:4: warning: '$' in identifier [-Wdollar-in-identifier-extension]
   96 |    $.verification_BE = 0x241F49BE,
      |    ^
<scratch>/codex/chainhash-m2-adjacent/smhasher3/hashes/badhash.cpp:97:4: warning: '$' in identifier [-Wdollar-in-identifier-extension]
   97 |    $.hashfn_native   = BadHash<false>,
      |    ^
<scratch>/codex/chainhash-m2-adjacent/smhasher3/hashes/badhash.cpp:98:4: warning: '$' in identifier [-Wdollar-in-identifier-extension]
   98 |    $.hashfn_bswap    = BadHash<true>,
      |    ^
<scratch>/codex/chainhash-m2-adjacent/smhasher3/hashes/badhash.cpp:99:4: warning: '$' in identifier [-Wdollar-in-identifier-extension]
   99 |    $.seedfixfn       = excludeBadseeds,
      |    ^
<scratch>/codex/chainhash-m2-adjacent/smhasher3/hashes/badhash.cpp:100:4: warning: '$' in identifier [-Wdollar-in-identifier-extension]
  100 |    $.badseeds        = { 0 },
      |    ^
<scratch>/codex/chainhash-m2-adjacent/smhasher3/hashes/badhash.cpp:101:4: warning: '$' in identifier [-Wdollar-in-identifier-extension]
  101 |    $.sort_order      = 20
      |    ^
<scratch>/codex/chainhash-m2-adjacent/smhasher3/hashes/badhash.cpp:105:4: warning: '$' in identifier [-Wdollar-in-identifier-extension]
  105 |    $.desc       = "sum all 8-bit bytes",
      |    ^
<scratch>/codex/chainhash-m2-adjacent/smhasher3/hashes/badhash.cpp:106:4: warning: '$' in identifier [-Wdollar-in-identifier-extension]
  106 |    $.hash_flags =
      |    ^
<scratch>/codex/chainhash-m2-adjacent/smhasher3/hashes/badhash.cpp:109:4: warning: '$' in identifier [-Wdollar-in-identifier-extension]
  109 |    $.impl_flags =
      |    ^
<scratch>/codex/chainhash-m2-adjacent/smhasher3/hashes/badhash.cpp:112:4: warning: '$' in identifier [-Wdollar-in-identifier-extension]
  112 |    $.bits = 32,
      |    ^
<scratch>/codex/chainhash-m2-adjacent/smhasher3/hashes/badhash.cpp:113:4: warning: '$' in identifier [-Wdollar-in-identifier-extension]
  113 |    $.verification_LE = 0x0000A9AC,
      |    ^
<scratch>/codex/chainhash-m2-adjacent/smhasher3/hashes/badhash.cpp:114:4: warning: '$' in identifier [-Wdollar-in-identifier-extension]
  114 |    $.verification_BE = 0xACA90000,
      |    ^
<scratch>/codex/chainhash-m2-adjacent/smhasher3/hashes/badhash.cpp:115:4: warning: '$' in identifier [-Wdollar-in-identifier-extension]
  115 |    $.hashfn_native   = sumhash8<false>,
      |    ^
<scratch>/codex/chainhash-m2-adjacent/smhasher3/hashes/badhash.cpp:116:4: warning: '$' in identifier [-Wdollar-in-identifier-extension]
  116 |    $.hashfn_bswap    = sumhash8<true>,
      |    ^
<scratch>/codex/chainhash-m2-adjacent/smhasher3/hashes/badhash.cpp:117:4: warning: '$' in identifier [-Wdollar-in-identifier-extension]
  117 |    $.seedfixfn       = excludeBadseeds,
      |    ^
<scratch>/codex/chainhash-m2-adjacent/smhasher3/hashes/badhash.cpp:118:4: warning: '$' in identifier [-Wdollar-in-identifier-extension]
  118 |    $.badseeds        = { 0 },
      |    ^
<scratch>/codex/chainhash-m2-adjacent/smhasher3/hashes/badhash.cpp:119:4: warning: '$' in identifier [-Wdollar-in-identifier-extension]
  119 |    $.sort_order      = 30
      |    ^
<scratch>/codex/chainhash-m2-adjacent/smhasher3/hashes/badhash.cpp:123:4: warning: '$' in identifier [-Wdollar-in-identifier-extension]
  123 |    $.desc       = "sum all 32-bit words",
      |    ^
<scratch>/codex/chainhash-m2-adjacent/smhasher3/hashes/badhash.cpp:124:4: warning: '$' in identifier [-Wdollar-in-identifier-extension]
  124 |    $.hash_flags =
      |    ^
<scratch>/codex/chainhash-m2-adjacent/smhasher3/hashes/badhash.cpp:127:4: warning: '$' in identifier [-Wdollar-in-identifier-extension]
  127 |    $.impl_flags =
      |    ^
<scratch>/codex/chainhash-m2-adjacent/smhasher3/hashes/badhash.cpp:131:4: warning: '$' in identifier [-Wdollar-in-identifier-extension]
  131 |    $.bits = 32,
      |    ^
<scratch>/codex/chainhash-m2-adjacent/smhasher3/hashes/badhash.cpp:132:4: warning: '$' in identifier [-Wdollar-in-identifier-extension]
  132 |    $.verification_LE = 0x3D6DC280,
      |    ^
<scratch>/codex/chainhash-m2-adjacent/smhasher3/hashes/badhash.cpp:133:4: warning: '$' in identifier [-Wdollar-in-identifier-extension]
  133 |    $.verification_BE = 0x00A10D9E,
      |    ^
<scratch>/codex/chainhash-m2-adjacent/smhasher3/hashes/badhash.cpp:134:4: warning: '$' in identifier [-Wdollar-in-identifier-extension]
  134 |    $.hashfn_native   = sumhash32<false>,
      |    ^
<scratch>/codex/chainhash-m2-adjacent/smhasher3/hashes/badhash.cpp:135:4: warning: '$' in identifier [-Wdollar-in-identifier-extension]
  135 |    $.hashfn_bswap    = sumhash32<true>,
      |    ^
<scratch>/codex/chainhash-m2-adjacent/smhasher3/hashes/badhash.cpp:136:4: warning: '$' in identifier [-Wdollar-in-identifier-extension]
  136 |    $.seedfixfn       = excludeBadseeds,
      |    ^
<scratch>/codex/chainhash-m2-adjacent/smhasher3/hashes/badhash.cpp:137:4: warning: '$' in identifier [-Wdollar-in-identifier-extension]
  137 |    $.badseeds        = { 0 },
      |    ^
<scratch>/codex/chainhash-m2-adjacent/smhasher3/hashes/badhash.cpp:138:4: warning: '$' in identifier [-Wdollar-in-identifier-extension]
  138 |    $.sort_order      = 31
      |    ^
40 warnings generated.
[ 10%] Building CXX object CMakeFiles/SMHasher3Hashlib.dir/hashes/aesrng.cpp.o
[ 11%] Building CXX object CMakeFiles/SMHasher3Hashlib.dir/hashes/farmhash.cpp.o
In file included from <scratch>/codex/chainhash-m2-adjacent/smhasher3/hashes/aesrng.cpp:27:
<scratch>/codex/chainhash-m2-adjacent/smhasher3/include/hashlib/Hashlib.h:44:20: warning: '$' in identifier [-Wdollar-in-identifier-extension]
   44 |     HashFamilyInfo $(#N);                          \
      |                    ^
<scratch>/codex/chainhash-m2-adjacent/smhasher3/include/hashlib/Hashlib.h:46:12: warning: '$' in identifier [-Wdollar-in-identifier-extension]
   46 |     return $;                                      \
      |            ^
<scratch>/codex/chainhash-m2-adjacent/smhasher3/include/hashlib/Hashlib.h:54:14: warning: '$' in identifier [-Wdollar-in-identifier-extension]
   54 |     HashInfo $(#N, THIS_HASH_FAMILY.name);       \
      |              ^
<scratch>/codex/chainhash-m2-adjacent/smhasher3/include/hashlib/Hashlib.h:56:20: warning: '$' in identifier [-Wdollar-in-identifier-extension]
   56 |     register_hash(&$);                           \
      |                    ^
<scratch>/codex/chainhash-m2-adjacent/smhasher3/include/hashlib/Hashlib.h:57:12: warning: '$' in identifier [-Wdollar-in-identifier-extension]
   57 |     return $;                                    \
      |            ^
<scratch>/codex/chainhash-m2-adjacent/smhasher3/hashes/aesrng.cpp:255:4: warning: '$' in identifier [-Wdollar-in-identifier-extension]
  255 |    $.src_url    = "https://gitlab.com/fwojcik/smhasher3/-/blob/main/hashes/aesrng.cpp",
      |    ^
<scratch>/codex/chainhash-m2-adjacent/smhasher3/hashes/aesrng.cpp:256:4: warning: '$' in identifier [-Wdollar-in-identifier-extension]
  256 |    $.src_status = HashFamilyInfo::SRC_STABLEISH
      |    ^
<scratch>/codex/chainhash-m2-adjacent/smhasher3/hashes/aesrng.cpp:260:4: warning: '$' in identifier [-Wdollar-in-identifier-extension]
  260 |    $.desc       = "32-bit RNG using AES in CTR mode; not a hash",
      |    ^
<scratch>/codex/chainhash-m2-adjacent/smhasher3/hashes/aesrng.cpp:261:4: warning: '$' in identifier [-Wdollar-in-identifier-extension]
  261 |    $.impl       = AES_IMPL_STR,
      |    ^
<scratch>/codex/chainhash-m2-adjacent/smhasher3/hashes/aesrng.cpp:262:4: warning: '$' in identifier [-Wdollar-in-identifier-extension]
  262 |    $.hash_flags =
      |    ^
<scratch>/codex/chainhash-m2-adjacent/smhasher3/hashes/aesrng.cpp:266:4: warning: '$' in identifier [-Wdollar-in-identifier-extension]
  266 |    $.impl_flags =
      |    ^
<scratch>/codex/chainhash-m2-adjacent/smhasher3/hashes/aesrng.cpp:271:4: warning: '$' in identifier [-Wdollar-in-identifier-extension]
  271 |    $.bits = 32,
      |    ^
<scratch>/codex/chainhash-m2-adjacent/smhasher3/hashes/aesrng.cpp:272:4: warning: '$' in identifier [-Wdollar-in-identifier-extension]
  272 |    $.verification_LE = 0x7FBE21B3,
      |    ^
<scratch>/codex/chainhash-m2-adjacent/smhasher3/hashes/aesrng.cpp:273:4: warning: '$' in identifier [-Wdollar-in-identifier-extension]
  273 |    $.verification_BE = 0x7FBE21B3,
      |    ^
<scratch>/codex/chainhash-m2-adjacent/smhasher3/hashes/aesrng.cpp:274:4: warning: '$' in identifier [-Wdollar-in-identifier-extension]
  274 |    $.hashfn_native   = aesrng<32>,
      |    ^
<scratch>/codex/chainhash-m2-adjacent/smhasher3/hashes/aesrng.cpp:275:4: warning: '$' in identifier [-Wdollar-in-identifier-extension]
  275 |    $.hashfn_bswap    = aesrng<32>,
      |    ^
<scratch>/codex/chainhash-m2-adjacent/smhasher3/hashes/aesrng.cpp:276:4: warning: '$' in identifier [-Wdollar-in-identifier-extension]
  276 |    $.initfn          = aesrng_init,
      |    ^
<scratch>/codex/chainhash-m2-adjacent/smhasher3/hashes/aesrng.cpp:277:4: warning: '$' in identifier [-Wdollar-in-identifier-extension]
  277 |    $.seedfixfn       = aesrng_seedfix,
      |    ^
<scratch>/codex/chainhash-m2-adjacent/smhasher3/hashes/aesrng.cpp:278:4: warning: '$' in identifier [-Wdollar-in-identifier-extension]
  278 |    $.sort_order      = 50
      |    ^
<scratch>/codex/chainhash-m2-adjacent/smhasher3/hashes/aesrng.cpp:282:4: warning: '$' in identifier [-Wdollar-in-identifier-extension]
  282 |    $.desc       = "64-bit RNG using AES in CTR mode; not a hash",
      |    ^
<scratch>/codex/chainhash-m2-adjacent/smhasher3/hashes/aesrng.cpp:283:4: warning: '$' in identifier [-Wdollar-in-identifier-extension]
  283 |    $.impl       = AES_IMPL_STR,
      |    ^
<scratch>/codex/chainhash-m2-adjacent/smhasher3/hashes/aesrng.cpp:284:4: warning: '$' in identifier [-Wdollar-in-identifier-extension]
  284 |    $.hash_flags =
      |    ^
<scratch>/codex/chainhash-m2-adjacent/smhasher3/hashes/aesrng.cpp:288:4: warning: '$' in identifier [-Wdollar-in-identifier-extension]
  288 |    $.impl_flags =
      |    ^
<scratch>/codex/chainhash-m2-adjacent/smhasher3/hashes/aesrng.cpp:293:4: warning: '$' in identifier [-Wdollar-in-identifier-extension]
  293 |    $.bits = 64,
      |    ^
<scratch>/codex/chainhash-m2-adjacent/smhasher3/hashes/aesrng.cpp:294:4: warning: '$' in identifier [-Wdollar-in-identifier-extension]
  294 |    $.verification_LE = 0x0176B234,
      |    ^
<scratch>/codex/chainhash-m2-adjacent/smhasher3/hashes/aesrng.cpp:295:4: warning: '$' in identifier [-Wdollar-in-identifier-extension]
  295 |    $.verification_BE = 0x0176B234,
      |    ^
<scratch>/codex/chainhash-m2-adjacent/smhasher3/hashes/aesrng.cpp:296:4: warning: '$' in identifier [-Wdollar-in-identifier-extension]
  296 |    $.hashfn_native   = aesrng<64>,
      |    ^
<scratch>/codex/chainhash-m2-adjacent/smhasher3/hashes/aesrng.cpp:297:4: warning: '$' in identifier [-Wdollar-in-identifier-extension]
  297 |    $.hashfn_bswap    = aesrng<64>,
      |    ^
<scratch>/codex/chainhash-m2-adjacent/smhasher3/hashes/aesrng.cpp:298:4: warning: '$' in identifier [-Wdollar-in-identifier-extension]
  298 |    $.initfn          = aesrng_init,
      |    ^
<scratch>/codex/chainhash-m2-adjacent/smhasher3/hashes/aesrng.cpp:299:4: warning: '$' in identifier [-Wdollar-in-identifier-extension]
  299 |    $.seedfixfn       = aesrng_seedfix,
      |    ^
<scratch>/codex/chainhash-m2-adjacent/smhasher3/hashes/aesrng.cpp:300:4: warning: '$' in identifier [-Wdollar-in-identifier-extension]
  300 |    $.sort_order      = 50
      |    ^
<scratch>/codex/chainhash-m2-adjacent/smhasher3/hashes/aesrng.cpp:304:4: warning: '$' in identifier [-Wdollar-in-identifier-extension]
  304 |    $.desc       = "128-bit RNG using AES in CTR mode; not a hash",
      |    ^
<scratch>/codex/chainhash-m2-adjacent/smhasher3/hashes/aesrng.cpp:305:4: warning: '$' in identifier [-Wdollar-in-identifier-extension]
  305 |    $.impl       = AES_IMPL_STR,
      |    ^
<scratch>/codex/chainhash-m2-adjacent/smhasher3/hashes/aesrng.cpp:306:4: warning: '$' in identifier [-Wdollar-in-identifier-extension]
  306 |    $.hash_flags =
      |    ^
<scratch>/codex/chainhash-m2-adjacent/smhasher3/hashes/aesrng.cpp:310:4: warning: '$' in identifier [-Wdollar-in-identifier-extension]
  310 |    $.impl_flags =
      |    ^
<scratch>/codex/chainhash-m2-adjacent/smhasher3/hashes/aesrng.cpp:315:4: warning: '$' in identifier [-Wdollar-in-identifier-extension]
  315 |    $.bits = 128,
      |    ^
<scratch>/codex/chainhash-m2-adjacent/smhasher3/hashes/aesrng.cpp:316:4: warning: '$' in identifier [-Wdollar-in-identifier-extension]
  316 |    $.verification_LE = 0xF09383D0,
      |    ^
<scratch>/codex/chainhash-m2-adjacent/smhasher3/hashes/aesrng.cpp:317:4: warning: '$' in identifier [-Wdollar-in-identifier-extension]
  317 |    $.verification_BE = 0xF09383D0,
      |    ^
<scratch>/codex/chainhash-m2-adjacent/smhasher3/hashes/aesrng.cpp:318:4: warning: '$' in identifier [-Wdollar-in-identifier-extension]
  318 |    $.hashfn_native   = aesrng<128>,
      |    ^
<scratch>/codex/chainhash-m2-adjacent/smhasher3/hashes/aesrng.cpp:319:4: warning: '$' in identifier [-Wdollar-in-identifier-extension]
  319 |    $.hashfn_bswap    = aesrng<128>,
      |    ^
<scratch>/codex/chainhash-m2-adjacent/smhasher3/hashes/aesrng.cpp:320:4: warning: '$' in identifier [-Wdollar-in-identifier-extension]
  320 |    $.initfn          = aesrng_init,
      |    ^
<scratch>/codex/chainhash-m2-adjacent/smhasher3/hashes/aesrng.cpp:321:4: warning: '$' in identifier [-Wdollar-in-identifier-extension]
  321 |    $.seedfixfn       = aesrng_seedfix,
      |    ^
<scratch>/codex/chainhash-m2-adjacent/smhasher3/hashes/aesrng.cpp:322:4: warning: '$' in identifier [-Wdollar-in-identifier-extension]
  322 |    $.sort_order      = 50
      |    ^
<scratch>/codex/chainhash-m2-adjacent/smhasher3/hashes/aesrng.cpp:326:4: warning: '$' in identifier [-Wdollar-in-identifier-extension]
  326 |    $.desc       = "160-bit RNG using AES in CTR mode; not a hash",
      |    ^
<scratch>/codex/chainhash-m2-adjacent/smhasher3/hashes/aesrng.cpp:327:4: warning: '$' in identifier [-Wdollar-in-identifier-extension]
  327 |    $.impl       = AES_IMPL_STR,
      |    ^
<scratch>/codex/chainhash-m2-adjacent/smhasher3/hashes/aesrng.cpp:328:4: warning: '$' in identifier [-Wdollar-in-identifier-extension]
  328 |    $.hash_flags =
      |    ^
<scratch>/codex/chainhash-m2-adjacent/smhasher3/hashes/aesrng.cpp:332:4: warning: '$' in identifier [-Wdollar-in-identifier-extension]
  332 |    $.impl_flags =
      |    ^
<scratch>/codex/chainhash-m2-adjacent/smhasher3/hashes/aesrng.cpp:337:4: warning: '$' in identifier [-Wdollar-in-identifier-extension]
  337 |    $.bits = 160,
      |    ^
<scratch>/codex/chainhash-m2-adjacent/smhasher3/hashes/aesrng.cpp:338:4: warning: '$' in identifier [-Wdollar-in-identifier-extension]
  338 |    $.verification_LE = 0xD0BF5177,
      |    ^
<scratch>/codex/chainhash-m2-adjacent/smhasher3/hashes/aesrng.cpp:339:4: warning: '$' in identifier [-Wdollar-in-identifier-extension]
  339 |    $.verification_BE = 0xD0BF5177,
      |    ^
<scratch>/codex/chainhash-m2-adjacent/smhasher3/hashes/aesrng.cpp:340:4: warning: '$' in identifier [-Wdollar-in-identifier-extension]
  340 |    $.hashfn_native   = aesrng<160>,
      |    ^
<scratch>/codex/chainhash-m2-adjacent/smhasher3/hashes/aesrng.cpp:341:4: warning: '$' in identifier [-Wdollar-in-identifier-extension]
  341 |    $.hashfn_bswap    = aesrng<160>,
      |    ^
<scratch>/codex/chainhash-m2-adjacent/smhasher3/hashes/aesrng.cpp:342:4: warning: '$' in identifier [-Wdollar-in-identifier-extension]
  342 |    $.initfn          = aesrng_init,
      |    ^
<scratch>/codex/chainhash-m2-adjacent/smhasher3/hashes/aesrng.cpp:343:4: warning: '$' in identifier [-Wdollar-in-identifier-extension]
  343 |    $.seedfixfn       = aesrng_seedfix,
      |    ^
<scratch>/codex/chainhash-m2-adjacent/smhasher3/hashes/aesrng.cpp:344:4: warning: '$' in identifier [-Wdollar-in-identifier-extension]
  344 |    $.sort_order      = 50
      |    ^
<scratch>/codex/chainhash-m2-adjacent/smhasher3/hashes/aesrng.cpp:348:4: warning: '$' in identifier [-Wdollar-in-identifier-extension]
  348 |    $.desc       = "224-bit RNG using AES in CTR mode; not a hash",
      |    ^
<scratch>/codex/chainhash-m2-adjacent/smhasher3/hashes/aesrng.cpp:349:4: warning: '$' in identifier [-Wdollar-in-identifier-extension]
  349 |    $.impl       = AES_IMPL_STR,
      |    ^
<scratch>/codex/chainhash-m2-adjacent/smhasher3/hashes/aesrng.cpp:350:4: warning: '$' in identifier [-Wdollar-in-identifier-extension]
  350 |    $.hash_flags =
      |    ^
<scratch>/codex/chainhash-m2-adjacent/smhasher3/hashes/aesrng.cpp:354:4: warning: '$' in identifier [-Wdollar-in-identifier-extension]
  354 |    $.impl_flags =
      |    ^
<scratch>/codex/chainhash-m2-adjacent/smhasher3/hashes/aesrng.cpp:359:4: warning: '$' in identifier [-Wdollar-in-identifier-extension]
  359 |    $.bits = 224,
      |    ^
<scratch>/codex/chainhash-m2-adjacent/smhasher3/hashes/aesrng.cpp:360:4: warning: '$' in identifier [-Wdollar-in-identifier-extension]
  360 |    $.verification_LE = 0x902F4DF3,
      |    ^
<scratch>/codex/chainhash-m2-adjacent/smhasher3/hashes/aesrng.cpp:361:4: warning: '$' in identifier [-Wdollar-in-identifier-extension]
  361 |    $.verification_BE = 0x902F4DF3,
      |    ^
<scratch>/codex/chainhash-m2-adjacent/smhasher3/hashes/aesrng.cpp:362:4: warning: '$' in identifier [-Wdollar-in-identifier-extension]
  362 |    $.hashfn_native   = aesrng<224>,
      |    ^
<scratch>/codex/chainhash-m2-adjacent/smhasher3/hashes/aesrng.cpp:363:4: warning: '$' in identifier [-Wdollar-in-identifier-extension]
  363 |    $.hashfn_bswap    = aesrng<224>,
      |    ^
<scratch>/codex/chainhash-m2-adjacent/smhasher3/hashes/aesrng.cpp:364:4: warning: '$' in identifier [-Wdollar-in-identifier-extension]
  364 |    $.initfn          = aesrng_init,
      |    ^
<scratch>/codex/chainhash-m2-adjacent/smhasher3/hashes/aesrng.cpp:365:4: warning: '$' in identifier [-Wdollar-in-identifier-extension]
  365 |    $.seedfixfn       = aesrng_seedfix,
      |    ^
<scratch>/codex/chainhash-m2-adjacent/smhasher3/hashes/aesrng.cpp:366:4: warning: '$' in identifier [-Wdollar-in-identifier-extension]
  366 |    $.sort_order      = 50
      |    ^
<scratch>/codex/chainhash-m2-adjacent/smhasher3/hashes/aesrng.cpp:370:4: warning: '$' in identifier [-Wdollar-in-identifier-extension]
  370 |    $.desc       = "256-bit RNG using AES in CTR mode; not a hash",
      |    ^
<scratch>/codex/chainhash-m2-adjacent/smhasher3/hashes/aesrng.cpp:371:4: warning: '$' in identifier [-Wdollar-in-identifier-extension]
  371 |    $.impl       = AES_IMPL_STR,
      |    ^
<scratch>/codex/chainhash-m2-adjacent/smhasher3/hashes/aesrng.cpp:372:4: warning: '$' in identifier [-Wdollar-in-identifier-extension]
  372 |    $.hash_flags =
      |    ^
<scratch>/codex/chainhash-m2-adjacent/smhasher3/hashes/aesrng.cpp:376:4: warning: '$' in identifier [-Wdollar-in-identifier-extension]
  376 |    $.impl_flags =
      |    ^
<scratch>/codex/chainhash-m2-adjacent/smhasher3/hashes/aesrng.cpp:381:4: warning: '$' in identifier [-Wdollar-in-identifier-extension]
  381 |    $.bits = 256,
      |    ^
<scratch>/codex/chainhash-m2-adjacent/smhasher3/hashes/aesrng.cpp:382:4: warning: '$' in identifier [-Wdollar-in-identifier-extension]
  382 |    $.verification_LE = 0xE54E472C,
      |    ^
<scratch>/codex/chainhash-m2-adjacent/smhasher3/hashes/aesrng.cpp:383:4: warning: '$' in identifier [-Wdollar-in-identifier-extension]
  383 |    $.verification_BE = 0xE54E472C,
      |    ^
<scratch>/codex/chainhash-m2-adjacent/smhasher3/hashes/aesrng.cpp:384:4: warning: '$' in identifier [-Wdollar-in-identifier-extension]
  384 |    $.hashfn_native   = aesrng<256>,
      |    ^
<scratch>/codex/chainhash-m2-adjacent/smhasher3/hashes/aesrng.cpp:385:4: warning: '$' in identifier [-Wdollar-in-identifier-extension]
  385 |    $.hashfn_bswap    = aesrng<256>,
      |    ^
<scratch>/codex/chainhash-m2-adjacent/smhasher3/hashes/aesrng.cpp:386:4: warning: '$' in identifier [-Wdollar-in-identifier-extension]
  386 |    $.initfn          = aesrng_init,
      |    ^
<scratch>/codex/chainhash-m2-adjacent/smhasher3/hashes/aesrng.cpp:387:4: warning: '$' in identifier [-Wdollar-in-identifier-extension]
  387 |    $.seedfixfn       = aesrng_seedfix,
      |    ^
<scratch>/codex/chainhash-m2-adjacent/smhasher3/hashes/aesrng.cpp:388:4: warning: '$' in identifier [-Wdollar-in-identifier-extension]
  388 |    $.sort_order      = 50
      |    ^
79 warnings generated.
[ 13%] Building CXX object CMakeFiles/SMHasher3Tests.dir/util/Stats.cpp.o
In file included from <scratch>/codex/chainhash-m2-adjacent/smhasher3/hashes/farmhash.cpp:27:
<scratch>/codex/chainhash-m2-adjacent/smhasher3/include/hashlib/Hashlib.h:44:20: warning: '$' in identifier [-Wdollar-in-identifier-extension]
   44 |     HashFamilyInfo $(#N);                          \
      |                    ^
<scratch>/codex/chainhash-m2-adjacent/smhasher3/include/hashlib/Hashlib.h:46:12: warning: '$' in identifier [-Wdollar-in-identifier-extension]
   46 |     return $;                                      \
      |            ^
<scratch>/codex/chainhash-m2-adjacent/smhasher3/include/hashlib/Hashlib.h:54:14: warning: '$' in identifier [-Wdollar-in-identifier-extension]
   54 |     HashInfo $(#N, THIS_HASH_FAMILY.name);       \
      |              ^
<scratch>/codex/chainhash-m2-adjacent/smhasher3/include/hashlib/Hashlib.h:56:20: warning: '$' in identifier [-Wdollar-in-identifier-extension]
   56 |     register_hash(&$);                           \
      |                    ^
<scratch>/codex/chainhash-m2-adjacent/smhasher3/include/hashlib/Hashlib.h:57:12: warning: '$' in identifier [-Wdollar-in-identifier-extension]
   57 |     return $;                                    \
      |            ^
<scratch>/codex/chainhash-m2-adjacent/smhasher3/hashes/farmhash.cpp:1691:4: warning: '$' in identifier [-Wdollar-in-identifier-extension]
 1691 |    $.src_url    = "https://github.com/google/farmhash",
      |    ^
<scratch>/codex/chainhash-m2-adjacent/smhasher3/hashes/farmhash.cpp:1692:4: warning: '$' in identifier [-Wdollar-in-identifier-extension]
 1692 |    $.src_status = HashFamilyInfo::SRC_FROZEN
      |    ^
<scratch>/codex/chainhash-m2-adjacent/smhasher3/hashes/farmhash.cpp:1696:4: warning: '$' in identifier [-Wdollar-in-identifier-extension]
 1696 |    $.desc       = "FarmHash Hash64WithSeed (NA version)",
      |    ^
<scratch>/codex/chainhash-m2-adjacent/smhasher3/hashes/farmhash.cpp:1697:4: warning: '$' in identifier [-Wdollar-in-identifier-extension]
 1697 |    $.hash_flags =
      |    ^
<scratch>/codex/chainhash-m2-adjacent/smhasher3/hashes/farmhash.cpp:1699:4: warning: '$' in identifier [-Wdollar-in-identifier-extension]
 1699 |    $.impl_flags =
      |    ^
<scratch>/codex/chainhash-m2-adjacent/smhasher3/hashes/farmhash.cpp:1703:4: warning: '$' in identifier [-Wdollar-in-identifier-extension]
 1703 |    $.bits            = 64,
      |    ^
<scratch>/codex/chainhash-m2-adjacent/smhasher3/hashes/farmhash.cpp:1704:4: warning: '$' in identifier [-Wdollar-in-identifier-extension]
 1704 |    $.sort_order      = 10,
      |    ^
<scratch>/codex/chainhash-m2-adjacent/smhasher3/hashes/farmhash.cpp:1705:4: warning: '$' in identifier [-Wdollar-in-identifier-extension]
 1705 |    $.verification_LE = 0xEBC4A679,
      |    ^
<scratch>/codex/chainhash-m2-adjacent/smhasher3/hashes/farmhash.cpp:1706:4: warning: '$' in identifier [-Wdollar-in-identifier-extension]
 1706 |    $.verification_BE = 0xB24C5C09,
      |    ^
<scratch>/codex/chainhash-m2-adjacent/smhasher3/hashes/farmhash.cpp:1707:4: warning: '$' in identifier [-Wdollar-in-identifier-extension]
 1707 |    $.hashfn_native   = FarmHashNA<false>,
      |    ^
<scratch>/codex/chainhash-m2-adjacent/smhasher3/hashes/farmhash.cpp:1708:4: warning: '$' in identifier [-Wdollar-in-identifier-extension]
 1708 |    $.hashfn_bswap    = FarmHashNA<true>
      |    ^
<scratch>/codex/chainhash-m2-adjacent/smhasher3/hashes/farmhash.cpp:1712:4: warning: '$' in identifier [-Wdollar-in-identifier-extension]
 1712 |    $.desc       = "FarmHash Hash64WithSeed (UO version)",
      |    ^
<scratch>/codex/chainhash-m2-adjacent/smhasher3/hashes/farmhash.cpp:1713:4: warning: '$' in identifier [-Wdollar-in-identifier-extension]
 1713 |    $.hash_flags =
      |    ^
<scratch>/codex/chainhash-m2-adjacent/smhasher3/hashes/farmhash.cpp:1715:4: warning: '$' in identifier [-Wdollar-in-identifier-extension]
 1715 |    $.impl_flags =
      |    ^
<scratch>/codex/chainhash-m2-adjacent/smhasher3/hashes/farmhash.cpp:1719:4: warning: '$' in identifier [-Wdollar-in-identifier-extension]
 1719 |    $.bits            = 64,
      |    ^
<scratch>/codex/chainhash-m2-adjacent/smhasher3/hashes/farmhash.cpp:1720:4: warning: '$' in identifier [-Wdollar-in-identifier-extension]
 1720 |    $.sort_order      = 20,
      |    ^
<scratch>/codex/chainhash-m2-adjacent/smhasher3/hashes/farmhash.cpp:1721:4: warning: '$' in identifier [-Wdollar-in-identifier-extension]
 1721 |    $.verification_LE = 0x5438EF2C,
      |    ^
<scratch>/codex/chainhash-m2-adjacent/smhasher3/hashes/farmhash.cpp:1722:4: warning: '$' in identifier [-Wdollar-in-identifier-extension]
 1722 |    $.verification_BE = 0x72B8113E,
      |    ^
<scratch>/codex/chainhash-m2-adjacent/smhasher3/hashes/farmhash.cpp:1723:4: warning: '$' in identifier [-Wdollar-in-identifier-extension]
 1723 |    $.hashfn_native   = FarmHashUO<false>,
      |    ^
<scratch>/codex/chainhash-m2-adjacent/smhasher3/hashes/farmhash.cpp:1724:4: warning: '$' in identifier [-Wdollar-in-identifier-extension]
 1724 |    $.hashfn_bswap    = FarmHashUO<true>
      |    ^
<scratch>/codex/chainhash-m2-adjacent/smhasher3/hashes/farmhash.cpp:1764:4: warning: '$' in identifier [-Wdollar-in-identifier-extension]
 1764 |    $.desc       = "FarmHash Hash32WithSeed (MK version)",
      |    ^
<scratch>/codex/chainhash-m2-adjacent/smhasher3/hashes/farmhash.cpp:1765:4: warning: '$' in identifier [-Wdollar-in-identifier-extension]
 1765 |    $.hash_flags =
      |    ^
<scratch>/codex/chainhash-m2-adjacent/smhasher3/hashes/farmhash.cpp:1767:4: warning: '$' in identifier [-Wdollar-in-identifier-extension]
 1767 |    $.impl_flags =
      |    ^
<scratch>/codex/chainhash-m2-adjacent/smhasher3/hashes/farmhash.cpp:1771:4: warning: '$' in identifier [-Wdollar-in-identifier-extension]
 1771 |    $.bits            = 32,
      |    ^
<scratch>/codex/chainhash-m2-adjacent/smhasher3/hashes/farmhash.cpp:1772:4: warning: '$' in identifier [-Wdollar-in-identifier-extension]
 1772 |    $.sort_order      = 50,
      |    ^
<scratch>/codex/chainhash-m2-adjacent/smhasher3/hashes/farmhash.cpp:1773:4: warning: '$' in identifier [-Wdollar-in-identifier-extension]
 1773 |    $.verification_LE = 0x0DC9AF39,
      |    ^
<scratch>/codex/chainhash-m2-adjacent/smhasher3/hashes/farmhash.cpp:1774:4: warning: '$' in identifier [-Wdollar-in-identifier-extension]
 1774 |    $.verification_BE = 0x6B67BB90,
      |    ^
<scratch>/codex/chainhash-m2-adjacent/smhasher3/hashes/farmhash.cpp:1775:4: warning: '$' in identifier [-Wdollar-in-identifier-extension]
 1775 |    $.hashfn_native   = FarmHashMK<false>,
      |    ^
<scratch>/codex/chainhash-m2-adjacent/smhasher3/hashes/farmhash.cpp:1776:4: warning: '$' in identifier [-Wdollar-in-identifier-extension]
 1776 |    $.hashfn_bswap    = FarmHashMK<true>
      |    ^
<scratch>/codex/chainhash-m2-adjacent/smhasher3/hashes/farmhash.cpp:1821:4: warning: '$' in identifier [-Wdollar-in-identifier-extension]
 1821 |    $.desc       = "FarmHash Hash32WithSeed (CC version)",
      |    ^
<scratch>/codex/chainhash-m2-adjacent/smhasher3/hashes/farmhash.cpp:1822:4: warning: '$' in identifier [-Wdollar-in-identifier-extension]
 1822 |    $.hash_flags =
      |    ^
<scratch>/codex/chainhash-m2-adjacent/smhasher3/hashes/farmhash.cpp:1824:4: warning: '$' in identifier [-Wdollar-in-identifier-extension]
 1824 |    $.impl_flags =
      |    ^
<scratch>/codex/chainhash-m2-adjacent/smhasher3/hashes/farmhash.cpp:1828:4: warning: '$' in identifier [-Wdollar-in-identifier-extension]
 1828 |    $.bits            = 32,
      |    ^
<scratch>/codex/chainhash-m2-adjacent/smhasher3/hashes/farmhash.cpp:1829:4: warning: '$' in identifier [-Wdollar-in-identifier-extension]
 1829 |    $.sort_order      = 80,
      |    ^
<scratch>/codex/chainhash-m2-adjacent/smhasher3/hashes/farmhash.cpp:1830:4: warning: '$' in identifier [-Wdollar-in-identifier-extension]
 1830 |    $.verification_LE = 0x61DEEE7E,
      |    ^
<scratch>/codex/chainhash-m2-adjacent/smhasher3/hashes/farmhash.cpp:1831:4: warning: '$' in identifier [-Wdollar-in-identifier-extension]
 1831 |    $.verification_BE = 0xAE9514F0,
      |    ^
<scratch>/codex/chainhash-m2-adjacent/smhasher3/hashes/farmhash.cpp:1832:4: warning: '$' in identifier [-Wdollar-in-identifier-extension]
 1832 |    $.hashfn_native   = FarmHashCC_32<false>,
      |    ^
<scratch>/codex/chainhash-m2-adjacent/smhasher3/hashes/farmhash.cpp:1833:4: warning: '$' in identifier [-Wdollar-in-identifier-extension]
 1833 |    $.hashfn_bswap    = FarmHashCC_32<true>
      |    ^
<scratch>/codex/chainhash-m2-adjacent/smhasher3/hashes/farmhash.cpp:1837:4: warning: '$' in identifier [-Wdollar-in-identifier-extension]
 1837 |    $.desc       = "FarmHash Hash128WithSeed (CC version, seeded low 64 bit)",
      |    ^
<scratch>/codex/chainhash-m2-adjacent/smhasher3/hashes/farmhash.cpp:1838:4: warning: '$' in identifier [-Wdollar-in-identifier-extension]
 1838 |    $.hash_flags =
      |    ^
<scratch>/codex/chainhash-m2-adjacent/smhasher3/hashes/farmhash.cpp:1840:4: warning: '$' in identifier [-Wdollar-in-identifier-extension]
 1840 |    $.impl_flags =
      |    ^
<scratch>/codex/chainhash-m2-adjacent/smhasher3/hashes/farmhash.cpp:1844:4: warning: '$' in identifier [-Wdollar-in-identifier-extension]
 1844 |    $.bits            = 128,
      |    ^
<scratch>/codex/chainhash-m2-adjacent/smhasher3/hashes/farmhash.cpp:1845:4: warning: '$' in identifier [-Wdollar-in-identifier-extension]
 1845 |    $.sort_order      = 90,
      |    ^
<scratch>/codex/chainhash-m2-adjacent/smhasher3/hashes/farmhash.cpp:1846:4: warning: '$' in identifier [-Wdollar-in-identifier-extension]
 1846 |    $.verification_LE = 0x305C0D9A,
      |    ^
<scratch>/codex/chainhash-m2-adjacent/smhasher3/hashes/farmhash.cpp:1847:4: warning: '$' in identifier [-Wdollar-in-identifier-extension]
 1847 |    $.verification_BE = 0xDC1669A2,
      |    ^
<scratch>/codex/chainhash-m2-adjacent/smhasher3/hashes/farmhash.cpp:1848:4: warning: '$' in identifier [-Wdollar-in-identifier-extension]
 1848 |    $.hashfn_native   = FarmHashCC_128<false, 1>,
      |    ^
<scratch>/codex/chainhash-m2-adjacent/smhasher3/hashes/farmhash.cpp:1849:4: warning: '$' in identifier [-Wdollar-in-identifier-extension]
 1849 |    $.hashfn_bswap    = FarmHashCC_128<true, 1>
      |    ^
<scratch>/codex/chainhash-m2-adjacent/smhasher3/hashes/farmhash.cpp:1853:4: warning: '$' in identifier [-Wdollar-in-identifier-extension]
 1853 |    $.desc       = "FarmHash Hash128WithSeed (CC version, seeded high 64 bit)",
      |    ^
<scratch>/codex/chainhash-m2-adjacent/smhasher3/hashes/farmhash.cpp:1854:4: warning: '$' in identifier [-Wdollar-in-identifier-extension]
 1854 |    $.hash_flags =
      |    ^
<scratch>/codex/chainhash-m2-adjacent/smhasher3/hashes/farmhash.cpp:1856:4: warning: '$' in identifier [-Wdollar-in-identifier-extension]
 1856 |    $.impl_flags =
      |    ^
<scratch>/codex/chainhash-m2-adjacent/smhasher3/hashes/farmhash.cpp:1860:4: warning: '$' in identifier [-Wdollar-in-identifier-extension]
 1860 |    $.bits            = 128,
      |    ^
<scratch>/codex/chainhash-m2-adjacent/smhasher3/hashes/farmhash.cpp:1861:4: warning: '$' in identifier [-Wdollar-in-identifier-extension]
 1861 |    $.sort_order      = 100,
      |    ^
<scratch>/codex/chainhash-m2-adjacent/smhasher3/hashes/farmhash.cpp:1862:4: warning: '$' in identifier [-Wdollar-in-identifier-extension]
 1862 |    $.verification_LE = 0x0DB4D383,
      |    ^
<scratch>/codex/chainhash-m2-adjacent/smhasher3/hashes/farmhash.cpp:1863:4: warning: '$' in identifier [-Wdollar-in-identifier-extension]
 1863 |    $.verification_BE = 0xFA39DBEA,
      |    ^
<scratch>/codex/chainhash-m2-adjacent/smhasher3/hashes/farmhash.cpp:1864:4: warning: '$' in identifier [-Wdollar-in-identifier-extension]
 1864 |    $.hashfn_native   = FarmHashCC_128<false, 2>,
      |    ^
<scratch>/codex/chainhash-m2-adjacent/smhasher3/hashes/farmhash.cpp:1865:4: warning: '$' in identifier [-Wdollar-in-identifier-extension]
 1865 |    $.hashfn_bswap    = FarmHashCC_128<true, 2>
      |    ^
<scratch>/codex/chainhash-m2-adjacent/smhasher3/hashes/farmhash.cpp:1869:4: warning: '$' in identifier [-Wdollar-in-identifier-extension]
 1869 |    $.desc       = "FarmHash Hash128WithSeed (CC version, seeded low+high 64 bit)",
      |    ^
<scratch>/codex/chainhash-m2-adjacent/smhasher3/hashes/farmhash.cpp:1870:4: warning: '$' in identifier [-Wdollar-in-identifier-extension]
 1870 |    $.hash_flags =
      |    ^
<scratch>/codex/chainhash-m2-adjacent/smhasher3/hashes/farmhash.cpp:1872:4: warning: '$' in identifier [-Wdollar-in-identifier-extension]
 1872 |    $.impl_flags =
      |    ^
<scratch>/codex/chainhash-m2-adjacent/smhasher3/hashes/farmhash.cpp:1876:4: warning: '$' in identifier [-Wdollar-in-identifier-extension]
 1876 |    $.bits            = 128,
      |    ^
<scratch>/codex/chainhash-m2-adjacent/smhasher3/hashes/farmhash.cpp:1877:4: warning: '$' in identifier [-Wdollar-in-identifier-extension]
 1877 |    $.sort_order      = 110,
      |    ^
<scratch>/codex/chainhash-m2-adjacent/smhasher3/hashes/farmhash.cpp:1878:4: warning: '$' in identifier [-Wdollar-in-identifier-extension]
 1878 |    $.verification_LE = 0xA93EBF71,
      |    ^
<scratch>/codex/chainhash-m2-adjacent/smhasher3/hashes/farmhash.cpp:1879:4: warning: '$' in identifier [-Wdollar-in-identifier-extension]
 1879 |    $.verification_BE = 0x38CD0ED1,
      |    ^
<scratch>/codex/chainhash-m2-adjacent/smhasher3/hashes/farmhash.cpp:1880:4: warning: '$' in identifier [-Wdollar-in-identifier-extension]
 1880 |    $.hashfn_native   = FarmHashCC_128<false, 3>,
      |    ^
<scratch>/codex/chainhash-m2-adjacent/smhasher3/hashes/farmhash.cpp:1881:4: warning: '$' in identifier [-Wdollar-in-identifier-extension]
 1881 |    $.hashfn_bswap    = FarmHashCC_128<true, 3>
      |    ^
<scratch>/codex/chainhash-m2-adjacent/smhasher3/hashes/farmhash.cpp:1885:4: warning: '$' in identifier [-Wdollar-in-identifier-extension]
 1885 |    $.desc       = "FarmHash CityMurmur (CM version, seeded low 64 bit)",
      |    ^
<scratch>/codex/chainhash-m2-adjacent/smhasher3/hashes/farmhash.cpp:1886:4: warning: '$' in identifier [-Wdollar-in-identifier-extension]
 1886 |    $.hash_flags =
      |    ^
<scratch>/codex/chainhash-m2-adjacent/smhasher3/hashes/farmhash.cpp:1888:4: warning: '$' in identifier [-Wdollar-in-identifier-extension]
 1888 |    $.impl_flags =
      |    ^
<scratch>/codex/chainhash-m2-adjacent/smhasher3/hashes/farmhash.cpp:1892:4: warning: '$' in identifier [-Wdollar-in-identifier-extension]
 1892 |    $.bits            = 128,
      |    ^
<scratch>/codex/chainhash-m2-adjacent/smhasher3/hashes/farmhash.cpp:1893:4: warning: '$' in identifier [-Wdollar-in-identifier-extension]
 1893 |    $.sort_order      = 120,
      |    ^
<scratch>/codex/chainhash-m2-adjacent/smhasher3/hashes/farmhash.cpp:1894:4: warning: '$' in identifier [-Wdollar-in-identifier-extension]
 1894 |    $.verification_LE = 0x6593FD6D,
      |    ^
<scratch>/codex/chainhash-m2-adjacent/smhasher3/hashes/farmhash.cpp:1895:4: warning: '$' in identifier [-Wdollar-in-identifier-extension]
 1895 |    $.verification_BE = 0xF84ED47F,
      |    ^
<scratch>/codex/chainhash-m2-adjacent/smhasher3/hashes/farmhash.cpp:1896:4: warning: '$' in identifier [-Wdollar-in-identifier-extension]
 1896 |    $.hashfn_native   = FarmHashCityMurmur_128<false, 1>,
      |    ^
<scratch>/codex/chainhash-m2-adjacent/smhasher3/hashes/farmhash.cpp:1897:4: warning: '$' in identifier [-Wdollar-in-identifier-extension]
 1897 |    $.hashfn_bswap    = FarmHashCityMurmur_128<true, 1>
      |    ^
<scratch>/codex/chainhash-m2-adjacent/smhasher3/hashes/farmhash.cpp:1901:4: warning: '$' in identifier [-Wdollar-in-identifier-extension]
 1901 |    $.desc       = "FarmHash CityMurmur (CM version, seeded high 64 bit)",
      |    ^
<scratch>/codex/chainhash-m2-adjacent/smhasher3/hashes/farmhash.cpp:1902:4: warning: '$' in identifier [-Wdollar-in-identifier-extension]
 1902 |    $.hash_flags =
      |    ^
<scratch>/codex/chainhash-m2-adjacent/smhasher3/hashes/farmhash.cpp:1904:4: warning: '$' in identifier [-Wdollar-in-identifier-extension]
 1904 |    $.impl_flags =
      |    ^
<scratch>/codex/chainhash-m2-adjacent/smhasher3/hashes/farmhash.cpp:1908:4: warning: '$' in identifier [-Wdollar-in-identifier-extension]
 1908 |    $.bits            = 128,
      |    ^
<scratch>/codex/chainhash-m2-adjacent/smhasher3/hashes/farmhash.cpp:1909:4: warning: '$' in identifier [-Wdollar-in-identifier-extension]
 1909 |    $.sort_order      = 130,
      |    ^
<scratch>/codex/chainhash-m2-adjacent/smhasher3/hashes/farmhash.cpp:1910:4: warning: '$' in identifier [-Wdollar-in-identifier-extension]
 1910 |    $.verification_LE = 0xF1483884,
      |    ^
<scratch>/codex/chainhash-m2-adjacent/smhasher3/hashes/farmhash.cpp:1911:4: warning: '$' in identifier [-Wdollar-in-identifier-extension]
 1911 |    $.verification_BE = 0x5185F2C4,
      |    ^
<scratch>/codex/chainhash-m2-adjacent/smhasher3/hashes/farmhash.cpp:1912:4: warning: '$' in identifier [-Wdollar-in-identifier-extension]
 1912 |    $.hashfn_native   = FarmHashCityMurmur_128<false, 2>,
      |    ^
<scratch>/codex/chainhash-m2-adjacent/smhasher3/hashes/farmhash.cpp:1913:4: warning: '$' in identifier [-Wdollar-in-identifier-extension]
 1913 |    $.hashfn_bswap    = FarmHashCityMurmur_128<true, 2>
      |    ^
<scratch>/codex/chainhash-m2-adjacent/smhasher3/hashes/farmhash.cpp:1917:4: warning: '$' in identifier [-Wdollar-in-identifier-extension]
 1917 |    $.desc       = "FarmHash CityMurmur (CM version, seeded low+high 64 bit)",
      |    ^
<scratch>/codex/chainhash-m2-adjacent/smhasher3/hashes/farmhash.cpp:1918:4: warning: '$' in identifier [-Wdollar-in-identifier-extension]
 1918 |    $.hash_flags =
      |    ^
<scratch>/codex/chainhash-m2-adjacent/smhasher3/hashes/farmhash.cpp:1920:4: warning: '$' in identifier [-Wdollar-in-identifier-extension]
 1920 |    $.impl_flags =
      |    ^
<scratch>/codex/chainhash-m2-adjacent/smhasher3/hashes/farmhash.cpp:1924:4: warning: '$' in identifier [-Wdollar-in-identifier-extension]
 1924 |    $.bits            = 128,
      |    ^
<scratch>/codex/chainhash-m2-adjacent/smhasher3/hashes/farmhash.cpp:1925:4: warning: '$' in identifier [-Wdollar-in-identifier-extension]
 1925 |    $.sort_order      = 140,
      |    ^
<scratch>/codex/chainhash-m2-adjacent/smhasher3/hashes/farmhash.cpp:1926:4: warning: '$' in identifier [-Wdollar-in-identifier-extension]
 1926 |    $.verification_LE = 0x6D028510,
      |    ^
<scratch>/codex/chainhash-m2-adjacent/smhasher3/hashes/farmhash.cpp:1927:4: warning: '$' in identifier [-Wdollar-in-identifier-extension]
 1927 |    $.verification_BE = 0xFC258701,
      |    ^
<scratch>/codex/chainhash-m2-adjacent/smhasher3/hashes/farmhash.cpp:1928:4: warning: '$' in identifier [-Wdollar-in-identifier-extension]
 1928 |    $.hashfn_native   = FarmHashCityMurmur_128<false, 3>,
      |    ^
<scratch>/codex/chainhash-m2-adjacent/smhasher3/hashes/farmhash.cpp:1929:4: warning: '$' in identifier [-Wdollar-in-identifier-extension]
 1929 |    $.hashfn_bswap    = FarmHashCityMurmur_128<true, 3>
      |    ^
[ 14%] Building CXX object CMakeFiles/SMHasher3Hashlib.dir/hashes/mum_mir.cpp.o
97 warnings generated.
[ 14%] Building CXX object CMakeFiles/SMHasher3Hashlib.dir/hashes/halftimehash.cpp.o
[ 15%] Building CXX object CMakeFiles/SMHasher3Tests.dir/util/VCode.cpp.o
In file included from <scratch>/codex/chainhash-m2-adjacent/smhasher3/hashes/mum_mir.cpp:27:
<scratch>/codex/chainhash-m2-adjacent/smhasher3/include/hashlib/Hashlib.h:44:20: warning: '$' in identifier [-Wdollar-in-identifier-extension]
   44 |     HashFamilyInfo $(#N);                          \
      |                    ^
<scratch>/codex/chainhash-m2-adjacent/smhasher3/include/hashlib/Hashlib.h:46:12: warning: '$' in identifier [-Wdollar-in-identifier-extension]
   46 |     return $;                                      \
      |            ^
<scratch>/codex/chainhash-m2-adjacent/smhasher3/include/hashlib/Hashlib.h:54:14: warning: '$' in identifier [-Wdollar-in-identifier-extension]
   54 |     HashInfo $(#N, THIS_HASH_FAMILY.name);       \
      |              ^
<scratch>/codex/chainhash-m2-adjacent/smhasher3/include/hashlib/Hashlib.h:56:20: warning: '$' in identifier [-Wdollar-in-identifier-extension]
   56 |     register_hash(&$);                           \
      |                    ^
<scratch>/codex/chainhash-m2-adjacent/smhasher3/include/hashlib/Hashlib.h:57:12: warning: '$' in identifier [-Wdollar-in-identifier-extension]
   57 |     return $;                                    \
      |            ^
<scratch>/codex/chainhash-m2-adjacent/smhasher3/hashes/mum_mir.cpp:294:4: warning: '$' in identifier [-Wdollar-in-identifier-extension]
  294 |    $.src_url    = "https://github.com/vnmakarov/mum-hash",
      |    ^
<scratch>/codex/chainhash-m2-adjacent/smhasher3/hashes/mum_mir.cpp:295:4: warning: '$' in identifier [-Wdollar-in-identifier-extension]
  295 |    $.src_status = HashFamilyInfo::SRC_FROZEN
      |    ^
<scratch>/codex/chainhash-m2-adjacent/smhasher3/hashes/mum_mir.cpp:299:4: warning: '$' in identifier [-Wdollar-in-identifier-extension]
  299 |    $.desc       = "Mum-hash v1, unroll 2^1, exact mult",
      |    ^
<scratch>/codex/chainhash-m2-adjacent/smhasher3/hashes/mum_mir.cpp:300:4: warning: '$' in identifier [-Wdollar-in-identifier-extension]
  300 |    $.hash_flags =
      |    ^
<scratch>/codex/chainhash-m2-adjacent/smhasher3/hashes/mum_mir.cpp:302:4: warning: '$' in identifier [-Wdollar-in-identifier-extension]
  302 |    $.impl_flags =
      |    ^
<scratch>/codex/chainhash-m2-adjacent/smhasher3/hashes/mum_mir.cpp:306:4: warning: '$' in identifier [-Wdollar-in-identifier-extension]
  306 |    $.bits = 64,
      |    ^
<scratch>/codex/chainhash-m2-adjacent/smhasher3/hashes/mum_mir.cpp:307:4: warning: '$' in identifier [-Wdollar-in-identifier-extension]
  307 |    $.verification_LE = 0xCB93DE58,
      |    ^
<scratch>/codex/chainhash-m2-adjacent/smhasher3/hashes/mum_mir.cpp:308:4: warning: '$' in identifier [-Wdollar-in-identifier-extension]
  308 |    $.verification_BE = 0xE820D0FB,
      |    ^
<scratch>/codex/chainhash-m2-adjacent/smhasher3/hashes/mum_mir.cpp:309:4: warning: '$' in identifier [-Wdollar-in-identifier-extension]
  309 |    $.hashfn_native   = mum_aligned<1, 1, false, true>,
      |    ^
<scratch>/codex/chainhash-m2-adjacent/smhasher3/hashes/mum_mir.cpp:310:4: warning: '$' in identifier [-Wdollar-in-identifier-extension]
  310 |    $.hashfn_bswap    = mum_aligned<1, 1, true, true>,
      |    ^
<scratch>/codex/chainhash-m2-adjacent/smhasher3/hashes/mum_mir.cpp:311:4: warning: '$' in identifier [-Wdollar-in-identifier-extension]
  311 |    $.badseeddesc     = "All seeds collide on keys of all 0x00 versus all 0xFF for some lengths (e.g. 32 bytes, 80 bytes)"
      |    ^
<scratch>/codex/chainhash-m2-adjacent/smhasher3/hashes/mum_mir.cpp:315:4: warning: '$' in identifier [-Wdollar-in-identifier-extension]
  315 |    $.desc       = "Mum-hash v1, unroll 2^2, exact mult",
      |    ^
<scratch>/codex/chainhash-m2-adjacent/smhasher3/hashes/mum_mir.cpp:316:4: warning: '$' in identifier [-Wdollar-in-identifier-extension]
  316 |    $.hash_flags =
      |    ^
<scratch>/codex/chainhash-m2-adjacent/smhasher3/hashes/mum_mir.cpp:318:4: warning: '$' in identifier [-Wdollar-in-identifier-extension]
  318 |    $.impl_flags =
      |    ^
<scratch>/codex/chainhash-m2-adjacent/smhasher3/hashes/mum_mir.cpp:322:4: warning: '$' in identifier [-Wdollar-in-identifier-extension]
  322 |    $.bits = 64,
      |    ^
<scratch>/codex/chainhash-m2-adjacent/smhasher3/hashes/mum_mir.cpp:323:4: warning: '$' in identifier [-Wdollar-in-identifier-extension]
  323 |    $.verification_LE = 0x3EEAE2D4,
      |    ^
<scratch>/codex/chainhash-m2-adjacent/smhasher3/hashes/mum_mir.cpp:324:4: warning: '$' in identifier [-Wdollar-in-identifier-extension]
  324 |    $.verification_BE = 0xF23A691C,
      |    ^
<scratch>/codex/chainhash-m2-adjacent/smhasher3/hashes/mum_mir.cpp:325:4: warning: '$' in identifier [-Wdollar-in-identifier-extension]
  325 |    $.hashfn_native   = mum_aligned<1, 2, false, true>,
      |    ^
<scratch>/codex/chainhash-m2-adjacent/smhasher3/hashes/mum_mir.cpp:326:4: warning: '$' in identifier [-Wdollar-in-identifier-extension]
  326 |    $.hashfn_bswap    = mum_aligned<1, 2, true, true>,
      |    ^
<scratch>/codex/chainhash-m2-adjacent/smhasher3/hashes/mum_mir.cpp:327:4: warning: '$' in identifier [-Wdollar-in-identifier-extension]
  327 |    $.badseeddesc     = "All seeds collide on keys of all 0x00 versus all 0xFF for some lengths (e.g. 32 bytes, 80 bytes)"
      |    ^
<scratch>/codex/chainhash-m2-adjacent/smhasher3/hashes/mum_mir.cpp:331:4: warning: '$' in identifier [-Wdollar-in-identifier-extension]
  331 |    $.desc       = "Mum-hash v1, unroll 2^3, exact mult",
      |    ^
<scratch>/codex/chainhash-m2-adjacent/smhasher3/hashes/mum_mir.cpp:332:4: warning: '$' in identifier [-Wdollar-in-identifier-extension]
  332 |    $.hash_flags =
      |    ^
<scratch>/codex/chainhash-m2-adjacent/smhasher3/hashes/mum_mir.cpp:334:4: warning: '$' in identifier [-Wdollar-in-identifier-extension]
  334 |    $.impl_flags =
      |    ^
<scratch>/codex/chainhash-m2-adjacent/smhasher3/hashes/mum_mir.cpp:338:4: warning: '$' in identifier [-Wdollar-in-identifier-extension]
  338 |    $.bits = 64,
      |    ^
<scratch>/codex/chainhash-m2-adjacent/smhasher3/hashes/mum_mir.cpp:339:4: warning: '$' in identifier [-Wdollar-in-identifier-extension]
  339 |    $.verification_LE = 0x7C0A2F98,
      |    ^
<scratch>/codex/chainhash-m2-adjacent/smhasher3/hashes/mum_mir.cpp:340:4: warning: '$' in identifier [-Wdollar-in-identifier-extension]
  340 |    $.verification_BE = 0x210F4BEB,
      |    ^
<scratch>/codex/chainhash-m2-adjacent/smhasher3/hashes/mum_mir.cpp:341:4: warning: '$' in identifier [-Wdollar-in-identifier-extension]
  341 |    $.hashfn_native   = mum_aligned<1, 3, false, true>,
      |    ^
<scratch>/codex/chainhash-m2-adjacent/smhasher3/hashes/mum_mir.cpp:342:4: warning: '$' in identifier [-Wdollar-in-identifier-extension]
  342 |    $.hashfn_bswap    = mum_aligned<1, 3, true, true>,
      |    ^
<scratch>/codex/chainhash-m2-adjacent/smhasher3/hashes/mum_mir.cpp:343:4: warning: '$' in identifier [-Wdollar-in-identifier-extension]
  343 |    $.badseeddesc     = "All seeds collide on keys of all 0x00 versus all 0xFF for some lengths (e.g. 32 bytes, 80 bytes)"
      |    ^
<scratch>/codex/chainhash-m2-adjacent/smhasher3/hashes/mum_mir.cpp:347:4: warning: '$' in identifier [-Wdollar-in-identifier-extension]
  347 |    $.desc       = "Mum-hash v1, unroll 2^4, exact mult",
      |    ^
<scratch>/codex/chainhash-m2-adjacent/smhasher3/hashes/mum_mir.cpp:348:4: warning: '$' in identifier [-Wdollar-in-identifier-extension]
  348 |    $.hash_flags =
      |    ^
<scratch>/codex/chainhash-m2-adjacent/smhasher3/hashes/mum_mir.cpp:350:4: warning: '$' in identifier [-Wdollar-in-identifier-extension]
  350 |    $.impl_flags =
      |    ^
<scratch>/codex/chainhash-m2-adjacent/smhasher3/hashes/mum_mir.cpp:354:4: warning: '$' in identifier [-Wdollar-in-identifier-extension]
  354 |    $.bits = 64,
      |    ^
<scratch>/codex/chainhash-m2-adjacent/smhasher3/hashes/mum_mir.cpp:355:4: warning: '$' in identifier [-Wdollar-in-identifier-extension]
  355 |    $.verification_LE = 0x280B2CC6,
      |    ^
<scratch>/codex/chainhash-m2-adjacent/smhasher3/hashes/mum_mir.cpp:356:4: warning: '$' in identifier [-Wdollar-in-identifier-extension]
  356 |    $.verification_BE = 0x0609C4A6,
      |    ^
<scratch>/codex/chainhash-m2-adjacent/smhasher3/hashes/mum_mir.cpp:357:4: warning: '$' in identifier [-Wdollar-in-identifier-extension]
  357 |    $.hashfn_native   = mum_aligned<1, 4, false, true>,
      |    ^
<scratch>/codex/chainhash-m2-adjacent/smhasher3/hashes/mum_mir.cpp:358:4: warning: '$' in identifier [-Wdollar-in-identifier-extension]
  358 |    $.hashfn_bswap    = mum_aligned<1, 4, true, true>,
      |    ^
<scratch>/codex/chainhash-m2-adjacent/smhasher3/hashes/mum_mir.cpp:359:4: warning: '$' in identifier [-Wdollar-in-identifier-extension]
  359 |    $.badseeddesc     = "All seeds collide on keys of all 0x00 versus all 0xFF for some lengths (e.g. 32 bytes, 80 bytes)"
      |    ^
<scratch>/codex/chainhash-m2-adjacent/smhasher3/hashes/mum_mir.cpp:363:4: warning: '$' in identifier [-Wdollar-in-identifier-extension]
  363 |    $.desc       = "Mum-hash v1, unroll 2^1, inexact mult",
      |    ^
<scratch>/codex/chainhash-m2-adjacent/smhasher3/hashes/mum_mir.cpp:364:4: warning: '$' in identifier [-Wdollar-in-identifier-extension]
  364 |    $.hash_flags =
      |    ^
<scratch>/codex/chainhash-m2-adjacent/smhasher3/hashes/mum_mir.cpp:366:4: warning: '$' in identifier [-Wdollar-in-identifier-extension]
  366 |    $.impl_flags =
      |    ^
<scratch>/codex/chainhash-m2-adjacent/smhasher3/hashes/mum_mir.cpp:370:4: warning: '$' in identifier [-Wdollar-in-identifier-extension]
  370 |    $.bits = 64,
      |    ^
<scratch>/codex/chainhash-m2-adjacent/smhasher3/hashes/mum_mir.cpp:371:4: warning: '$' in identifier [-Wdollar-in-identifier-extension]
  371 |    $.verification_LE = 0x689214DF,
      |    ^
<scratch>/codex/chainhash-m2-adjacent/smhasher3/hashes/mum_mir.cpp:372:4: warning: '$' in identifier [-Wdollar-in-identifier-extension]
  372 |    $.verification_BE = 0x14FBDFDD,
      |    ^
<scratch>/codex/chainhash-m2-adjacent/smhasher3/hashes/mum_mir.cpp:373:4: warning: '$' in identifier [-Wdollar-in-identifier-extension]
  373 |    $.hashfn_native   = mum_aligned<1, 1, false, false>,
      |    ^
<scratch>/codex/chainhash-m2-adjacent/smhasher3/hashes/mum_mir.cpp:374:4: warning: '$' in identifier [-Wdollar-in-identifier-extension]
  374 |    $.hashfn_bswap    = mum_aligned<1, 1, true, false>,
      |    ^
<scratch>/codex/chainhash-m2-adjacent/smhasher3/hashes/mum_mir.cpp:375:4: warning: '$' in identifier [-Wdollar-in-identifier-extension]
  375 |    $.badseeddesc     = "All seeds collide on keys of all 0x00 versus all 0xFF for some lengths (e.g. 32 bytes, 80 bytes)"
      |    ^
<scratch>/codex/chainhash-m2-adjacent/smhasher3/hashes/mum_mir.cpp:379:4: warning: '$' in identifier [-Wdollar-in-identifier-extension]
  379 |    $.desc       = "Mum-hash v1, unroll 2^2, inexact mult",
      |    ^
<scratch>/codex/chainhash-m2-adjacent/smhasher3/hashes/mum_mir.cpp:380:4: warning: '$' in identifier [-Wdollar-in-identifier-extension]
  380 |    $.hash_flags =
      |    ^
<scratch>/codex/chainhash-m2-adjacent/smhasher3/hashes/mum_mir.cpp:382:4: warning: '$' in identifier [-Wdollar-in-identifier-extension]
  382 |    $.impl_flags =
      |    ^
<scratch>/codex/chainhash-m2-adjacent/smhasher3/hashes/mum_mir.cpp:386:4: warning: '$' in identifier [-Wdollar-in-identifier-extension]
  386 |    $.bits = 64,
      |    ^
<scratch>/codex/chainhash-m2-adjacent/smhasher3/hashes/mum_mir.cpp:387:4: warning: '$' in identifier [-Wdollar-in-identifier-extension]
  387 |    $.verification_LE = 0xA973C6C0,
      |    ^
<scratch>/codex/chainhash-m2-adjacent/smhasher3/hashes/mum_mir.cpp:388:4: warning: '$' in identifier [-Wdollar-in-identifier-extension]
  388 |    $.verification_BE = 0x9C12DFA3,
      |    ^
<scratch>/codex/chainhash-m2-adjacent/smhasher3/hashes/mum_mir.cpp:389:4: warning: '$' in identifier [-Wdollar-in-identifier-extension]
  389 |    $.hashfn_native   = mum_aligned<1, 2, false, false>,
      |    ^
<scratch>/codex/chainhash-m2-adjacent/smhasher3/hashes/mum_mir.cpp:390:4: warning: '$' in identifier [-Wdollar-in-identifier-extension]
  390 |    $.hashfn_bswap    = mum_aligned<1, 2, true, false>,
      |    ^
<scratch>/codex/chainhash-m2-adjacent/smhasher3/hashes/mum_mir.cpp:391:4: warning: '$' in identifier [-Wdollar-in-identifier-extension]
  391 |    $.badseeddesc     = "All seeds collide on keys of all 0x00 versus all 0xFF for some lengths (e.g. 32 bytes, 80 bytes)"
      |    ^
<scratch>/codex/chainhash-m2-adjacent/smhasher3/hashes/mum_mir.cpp:395:4: warning: '$' in identifier [-Wdollar-in-identifier-extension]
  395 |    $.desc       = "Mum-hash v1, unroll 2^3, inexact mult",
      |    ^
<scratch>/codex/chainhash-m2-adjacent/smhasher3/hashes/mum_mir.cpp:396:4: warning: '$' in identifier [-Wdollar-in-identifier-extension]
  396 |    $.hash_flags =
      |    ^
<scratch>/codex/chainhash-m2-adjacent/smhasher3/hashes/mum_mir.cpp:398:4: warning: '$' in identifier [-Wdollar-in-identifier-extension]
  398 |    $.impl_flags =
      |    ^
<scratch>/codex/chainhash-m2-adjacent/smhasher3/hashes/mum_mir.cpp:402:4: warning: '$' in identifier [-Wdollar-in-identifier-extension]
  402 |    $.bits = 64,
      |    ^
<scratch>/codex/chainhash-m2-adjacent/smhasher3/hashes/mum_mir.cpp:403:4: warning: '$' in identifier [-Wdollar-in-identifier-extension]
  403 |    $.verification_LE = 0x5FC8FC51,
      |    ^
<scratch>/codex/chainhash-m2-adjacent/smhasher3/hashes/mum_mir.cpp:404:4: warning: '$' in identifier [-Wdollar-in-identifier-extension]
  404 |    $.verification_BE = 0x907AB469,
      |    ^
<scratch>/codex/chainhash-m2-adjacent/smhasher3/hashes/mum_mir.cpp:405:4: warning: '$' in identifier [-Wdollar-in-identifier-extension]
  405 |    $.hashfn_native   = mum_aligned<1, 3, false, false>,
      |    ^
<scratch>/codex/chainhash-m2-adjacent/smhasher3/hashes/mum_mir.cpp:406:4: warning: '$' in identifier [-Wdollar-in-identifier-extension]
  406 |    $.hashfn_bswap    = mum_aligned<1, 3, true, false>,
      |    ^
<scratch>/codex/chainhash-m2-adjacent/smhasher3/hashes/mum_mir.cpp:407:4: warning: '$' in identifier [-Wdollar-in-identifier-extension]
  407 |    $.badseeddesc     = "All seeds collide on keys of all 0x00 versus all 0xFF for some lengths (e.g. 32 bytes, 80 bytes)"
      |    ^
<scratch>/codex/chainhash-m2-adjacent/smhasher3/hashes/mum_mir.cpp:411:4: warning: '$' in identifier [-Wdollar-in-identifier-extension]
  411 |    $.desc       = "Mum-hash v1, unroll 2^4, inexact mult",
      |    ^
<scratch>/codex/chainhash-m2-adjacent/smhasher3/hashes/mum_mir.cpp:412:4: warning: '$' in identifier [-Wdollar-in-identifier-extension]
  412 |    $.hash_flags =
      |    ^
<scratch>/codex/chainhash-m2-adjacent/smhasher3/hashes/mum_mir.cpp:414:4: warning: '$' in identifier [-Wdollar-in-identifier-extension]
  414 |    $.impl_flags =
      |    ^
<scratch>/codex/chainhash-m2-adjacent/smhasher3/hashes/mum_mir.cpp:418:4: warning: '$' in identifier [-Wdollar-in-identifier-extension]
  418 |    $.bits = 64,
      |    ^
<scratch>/codex/chainhash-m2-adjacent/smhasher3/hashes/mum_mir.cpp:419:4: warning: '$' in identifier [-Wdollar-in-identifier-extension]
  419 |    $.verification_LE = 0x2EF256D3,
      |    ^
<scratch>/codex/chainhash-m2-adjacent/smhasher3/hashes/mum_mir.cpp:420:4: warning: '$' in identifier [-Wdollar-in-identifier-extension]
  420 |    $.verification_BE = 0xBF27AAE6,
      |    ^
<scratch>/codex/chainhash-m2-adjacent/smhasher3/hashes/mum_mir.cpp:421:4: warning: '$' in identifier [-Wdollar-in-identifier-extension]
  421 |    $.hashfn_native   = mum_aligned<1, 4, false, false>,
      |    ^
<scratch>/codex/chainhash-m2-adjacent/smhasher3/hashes/mum_mir.cpp:422:4: warning: '$' in identifier [-Wdollar-in-identifier-extension]
  422 |    $.hashfn_bswap    = mum_aligned<1, 4, true, false>,
      |    ^
<scratch>/codex/chainhash-m2-adjacent/smhasher3/hashes/mum_mir.cpp:423:4: warning: '$' in identifier [-Wdollar-in-identifier-extension]
  423 |    $.badseeddesc     = "All seeds collide on keys of all 0x00 versus all 0xFF for some lengths (e.g. 32 bytes, 80 bytes)"
      |    ^
<scratch>/codex/chainhash-m2-adjacent/smhasher3/hashes/mum_mir.cpp:549:4: warning: '$' in identifier [-Wdollar-in-identifier-extension]
  549 |    $.desc       = "Mum-hash v2, unroll 2^1, exact mult",
      |    ^
<scratch>/codex/chainhash-m2-adjacent/smhasher3/hashes/mum_mir.cpp:550:4: warning: '$' in identifier [-Wdollar-in-identifier-extension]
  550 |    $.hash_flags =
      |    ^
<scratch>/codex/chainhash-m2-adjacent/smhasher3/hashes/mum_mir.cpp:552:4: warning: '$' in identifier [-Wdollar-in-identifier-extension]
  552 |    $.impl_flags =
      |    ^
<scratch>/codex/chainhash-m2-adjacent/smhasher3/hashes/mum_mir.cpp:556:4: warning: '$' in identifier [-Wdollar-in-identifier-extension]
  556 |    $.bits = 64,
      |    ^
<scratch>/codex/chainhash-m2-adjacent/smhasher3/hashes/mum_mir.cpp:557:4: warning: '$' in identifier [-Wdollar-in-identifier-extension]
  557 |    $.verification_LE = 0x9B36F94C,
      |    ^
<scratch>/codex/chainhash-m2-adjacent/smhasher3/hashes/mum_mir.cpp:558:4: warning: '$' in identifier [-Wdollar-in-identifier-extension]
  558 |    $.verification_BE = 0x50F10B41,
      |    ^
<scratch>/codex/chainhash-m2-adjacent/smhasher3/hashes/mum_mir.cpp:559:4: warning: '$' in identifier [-Wdollar-in-identifier-extension]
  559 |    $.hashfn_native   = mum_aligned<2, 1, false, true>,
      |    ^
<scratch>/codex/chainhash-m2-adjacent/smhasher3/hashes/mum_mir.cpp:560:4: warning: '$' in identifier [-Wdollar-in-identifier-extension]
  560 |    $.hashfn_bswap    = mum_aligned<2, 1, true, true>,
      |    ^
<scratch>/codex/chainhash-m2-adjacent/smhasher3/hashes/mum_mir.cpp:561:4: warning: '$' in identifier [-Wdollar-in-identifier-extension]
  561 |    $.badseeddesc     = "All seeds collide on keys of all 0x00 versus all 0xFF for some lengths (e.g. 32 bytes, 80 bytes)"
      |    ^
<scratch>/codex/chainhash-m2-adjacent/smhasher3/hashes/mum_mir.cpp:565:4: warning: '$' in identifier [-Wdollar-in-identifier-extension]
  565 |    $.desc       = "Mum-hash v2, unroll 2^2, exact mult",
      |    ^
<scratch>/codex/chainhash-m2-adjacent/smhasher3/hashes/mum_mir.cpp:566:4: warning: '$' in identifier [-Wdollar-in-identifier-extension]
  566 |    $.hash_flags =
      |    ^
<scratch>/codex/chainhash-m2-adjacent/smhasher3/hashes/mum_mir.cpp:568:4: warning: '$' in identifier [-Wdollar-in-identifier-extension]
  568 |    $.impl_flags =
      |    ^
<scratch>/codex/chainhash-m2-adjacent/smhasher3/hashes/mum_mir.cpp:572:4: warning: '$' in identifier [-Wdollar-in-identifier-extension]
  572 |    $.bits = 64,
      |    ^
<scratch>/codex/chainhash-m2-adjacent/smhasher3/hashes/mum_mir.cpp:573:4: warning: '$' in identifier [-Wdollar-in-identifier-extension]
  573 |    $.verification_LE = 0x40427228,
      |    ^
<scratch>/codex/chainhash-m2-adjacent/smhasher3/hashes/mum_mir.cpp:574:4: warning: '$' in identifier [-Wdollar-in-identifier-extension]
  574 |    $.verification_BE = 0x43DB198B,
      |    ^
<scratch>/codex/chainhash-m2-adjacent/smhasher3/hashes/mum_mir.cpp:575:4: warning: '$' in identifier [-Wdollar-in-identifier-extension]
  575 |    $.hashfn_native   = mum_aligned<2, 2, false, true>,
      |    ^
<scratch>/codex/chainhash-m2-adjacent/smhasher3/hashes/mum_mir.cpp:576:4: warning: '$' in identifier [-Wdollar-in-identifier-extension]
  576 |    $.hashfn_bswap    = mum_aligned<2, 2, true, true>,
      |    ^
<scratch>/codex/chainhash-m2-adjacent/smhasher3/hashes/mum_mir.cpp:577:4: warning: '$' in identifier [-Wdollar-in-identifier-extension]
  577 |    $.badseeddesc     = "All seeds have byte pairs which produce collisions on some lengths (e.g. 0x08 vs. 0x7f on 32-byte keys)"
      |    ^
<scratch>/codex/chainhash-m2-adjacent/smhasher3/hashes/mum_mir.cpp:581:4: warning: '$' in identifier [-Wdollar-in-identifier-extension]
  581 |    $.desc       = "Mum-hash v2, unroll 2^3, exact mult",
      |    ^
<scratch>/codex/chainhash-m2-adjacent/smhasher3/hashes/mum_mir.cpp:582:4: warning: '$' in identifier [-Wdollar-in-identifier-extension]
  582 |    $.hash_flags =
      |    ^
<scratch>/codex/chainhash-m2-adjacent/smhasher3/hashes/mum_mir.cpp:584:4: warning: '$' in identifier [-Wdollar-in-identifier-extension]
  584 |    $.impl_flags =
      |    ^
<scratch>/codex/chainhash-m2-adjacent/smhasher3/hashes/mum_mir.cpp:588:4: warning: '$' in identifier [-Wdollar-in-identifier-extension]
  588 |    $.bits = 64,
      |    ^
<scratch>/codex/chainhash-m2-adjacent/smhasher3/hashes/mum_mir.cpp:589:4: warning: '$' in identifier [-Wdollar-in-identifier-extension]
  589 |    $.verification_LE = 0xB5D1CB5C,
      |    ^
<scratch>/codex/chainhash-m2-adjacent/smhasher3/hashes/mum_mir.cpp:590:4: warning: '$' in identifier [-Wdollar-in-identifier-extension]
  590 |    $.verification_BE = 0xA718EDE8,
      |    ^
<scratch>/codex/chainhash-m2-adjacent/smhasher3/hashes/mum_mir.cpp:591:4: warning: '$' in identifier [-Wdollar-in-identifier-extension]
  591 |    $.hashfn_native   = mum_aligned<2, 3, false, true>,
      |    ^
<scratch>/codex/chainhash-m2-adjacent/smhasher3/hashes/mum_mir.cpp:592:4: warning: '$' in identifier [-Wdollar-in-identifier-extension]
  592 |    $.hashfn_bswap    = mum_aligned<2, 3, true, true>,
      |    ^
<scratch>/codex/chainhash-m2-adjacent/smhasher3/hashes/mum_mir.cpp:593:4: warning: '$' in identifier [-Wdollar-in-identifier-extension]
  593 |    $.badseeddesc     = "All seeds have byte pairs which produce collisions on some lengths (e.g. 0x08 vs. 0x7f on 32-byte keys)"
      |    ^
<scratch>/codex/chainhash-m2-adjacent/smhasher3/hashes/mum_mir.cpp:597:4: warning: '$' in identifier [-Wdollar-in-identifier-extension]
  597 |    $.desc       = "Mum-hash v2, unroll 2^4, exact mult",
      |    ^
<scratch>/codex/chainhash-m2-adjacent/smhasher3/hashes/mum_mir.cpp:598:4: warning: '$' in identifier [-Wdollar-in-identifier-extension]
  598 |    $.hash_flags =
      |    ^
<scratch>/codex/chainhash-m2-adjacent/smhasher3/hashes/mum_mir.cpp:600:4: warning: '$' in identifier [-Wdollar-in-identifier-extension]
  600 |    $.impl_flags =
      |    ^
<scratch>/codex/chainhash-m2-adjacent/smhasher3/hashes/mum_mir.cpp:604:4: warning: '$' in identifier [-Wdollar-in-identifier-extension]
  604 |    $.bits = 64,
      |    ^
<scratch>/codex/chainhash-m2-adjacent/smhasher3/hashes/mum_mir.cpp:605:4: warning: '$' in identifier [-Wdollar-in-identifier-extension]
  605 |    $.verification_LE = 0x59AEDABF,
      |    ^
<scratch>/codex/chainhash-m2-adjacent/smhasher3/hashes/mum_mir.cpp:606:4: warning: '$' in identifier [-Wdollar-in-identifier-extension]
  606 |    $.verification_BE = 0x3B1A2832,
      |    ^
<scratch>/codex/chainhash-m2-adjacent/smhasher3/hashes/mum_mir.cpp:607:4: warning: '$' in identifier [-Wdollar-in-identifier-extension]
  607 |    $.hashfn_native   = mum_aligned<2, 4, false, true>,
      |    ^
<scratch>/codex/chainhash-m2-adjacent/smhasher3/hashes/mum_mir.cpp:608:4: warning: '$' in identifier [-Wdollar-in-identifier-extension]
  608 |    $.hashfn_bswap    = mum_aligned<2, 4, true, true>,
      |    ^
<scratch>/codex/chainhash-m2-adjacent/smhasher3/hashes/mum_mir.cpp:609:4: warning: '$' in identifier [-Wdollar-in-identifier-extension]
  609 |    $.badseeddesc     = "All seeds have byte pairs which produce collisions on some lengths (e.g. 0x08 vs. 0x7f on 32-byte keys)"
      |    ^
<scratch>/codex/chainhash-m2-adjacent/smhasher3/hashes/mum_mir.cpp:613:4: warning: '$' in identifier [-Wdollar-in-identifier-extension]
  613 |    $.desc       = "Mum-hash v2, unroll 2^1, inexact mult",
      |    ^
<scratch>/codex/chainhash-m2-adjacent/smhasher3/hashes/mum_mir.cpp:614:4: warning: '$' in identifier [-Wdollar-in-identifier-extension]
  614 |    $.hash_flags =
      |    ^
<scratch>/codex/chainhash-m2-adjacent/smhasher3/hashes/mum_mir.cpp:616:4: warning: '$' in identifier [-Wdollar-in-identifier-extension]
  616 |    $.impl_flags =
      |    ^
<scratch>/codex/chainhash-m2-adjacent/smhasher3/hashes/mum_mir.cpp:620:4: warning: '$' in identifier [-Wdollar-in-identifier-extension]
  620 |    $.bits = 64,
      |    ^
<scratch>/codex/chainhash-m2-adjacent/smhasher3/hashes/mum_mir.cpp:621:4: warning: '$' in identifier [-Wdollar-in-identifier-extension]
  621 |    $.verification_LE = 0x1CC6D1E3,
      |    ^
<scratch>/codex/chainhash-m2-adjacent/smhasher3/hashes/mum_mir.cpp:622:4: warning: '$' in identifier [-Wdollar-in-identifier-extension]
  622 |    $.verification_BE = 0x297D8E45,
      |    ^
<scratch>/codex/chainhash-m2-adjacent/smhasher3/hashes/mum_mir.cpp:623:4: warning: '$' in identifier [-Wdollar-in-identifier-extension]
  623 |    $.hashfn_native   = mum_aligned<2, 1, false, false>,
      |    ^
<scratch>/codex/chainhash-m2-adjacent/smhasher3/hashes/mum_mir.cpp:624:4: warning: '$' in identifier [-Wdollar-in-identifier-extension]
  624 |    $.hashfn_bswap    = mum_aligned<2, 1, true, false>,
      |    ^
<scratch>/codex/chainhash-m2-adjacent/smhasher3/hashes/mum_mir.cpp:625:4: warning: '$' in identifier [-Wdollar-in-identifier-extension]
  625 |    $.badseeddesc     = "All seeds collide on keys of all 0x00 versus all 0xFF for some lengths (e.g. 32 bytes, 80 bytes)"
      |    ^
<scratch>/codex/chainhash-m2-adjacent/smhasher3/hashes/mum_mir.cpp:629:4: warning: '$' in identifier [-Wdollar-in-identifier-extension]
  629 |    $.desc       = "Mum-hash v2, unroll 2^2, inexact mult",
      |    ^
<scratch>/codex/chainhash-m2-adjacent/smhasher3/hashes/mum_mir.cpp:630:4: warning: '$' in identifier [-Wdollar-in-identifier-extension]
  630 |    $.hash_flags =
      |    ^
<scratch>/codex/chainhash-m2-adjacent/smhasher3/hashes/mum_mir.cpp:632:4: warning: '$' in identifier [-Wdollar-in-identifier-extension]
  632 |    $.impl_flags =
      |    ^
<scratch>/codex/chainhash-m2-adjacent/smhasher3/hashes/mum_mir.cpp:636:4: warning: '$' in identifier [-Wdollar-in-identifier-extension]
  636 |    $.bits = 64,
      |    ^
<scratch>/codex/chainhash-m2-adjacent/smhasher3/hashes/mum_mir.cpp:637:4: warning: '$' in identifier [-Wdollar-in-identifier-extension]
  637 |    $.verification_LE = 0x62325A27,
      |    ^
<scratch>/codex/chainhash-m2-adjacent/smhasher3/hashes/mum_mir.cpp:638:4: warning: '$' in identifier [-Wdollar-in-identifier-extension]
  638 |    $.verification_BE = 0x5324AEEA,
      |    ^
<scratch>/codex/chainhash-m2-adjacent/smhasher3/hashes/mum_mir.cpp:639:4: warning: '$' in identifier [-Wdollar-in-identifier-extension]
  639 |    $.hashfn_native   = mum_aligned<2, 2, false, false>,
      |    ^
<scratch>/codex/chainhash-m2-adjacent/smhasher3/hashes/mum_mir.cpp:640:4: warning: '$' in identifier [-Wdollar-in-identifier-extension]
  640 |    $.hashfn_bswap    = mum_aligned<2, 2, true, false>,
      |    ^
<scratch>/codex/chainhash-m2-adjacent/smhasher3/hashes/mum_mir.cpp:641:4: warning: '$' in identifier [-Wdollar-in-identifier-extension]
  641 |    $.badseeddesc     = "All seeds collide on keys of all 0x00 versus all 0xFF for some lengths (e.g. 32 bytes, 80 bytes)"
      |    ^
<scratch>/codex/chainhash-m2-adjacent/smhasher3/hashes/mum_mir.cpp:645:4: warning: '$' in identifier [-Wdollar-in-identifier-extension]
  645 |    $.desc       = "Mum-hash v2, unroll 2^3, inexact mult",
      |    ^
<scratch>/codex/chainhash-m2-adjacent/smhasher3/hashes/mum_mir.cpp:646:4: warning: '$' in identifier [-Wdollar-in-identifier-extension]
  646 |    $.hash_flags =
      |    ^
<scratch>/codex/chainhash-m2-adjacent/smhasher3/hashes/mum_mir.cpp:648:4: warning: '$' in identifier [-Wdollar-in-identifier-extension]
  648 |    $.impl_flags =
      |    ^
<scratch>/codex/chainhash-m2-adjacent/smhasher3/hashes/mum_mir.cpp:652:4: warning: '$' in identifier [-Wdollar-in-identifier-extension]
  652 |    $.bits = 64,
      |    ^
<scratch>/codex/chainhash-m2-adjacent/smhasher3/hashes/mum_mir.cpp:653:4: warning: '$' in identifier [-Wdollar-in-identifier-extension]
  653 |    $.verification_LE = 0xF4DD9947,
      |    ^
<scratch>/codex/chainhash-m2-adjacent/smhasher3/hashes/mum_mir.cpp:654:4: warning: '$' in identifier [-Wdollar-in-identifier-extension]
  654 |    $.verification_BE = 0x98C9448F,
      |    ^
<scratch>/codex/chainhash-m2-adjacent/smhasher3/hashes/mum_mir.cpp:655:4: warning: '$' in identifier [-Wdollar-in-identifier-extension]
  655 |    $.hashfn_native   = mum_aligned<2, 3, false, false>,
      |    ^
<scratch>/codex/chainhash-m2-adjacent/smhasher3/hashes/mum_mir.cpp:656:4: warning: '$' in identifier [-Wdollar-in-identifier-extension]
  656 |    $.hashfn_bswap    = mum_aligned<2, 3, true, false>,
      |    ^
<scratch>/codex/chainhash-m2-adjacent/smhasher3/hashes/mum_mir.cpp:657:4: warning: '$' in identifier [-Wdollar-in-identifier-extension]
  657 |    $.badseeddesc     = "All seeds collide on keys of all 0x00 versus all 0xFF for some lengths (e.g. 32 bytes, 80 bytes)"
      |    ^
<scratch>/codex/chainhash-m2-adjacent/smhasher3/hashes/mum_mir.cpp:661:4: warning: '$' in identifier [-Wdollar-in-identifier-extension]
  661 |    $.desc       = "Mum-hash v2, unroll 2^4, inexact mult",
      |    ^
<scratch>/codex/chainhash-m2-adjacent/smhasher3/hashes/mum_mir.cpp:662:4: warning: '$' in identifier [-Wdollar-in-identifier-extension]
  662 |    $.hash_flags =
      |    ^
<scratch>/codex/chainhash-m2-adjacent/smhasher3/hashes/mum_mir.cpp:664:4: warning: '$' in identifier [-Wdollar-in-identifier-extension]
  664 |    $.impl_flags =
      |    ^
<scratch>/codex/chainhash-m2-adjacent/smhasher3/hashes/mum_mir.cpp:668:4: warning: '$' in identifier [-Wdollar-in-identifier-extension]
  668 |    $.bits = 64,
      |    ^
<scratch>/codex/chainhash-m2-adjacent/smhasher3/hashes/mum_mir.cpp:669:4: warning: '$' in identifier [-Wdollar-in-identifier-extension]
  669 |    $.verification_LE = 0x62C46C55,
      |    ^
<scratch>/codex/chainhash-m2-adjacent/smhasher3/hashes/mum_mir.cpp:670:4: warning: '$' in identifier [-Wdollar-in-identifier-extension]
  670 |    $.verification_BE = 0x0E9DDA53,
      |    ^
<scratch>/codex/chainhash-m2-adjacent/smhasher3/hashes/mum_mir.cpp:671:4: warning: '$' in identifier [-Wdollar-in-identifier-extension]
  671 |    $.hashfn_native   = mum_aligned<2, 4, false, false>,
      |    ^
<scratch>/codex/chainhash-m2-adjacent/smhasher3/hashes/mum_mir.cpp:672:4: warning: '$' in identifier [-Wdollar-in-identifier-extension]
  672 |    $.hashfn_bswap    = mum_aligned<2, 4, true, false>,
      |    ^
<scratch>/codex/chainhash-m2-adjacent/smhasher3/hashes/mum_mir.cpp:673:4: warning: '$' in identifier [-Wdollar-in-identifier-extension]
  673 |    $.badseeddesc     = "All seeds collide on keys of all 0x00 versus all 0xFF for some lengths (e.g. 32 bytes, 80 bytes)"
      |    ^
<scratch>/codex/chainhash-m2-adjacent/smhasher3/hashes/mum_mir.cpp:799:4: warning: '$' in identifier [-Wdollar-in-identifier-extension]
  799 |    $.desc       = "Mum-hash v3, unroll 2^1, exact mult",
      |    ^
<scratch>/codex/chainhash-m2-adjacent/smhasher3/hashes/mum_mir.cpp:800:4: warning: '$' in identifier [-Wdollar-in-identifier-extension]
  800 |    $.hash_flags =
      |    ^
<scratch>/codex/chainhash-m2-adjacent/smhasher3/hashes/mum_mir.cpp:802:4: warning: '$' in identifier [-Wdollar-in-identifier-extension]
  802 |    $.impl_flags =
      |    ^
<scratch>/codex/chainhash-m2-adjacent/smhasher3/hashes/mum_mir.cpp:806:4: warning: '$' in identifier [-Wdollar-in-identifier-extension]
  806 |    $.bits = 64,
      |    ^
<scratch>/codex/chainhash-m2-adjacent/smhasher3/hashes/mum_mir.cpp:807:4: warning: '$' in identifier [-Wdollar-in-identifier-extension]
  807 |    $.verification_LE = 0x3D14C6E2,
      |    ^
<scratch>/codex/chainhash-m2-adjacent/smhasher3/hashes/mum_mir.cpp:808:4: warning: '$' in identifier [-Wdollar-in-identifier-extension]
  808 |    $.verification_BE = 0x360A792D,
      |    ^
<scratch>/codex/chainhash-m2-adjacent/smhasher3/hashes/mum_mir.cpp:809:4: warning: '$' in identifier [-Wdollar-in-identifier-extension]
  809 |    $.hashfn_native   = mum_aligned<3, 1, false, true>,
      |    ^
<scratch>/codex/chainhash-m2-adjacent/smhasher3/hashes/mum_mir.cpp:810:4: warning: '$' in identifier [-Wdollar-in-identifier-extension]
  810 |    $.hashfn_bswap    = mum_aligned<3, 1, true, true>,
      |    ^
<scratch>/codex/chainhash-m2-adjacent/smhasher3/hashes/mum_mir.cpp:811:4: warning: '$' in identifier [-Wdollar-in-identifier-extension]
  811 |    $.badseeddesc     = "All seeds collide on keys of all 0x00 versus all 0xFF for some lengths (e.g. 32 bytes, 80 bytes)"
      |    ^
<scratch>/codex/chainhash-m2-adjacent/smhasher3/hashes/mum_mir.cpp:815:4: warning: '$' in identifier [-Wdollar-in-identifier-extension]
  815 |    $.desc       = "Mum-hash v3, unroll 2^2, exact mult",
      |    ^
<scratch>/codex/chainhash-m2-adjacent/smhasher3/hashes/mum_mir.cpp:816:4: warning: '$' in identifier [-Wdollar-in-identifier-extension]
  816 |    $.hash_flags =
      |    ^
<scratch>/codex/chainhash-m2-adjacent/smhasher3/hashes/mum_mir.cpp:818:4: warning: '$' in identifier [-Wdollar-in-identifier-extension]
  818 |    $.impl_flags =
      |    ^
<scratch>/codex/chainhash-m2-adjacent/smhasher3/hashes/mum_mir.cpp:822:4: warning: '$' in identifier [-Wdollar-in-identifier-extension]
  822 |    $.bits = 64,
      |    ^
<scratch>/codex/chainhash-m2-adjacent/smhasher3/hashes/mum_mir.cpp:823:4: warning: '$' in identifier [-Wdollar-in-identifier-extension]
  823 |    $.verification_LE = 0x3A556EB2,
      |    ^
<scratch>/codex/chainhash-m2-adjacent/smhasher3/hashes/mum_mir.cpp:824:4: warning: '$' in identifier [-Wdollar-in-identifier-extension]
  824 |    $.verification_BE = 0x752891D0,
      |    ^
<scratch>/codex/chainhash-m2-adjacent/smhasher3/hashes/mum_mir.cpp:825:4: warning: '$' in identifier [-Wdollar-in-identifier-extension]
  825 |    $.hashfn_native   = mum_aligned<3, 2, false, true>,
      |    ^
<scratch>/codex/chainhash-m2-adjacent/smhasher3/hashes/mum_mir.cpp:826:4: warning: '$' in identifier [-Wdollar-in-identifier-extension]
  826 |    $.hashfn_bswap    = mum_aligned<3, 2, true, true>,
      |    ^
<scratch>/codex/chainhash-m2-adjacent/smhasher3/hashes/mum_mir.cpp:827:4: warning: '$' in identifier [-Wdollar-in-identifier-extension]
  827 |    $.badseeddesc     = "All seeds collide on keys of all 0x00 versus all 0xFF for some lengths (e.g. 32 bytes)"
      |    ^
<scratch>/codex/chainhash-m2-adjacent/smhasher3/hashes/mum_mir.cpp:831:4: warning: '$' in identifier [-Wdollar-in-identifier-extension]
  831 |    $.desc       = "Mum-hash v3, unroll 2^3, exact mult",
      |    ^
<scratch>/codex/chainhash-m2-adjacent/smhasher3/hashes/mum_mir.cpp:832:4: warning: '$' in identifier [-Wdollar-in-identifier-extension]
  832 |    $.hash_flags =
      |    ^
<scratch>/codex/chainhash-m2-adjacent/smhasher3/hashes/mum_mir.cpp:834:4: warning: '$' in identifier [-Wdollar-in-identifier-extension]
  834 |    $.impl_flags =
      |    ^
<scratch>/codex/chainhash-m2-adjacent/smhasher3/hashes/mum_mir.cpp:838:4: warning: '$' in identifier [-Wdollar-in-identifier-extension]
  838 |    $.bits = 64,
      |    ^
<scratch>/codex/chainhash-m2-adjacent/smhasher3/hashes/mum_mir.cpp:839:4: warning: '$' in identifier [-Wdollar-in-identifier-extension]
  839 |    $.verification_LE = 0x8BD72B8C,
      |    ^
<scratch>/codex/chainhash-m2-adjacent/smhasher3/hashes/mum_mir.cpp:840:4: warning: '$' in identifier [-Wdollar-in-identifier-extension]
  840 |    $.verification_BE = 0xDD8DD247,
      |    ^
<scratch>/codex/chainhash-m2-adjacent/smhasher3/hashes/mum_mir.cpp:841:4: warning: '$' in identifier [-Wdollar-in-identifier-extension]
  841 |    $.hashfn_native   = mum_aligned<3, 3, false, true>,
      |    ^
<scratch>/codex/chainhash-m2-adjacent/smhasher3/hashes/mum_mir.cpp:842:4: warning: '$' in identifier [-Wdollar-in-identifier-extension]
  842 |    $.hashfn_bswap    = mum_aligned<3, 3, true, true>,
      |    ^
<scratch>/codex/chainhash-m2-adjacent/smhasher3/hashes/mum_mir.cpp:843:4: warning: '$' in identifier [-Wdollar-in-identifier-extension]
  843 |    $.badseeddesc     = "All seeds collide on keys of all 0x00 versus all 0xFF for some lengths (e.g. 32 bytes)"
      |    ^
<scratch>/codex/chainhash-m2-adjacent/smhasher3/hashes/mum_mir.cpp:847:4: warning: '$' in identifier [-Wdollar-in-identifier-extension]
  847 |    $.desc       = "Mum-hash v3, unroll 2^4, exact mult",
      |    ^
<scratch>/codex/chainhash-m2-adjacent/smhasher3/hashes/mum_mir.cpp:848:4: warning: '$' in identifier [-Wdollar-in-identifier-extension]
  848 |    $.hash_flags =
      |    ^
<scratch>/codex/chainhash-m2-adjacent/smhasher3/hashes/mum_mir.cpp:850:4: warning: '$' in identifier [-Wdollar-in-identifier-extension]
  850 |    $.impl_flags =
      |    ^
<scratch>/codex/chainhash-m2-adjacent/smhasher3/hashes/mum_mir.cpp:854:4: warning: '$' in identifier [-Wdollar-in-identifier-extension]
  854 |    $.bits = 64,
      |    ^
<scratch>/codex/chainhash-m2-adjacent/smhasher3/hashes/mum_mir.cpp:855:4: warning: '$' in identifier [-Wdollar-in-identifier-extension]
  855 |    $.verification_LE = 0x0AD998DF,
      |    ^
<scratch>/codex/chainhash-m2-adjacent/smhasher3/hashes/mum_mir.cpp:856:4: warning: '$' in identifier [-Wdollar-in-identifier-extension]
  856 |    $.verification_BE = 0x05832709,
      |    ^
<scratch>/codex/chainhash-m2-adjacent/smhasher3/hashes/mum_mir.cpp:857:4: warning: '$' in identifier [-Wdollar-in-identifier-extension]
  857 |    $.hashfn_native   = mum_aligned<3, 4, false, true>,
      |    ^
<scratch>/codex/chainhash-m2-adjacent/smhasher3/hashes/mum_mir.cpp:858:4: warning: '$' in identifier [-Wdollar-in-identifier-extension]
  858 |    $.hashfn_bswap    = mum_aligned<3, 4, true, true>,
      |    ^
<scratch>/codex/chainhash-m2-adjacent/smhasher3/hashes/mum_mir.cpp:859:4: warning: '$' in identifier [-Wdollar-in-identifier-extension]
  859 |    $.badseeddesc     = "All seeds collide on keys of all 0x00 versus all 0xFF for some lengths (e.g. 32 bytes, 80 bytes)"
      |    ^
<scratch>/codex/chainhash-m2-adjacent/smhasher3/hashes/mum_mir.cpp:863:4: warning: '$' in identifier [-Wdollar-in-identifier-extension]
  863 |    $.desc       = "Mum-hash v3, unroll 2^1, inexact mult",
      |    ^
<scratch>/codex/chainhash-m2-adjacent/smhasher3/hashes/mum_mir.cpp:864:4: warning: '$' in identifier [-Wdollar-in-identifier-extension]
  864 |    $.hash_flags =
      |    ^
<scratch>/codex/chainhash-m2-adjacent/smhasher3/hashes/mum_mir.cpp:866:4: warning: '$' in identifier [-Wdollar-in-identifier-extension]
  866 |    $.impl_flags =
      |    ^
<scratch>/codex/chainhash-m2-adjacent/smhasher3/hashes/mum_mir.cpp:870:4: warning: '$' in identifier [-Wdollar-in-identifier-extension]
  870 |    $.bits = 64,
      |    ^
<scratch>/codex/chainhash-m2-adjacent/smhasher3/hashes/mum_mir.cpp:871:4: warning: '$' in identifier [-Wdollar-in-identifier-extension]
  871 |    $.verification_LE = 0x475D666B,
      |    ^
<scratch>/codex/chainhash-m2-adjacent/smhasher3/hashes/mum_mir.cpp:872:4: warning: '$' in identifier [-Wdollar-in-identifier-extension]
  872 |    $.verification_BE = 0xE75B31F7,
      |    ^
<scratch>/codex/chainhash-m2-adjacent/smhasher3/hashes/mum_mir.cpp:873:4: warning: '$' in identifier [-Wdollar-in-identifier-extension]
  873 |    $.hashfn_native   = mum_aligned<3, 1, false, false>,
      |    ^
<scratch>/codex/chainhash-m2-adjacent/smhasher3/hashes/mum_mir.cpp:874:4: warning: '$' in identifier [-Wdollar-in-identifier-extension]
  874 |    $.hashfn_bswap    = mum_aligned<3, 1, true, false>,
      |    ^
<scratch>/codex/chainhash-m2-adjacent/smhasher3/hashes/mum_mir.cpp:875:4: warning: '$' in identifier [-Wdollar-in-identifier-extension]
  875 |    $.badseeddesc     = "All seeds give zero hashes on keys of all zero bytes if len+seed==0"
      |    ^
<scratch>/codex/chainhash-m2-adjacent/smhasher3/hashes/mum_mir.cpp:879:4: warning: '$' in identifier [-Wdollar-in-identifier-extension]
  879 |    $.desc       = "Mum-hash v3, unroll 2^2, inexact mult",
      |    ^
<scratch>/codex/chainhash-m2-adjacent/smhasher3/hashes/mum_mir.cpp:880:4: warning: '$' in identifier [-Wdollar-in-identifier-extension]
  880 |    $.hash_flags =
      |    ^
<scratch>/codex/chainhash-m2-adjacent/smhasher3/hashes/mum_mir.cpp:882:4: warning: '$' in identifier [-Wdollar-in-identifier-extension]
  882 |    $.impl_flags =
      |    ^
<scratch>/codex/chainhash-m2-adjacent/smhasher3/hashes/mum_mir.cpp:886:4: warning: '$' in identifier [-Wdollar-in-identifier-extension]
  886 |    $.bits = 64,
      |    ^
<scratch>/codex/chainhash-m2-adjacent/smhasher3/hashes/mum_mir.cpp:887:4: warning: '$' in identifier [-Wdollar-in-identifier-extension]
  887 |    $.verification_LE = 0xF6E13B23,
      |    ^
<scratch>/codex/chainhash-m2-adjacent/smhasher3/hashes/mum_mir.cpp:888:4: warning: '$' in identifier [-Wdollar-in-identifier-extension]
  888 |    $.verification_BE = 0x7B00F4F6,
      |    ^
<scratch>/codex/chainhash-m2-adjacent/smhasher3/hashes/mum_mir.cpp:889:4: warning: '$' in identifier [-Wdollar-in-identifier-extension]
  889 |    $.hashfn_native   = mum_aligned<3, 2, false, false>,
      |    ^
<scratch>/codex/chainhash-m2-adjacent/smhasher3/hashes/mum_mir.cpp:890:4: warning: '$' in identifier [-Wdollar-in-identifier-extension]
  890 |    $.hashfn_bswap    = mum_aligned<3, 2, true, false>,
      |    ^
<scratch>/codex/chainhash-m2-adjacent/smhasher3/hashes/mum_mir.cpp:891:4: warning: '$' in identifier [-Wdollar-in-identifier-extension]
  891 |    $.badseeddesc     = "All seeds collide on keys of all 0x00 versus all 0xFF for some lengths (e.g. 32 bytes)"
      |    ^
<scratch>/codex/chainhash-m2-adjacent/smhasher3/hashes/mum_mir.cpp:895:4: warning: '$' in identifier [-Wdollar-in-identifier-extension]
  895 |    $.desc       = "Mum-hash v3, unroll 2^3, inexact mult",
      |    ^
<scratch>/codex/chainhash-m2-adjacent/smhasher3/hashes/mum_mir.cpp:896:4: warning: '$' in identifier [-Wdollar-in-identifier-extension]
  896 |    $.hash_flags =
      |    ^
<scratch>/codex/chainhash-m2-adjacent/smhasher3/hashes/mum_mir.cpp:898:4: warning: '$' in identifier [-Wdollar-in-identifier-extension]
  898 |    $.impl_flags =
      |    ^
<scratch>/codex/chainhash-m2-adjacent/smhasher3/hashes/mum_mir.cpp:902:4: warning: '$' in identifier [-Wdollar-in-identifier-extension]
  902 |    $.bits = 64,
      |    ^
<scratch>/codex/chainhash-m2-adjacent/smhasher3/hashes/mum_mir.cpp:903:4: warning: '$' in identifier [-Wdollar-in-identifier-extension]
  903 |    $.verification_LE = 0xB5560703,
      |    ^
<scratch>/codex/chainhash-m2-adjacent/smhasher3/hashes/mum_mir.cpp:904:4: warning: '$' in identifier [-Wdollar-in-identifier-extension]
  904 |    $.verification_BE = 0x1220D737,
      |    ^
<scratch>/codex/chainhash-m2-adjacent/smhasher3/hashes/mum_mir.cpp:905:4: warning: '$' in identifier [-Wdollar-in-identifier-extension]
  905 |    $.hashfn_native   = mum_aligned<3, 3, false, false>,
      |    ^
<scratch>/codex/chainhash-m2-adjacent/smhasher3/hashes/mum_mir.cpp:906:4: warning: '$' in identifier [-Wdollar-in-identifier-extension]
  906 |    $.hashfn_bswap    = mum_aligned<3, 3, true, false>,
      |    ^
<scratch>/codex/chainhash-m2-adjacent/smhasher3/hashes/mum_mir.cpp:907:4: warning: '$' in identifier [-Wdollar-in-identifier-extension]
  907 |    $.badseeddesc     = "All seeds collide on keys of all 0x00 versus all 0xFF for some lengths (e.g. 32 bytes)"
      |    ^
<scratch>/codex/chainhash-m2-adjacent/smhasher3/hashes/mum_mir.cpp:911:4: warning: '$' in identifier [-Wdollar-in-identifier-extension]
  911 |    $.desc       = "Mum-hash v3, unroll 2^4, inexact mult",
      |    ^
<scratch>/codex/chainhash-m2-adjacent/smhasher3/hashes/mum_mir.cpp:912:4: warning: '$' in identifier [-Wdollar-in-identifier-extension]
  912 |    $.hash_flags =
      |    ^
<scratch>/codex/chainhash-m2-adjacent/smhasher3/hashes/mum_mir.cpp:914:4: warning: '$' in identifier [-Wdollar-in-identifier-extension]
  914 |    $.impl_flags =
      |    ^
<scratch>/codex/chainhash-m2-adjacent/smhasher3/hashes/mum_mir.cpp:918:4: warning: '$' in identifier [-Wdollar-in-identifier-extension]
  918 |    $.bits = 64,
      |    ^
<scratch>/codex/chainhash-m2-adjacent/smhasher3/hashes/mum_mir.cpp:919:4: warning: '$' in identifier [-Wdollar-in-identifier-extension]
  919 |    $.verification_LE = 0xE96A20C0,
      |    ^
<scratch>/codex/chainhash-m2-adjacent/smhasher3/hashes/mum_mir.cpp:920:4: warning: '$' in identifier [-Wdollar-in-identifier-extension]
  920 |    $.verification_BE = 0xE784308C,
      |    ^
<scratch>/codex/chainhash-m2-adjacent/smhasher3/hashes/mum_mir.cpp:921:4: warning: '$' in identifier [-Wdollar-in-identifier-extension]
  921 |    $.hashfn_native   = mum_aligned<3, 4, false, false>,
      |    ^
<scratch>/codex/chainhash-m2-adjacent/smhasher3/hashes/mum_mir.cpp:922:4: warning: '$' in identifier [-Wdollar-in-identifier-extension]
  922 |    $.hashfn_bswap    = mum_aligned<3, 4, true, false>,
      |    ^
<scratch>/codex/chainhash-m2-adjacent/smhasher3/hashes/mum_mir.cpp:923:4: warning: '$' in identifier [-Wdollar-in-identifier-extension]
  923 |    $.badseeddesc     = "All seeds collide on keys of all 0x00 versus all 0xFF for some lengths (e.g. 32 bytes, 80 bytes)"
      |    ^
<scratch>/codex/chainhash-m2-adjacent/smhasher3/hashes/mum_mir.cpp:1049:4: warning: '$' in identifier [-Wdollar-in-identifier-extension]
 1049 |    $.desc       = "MIR-hash, exact 128-bit mult",
      |    ^
<scratch>/codex/chainhash-m2-adjacent/smhasher3/hashes/mum_mir.cpp:1050:4: warning: '$' in identifier [-Wdollar-in-identifier-extension]
 1050 |    $.hash_flags =
      |    ^
<scratch>/codex/chainhash-m2-adjacent/smhasher3/hashes/mum_mir.cpp:1052:4: warning: '$' in identifier [-Wdollar-in-identifier-extension]
 1052 |    $.impl_flags =
      |    ^
<scratch>/codex/chainhash-m2-adjacent/smhasher3/hashes/mum_mir.cpp:1055:4: warning: '$' in identifier [-Wdollar-in-identifier-extension]
 1055 |    $.bits = 64,
      |    ^
<scratch>/codex/chainhash-m2-adjacent/smhasher3/hashes/mum_mir.cpp:1056:4: warning: '$' in identifier [-Wdollar-in-identifier-extension]
 1056 |    $.verification_LE = 0x00A393C8,
      |    ^
<scratch>/codex/chainhash-m2-adjacent/smhasher3/hashes/mum_mir.cpp:1057:4: warning: '$' in identifier [-Wdollar-in-identifier-extension]
 1057 |    $.verification_BE = 0x39F99A44,
      |    ^
<scratch>/codex/chainhash-m2-adjacent/smhasher3/hashes/mum_mir.cpp:1058:4: warning: '$' in identifier [-Wdollar-in-identifier-extension]
 1058 |    $.hashfn_native   = mir_hash<false, true>,
      |    ^
<scratch>/codex/chainhash-m2-adjacent/smhasher3/hashes/mum_mir.cpp:1059:4: warning: '$' in identifier [-Wdollar-in-identifier-extension]
 1059 |    $.hashfn_bswap    = mir_hash<true, true>,
      |    ^
<scratch>/codex/chainhash-m2-adjacent/smhasher3/hashes/mum_mir.cpp:1060:4: warning: '$' in identifier [-Wdollar-in-identifier-extension]
 1060 |    $.badseeddesc     = "All seeds produce many collisions on certain key lengths (e.g. 32 bytes, 80 bytes)"
      |    ^
<scratch>/codex/chainhash-m2-adjacent/smhasher3/hashes/mum_mir.cpp:1064:4: warning: '$' in identifier [-Wdollar-in-identifier-extension]
 1064 |    $.desc       = "MIR-hash, inexact 128-bit mult",
      |    ^
<scratch>/codex/chainhash-m2-adjacent/smhasher3/hashes/mum_mir.cpp:1065:4: warning: '$' in identifier [-Wdollar-in-identifier-extension]
 1065 |    $.hash_flags =
      |    ^
<scratch>/codex/chainhash-m2-adjacent/smhasher3/hashes/mum_mir.cpp:1067:4: warning: '$' in identifier [-Wdollar-in-identifier-extension]
 1067 |    $.impl_flags =
      |    ^
<scratch>/codex/chainhash-m2-adjacent/smhasher3/hashes/mum_mir.cpp:1070:4: warning: '$' in identifier [-Wdollar-in-identifier-extension]
 1070 |    $.bits = 64,
      |    ^
<scratch>/codex/chainhash-m2-adjacent/smhasher3/hashes/mum_mir.cpp:1071:4: warning: '$' in identifier [-Wdollar-in-identifier-extension]
 1071 |    $.verification_LE = 0x422A66FC,
      |    ^
<scratch>/codex/chainhash-m2-adjacent/smhasher3/hashes/mum_mir.cpp:1072:4: warning: '$' in identifier [-Wdollar-in-identifier-extension]
 1072 |    $.verification_BE = 0xA9A6A383,
      |    ^
<scratch>/codex/chainhash-m2-adjacent/smhasher3/hashes/mum_mir.cpp:1073:4: warning: '$' in identifier [-Wdollar-in-identifier-extension]
 1073 |    $.hashfn_native   = mir_hash<false, false>,
      |    ^
<scratch>/codex/chainhash-m2-adjacent/smhasher3/hashes/mum_mir.cpp:1074:4: warning: '$' in identifier [-Wdollar-in-identifier-extension]
 1074 |    $.hashfn_bswap    = mir_hash<true, false>,
      |    ^
<scratch>/codex/chainhash-m2-adjacent/smhasher3/hashes/mum_mir.cpp:1075:4: warning: '$' in identifier [-Wdollar-in-identifier-extension]
 1075 |    $.seedfixfn       = excludeBadseeds,
      |    ^
<scratch>/codex/chainhash-m2-adjacent/smhasher3/hashes/mum_mir.cpp:1076:4: warning: '$' in identifier [-Wdollar-in-identifier-extension]
 1076 |    $.badseeddesc     = "All seeds give zero hashes on keys of all zero bytes if len+seed==0"
      |    ^
In file included from <scratch>/codex/chainhash-m2-adjacent/smhasher3/hashes/halftimehash.cpp:28:
<scratch>/codex/chainhash-m2-adjacent/smhasher3/include/hashlib/Hashlib.h:44:20: warning: '$' in identifier [-Wdollar-in-identifier-extension]
   44 |     HashFamilyInfo $(#N);                          \
      |                    ^
<scratch>/codex/chainhash-m2-adjacent/smhasher3/include/hashlib/Hashlib.h:46:12: warning: '$' in identifier [-Wdollar-in-identifier-extension]
   46 |     return $;                                      \
      |            ^
<scratch>/codex/chainhash-m2-adjacent/smhasher3/include/hashlib/Hashlib.h:54:14: warning: '$' in identifier [-Wdollar-in-identifier-extension]
   54 |     HashInfo $(#N, THIS_HASH_FAMILY.name);       \
      |              ^
<scratch>/codex/chainhash-m2-adjacent/smhasher3/include/hashlib/Hashlib.h:56:20: warning: '$' in identifier [-Wdollar-in-identifier-extension]
   56 |     register_hash(&$);                           \
      |                    ^
<scratch>/codex/chainhash-m2-adjacent/smhasher3/include/hashlib/Hashlib.h:57:12: warning: '$' in identifier [-Wdollar-in-identifier-extension]
   57 |     return $;                                    \
      |            ^
<scratch>/codex/chainhash-m2-adjacent/smhasher3/hashes/halftimehash.cpp:1403:4: warning: '$' in identifier [-Wdollar-in-identifier-extension]
 1403 |    $.src_url    = "https://github.com/jbapple/HalftimeHash",
      |    ^
<scratch>/codex/chainhash-m2-adjacent/smhasher3/hashes/halftimehash.cpp:1404:4: warning: '$' in identifier [-Wdollar-in-identifier-extension]
 1404 |    $.src_status = HashFamilyInfo::SRC_STABLEISH
      |    ^
<scratch>/codex/chainhash-m2-adjacent/smhasher3/hashes/halftimehash.cpp:1408:4: warning: '$' in identifier [-Wdollar-in-identifier-extension]
 1408 |    $.desc       = "Halftime Hash (64-bit blocks)",
      |    ^
<scratch>/codex/chainhash-m2-adjacent/smhasher3/hashes/halftimehash.cpp:1409:4: warning: '$' in identifier [-Wdollar-in-identifier-extension]
 1409 |    $.impl       = HALFTIME_IMPL_STR,
      |    ^
<scratch>/codex/chainhash-m2-adjacent/smhasher3/hashes/halftimehash.cpp:1410:4: warning: '$' in identifier [-Wdollar-in-identifier-extension]
 1410 |    $.sort_order = 10,
      |    ^
<scratch>/codex/chainhash-m2-adjacent/smhasher3/hashes/halftimehash.cpp:1411:4: warning: '$' in identifier [-Wdollar-in-identifier-extension]
 1411 |    $.hash_flags =
      |    ^
<scratch>/codex/chainhash-m2-adjacent/smhasher3/hashes/halftimehash.cpp:1413:4: warning: '$' in identifier [-Wdollar-in-identifier-extension]
 1413 |    $.impl_flags =
      |    ^
<scratch>/codex/chainhash-m2-adjacent/smhasher3/hashes/halftimehash.cpp:1417:4: warning: '$' in identifier [-Wdollar-in-identifier-extension]
 1417 |    $.bits = 64,
      |    ^
<scratch>/codex/chainhash-m2-adjacent/smhasher3/hashes/halftimehash.cpp:1418:4: warning: '$' in identifier [-Wdollar-in-identifier-extension]
 1418 |    $.verification_LE = 0xED42E424,
      |    ^
<scratch>/codex/chainhash-m2-adjacent/smhasher3/hashes/halftimehash.cpp:1419:4: warning: '$' in identifier [-Wdollar-in-identifier-extension]
 1419 |    $.verification_BE = 0x7EE5ED6F,
      |    ^
<scratch>/codex/chainhash-m2-adjacent/smhasher3/hashes/halftimehash.cpp:1420:4: warning: '$' in identifier [-Wdollar-in-identifier-extension]
 1420 |    $.hashfn_native   = HalftimeHash64<false>,
      |    ^
<scratch>/codex/chainhash-m2-adjacent/smhasher3/hashes/halftimehash.cpp:1421:4: warning: '$' in identifier [-Wdollar-in-identifier-extension]
 1421 |    $.hashfn_bswap    = HalftimeHash64<true>,
      |    ^
<scratch>/codex/chainhash-m2-adjacent/smhasher3/hashes/halftimehash.cpp:1422:4: warning: '$' in identifier [-Wdollar-in-identifier-extension]
 1422 |    $.seedfn          = halftime_hash_seed_init
      |    ^
<scratch>/codex/chainhash-m2-adjacent/smhasher3/hashes/halftimehash.cpp:1426:4: warning: '$' in identifier [-Wdollar-in-identifier-extension]
 1426 |    $.desc       = "Halftime Hash (128-bit blocks)",
      |    ^
<scratch>/codex/chainhash-m2-adjacent/smhasher3/hashes/halftimehash.cpp:1427:4: warning: '$' in identifier [-Wdollar-in-identifier-extension]
 1427 |    $.impl       = HALFTIME_IMPL_STR,
      |    ^
<scratch>/codex/chainhash-m2-adjacent/smhasher3/hashes/halftimehash.cpp:1428:4: warning: '$' in identifier [-Wdollar-in-identifier-extension]
 1428 |    $.sort_order = 20,
      |    ^
<scratch>/codex/chainhash-m2-adjacent/smhasher3/hashes/halftimehash.cpp:1429:4: warning: '$' in identifier [-Wdollar-in-identifier-extension]
 1429 |    $.hash_flags =
      |    ^
<scratch>/codex/chainhash-m2-adjacent/smhasher3/hashes/halftimehash.cpp:1431:4: warning: '$' in identifier [-Wdollar-in-identifier-extension]
 1431 |    $.impl_flags =
      |    ^
<scratch>/codex/chainhash-m2-adjacent/smhasher3/hashes/halftimehash.cpp:1435:4: warning: '$' in identifier [-Wdollar-in-identifier-extension]
 1435 |    $.bits = 64,
      |    ^
<scratch>/codex/chainhash-m2-adjacent/smhasher3/hashes/halftimehash.cpp:1436:4: warning: '$' in identifier [-Wdollar-in-identifier-extension]
 1436 |    $.verification_LE = 0x952DF141,
      |    ^
<scratch>/codex/chainhash-m2-adjacent/smhasher3/hashes/halftimehash.cpp:1437:4: warning: '$' in identifier [-Wdollar-in-identifier-extension]
 1437 |    $.verification_BE = 0xD79E990B,
      |    ^
<scratch>/codex/chainhash-m2-adjacent/smhasher3/hashes/halftimehash.cpp:1438:4: warning: '$' in identifier [-Wdollar-in-identifier-extension]
 1438 |    $.hashfn_native   = HalftimeHash128<false>,
      |    ^
<scratch>/codex/chainhash-m2-adjacent/smhasher3/hashes/halftimehash.cpp:1439:4: warning: '$' in identifier [-Wdollar-in-identifier-extension]
 1439 |    $.hashfn_bswap    = HalftimeHash128<true>,
      |    ^
<scratch>/codex/chainhash-m2-adjacent/smhasher3/hashes/halftimehash.cpp:1440:4: warning: '$' in identifier [-Wdollar-in-identifier-extension]
 1440 |    $.seedfn          = halftime_hash_seed_init
      |    ^
<scratch>/codex/chainhash-m2-adjacent/smhasher3/hashes/halftimehash.cpp:1444:4: warning: '$' in identifier [-Wdollar-in-identifier-extension]
 1444 |    $.desc       = "Halftime Hash (256-bit blocks)",
      |    ^
<scratch>/codex/chainhash-m2-adjacent/smhasher3/hashes/halftimehash.cpp:1445:4: warning: '$' in identifier [-Wdollar-in-identifier-extension]
 1445 |    $.impl       = HALFTIME_IMPL_STR,
      |    ^
<scratch>/codex/chainhash-m2-adjacent/smhasher3/hashes/halftimehash.cpp:1446:4: warning: '$' in identifier [-Wdollar-in-identifier-extension]
 1446 |    $.sort_order = 30,
      |    ^
<scratch>/codex/chainhash-m2-adjacent/smhasher3/hashes/halftimehash.cpp:1447:4: warning: '$' in identifier [-Wdollar-in-identifier-extension]
 1447 |    $.hash_flags =
      |    ^
<scratch>/codex/chainhash-m2-adjacent/smhasher3/hashes/halftimehash.cpp:1449:4: warning: '$' in identifier [-Wdollar-in-identifier-extension]
 1449 |    $.impl_flags =
      |    ^
<scratch>/codex/chainhash-m2-adjacent/smhasher3/hashes/halftimehash.cpp:1453:4: warning: '$' in identifier [-Wdollar-in-identifier-extension]
 1453 |    $.bits = 64,
      |    ^
<scratch>/codex/chainhash-m2-adjacent/smhasher3/hashes/halftimehash.cpp:1454:4: warning: '$' in identifier [-Wdollar-in-identifier-extension]
 1454 |    $.verification_LE = 0x912330EA,
      |    ^
<scratch>/codex/chainhash-m2-adjacent/smhasher3/hashes/halftimehash.cpp:1455:4: warning: '$' in identifier [-Wdollar-in-identifier-extension]
 1455 |    $.verification_BE = 0x23C24991,
      |    ^
<scratch>/codex/chainhash-m2-adjacent/smhasher3/hashes/halftimehash.cpp:1456:4: warning: '$' in identifier [-Wdollar-in-identifier-extension]
 1456 |    $.hashfn_native   = HalftimeHash256<false>,
      |    ^
<scratch>/codex/chainhash-m2-adjacent/smhasher3/hashes/halftimehash.cpp:1457:4: warning: '$' in identifier [-Wdollar-in-identifier-extension]
 1457 |    $.hashfn_bswap    = HalftimeHash256<true>,
      |    ^
<scratch>/codex/chainhash-m2-adjacent/smhasher3/hashes/halftimehash.cpp:1458:4: warning: '$' in identifier [-Wdollar-in-identifier-extension]
 1458 |    $.seedfn          = halftime_hash_seed_init
      |    ^
<scratch>/codex/chainhash-m2-adjacent/smhasher3/hashes/halftimehash.cpp:1462:4: warning: '$' in identifier [-Wdollar-in-identifier-extension]
 1462 |    $.desc       = "Halftime Hash (512-bit blocks)",
      |    ^
<scratch>/codex/chainhash-m2-adjacent/smhasher3/hashes/halftimehash.cpp:1463:4: warning: '$' in identifier [-Wdollar-in-identifier-extension]
 1463 |    $.impl       = HALFTIME_IMPL_STR,
      |    ^
<scratch>/codex/chainhash-m2-adjacent/smhasher3/hashes/halftimehash.cpp:1464:4: warning: '$' in identifier [-Wdollar-in-identifier-extension]
 1464 |    $.sort_order = 40,
      |    ^
<scratch>/codex/chainhash-m2-adjacent/smhasher3/hashes/halftimehash.cpp:1465:4: warning: '$' in identifier [-Wdollar-in-identifier-extension]
 1465 |    $.hash_flags =
      |    ^
<scratch>/codex/chainhash-m2-adjacent/smhasher3/hashes/halftimehash.cpp:1467:4: warning: '$' in identifier [-Wdollar-in-identifier-extension]
 1467 |    $.impl_flags =
      |    ^
<scratch>/codex/chainhash-m2-adjacent/smhasher3/hashes/halftimehash.cpp:1471:4: warning: '$' in identifier [-Wdollar-in-identifier-extension]
 1471 |    $.bits = 64,
      |    ^
<scratch>/codex/chainhash-m2-adjacent/smhasher3/hashes/halftimehash.cpp:1472:4: warning: '$' in identifier [-Wdollar-in-identifier-extension]
 1472 |    $.verification_LE = 0x1E0F99EA,
      |    ^
<scratch>/codex/chainhash-m2-adjacent/smhasher3/hashes/halftimehash.cpp:1473:4: warning: '$' in identifier [-Wdollar-in-identifier-extension]
 1473 |    $.verification_BE = 0xA3A0AE42,
      |    ^
<scratch>/codex/chainhash-m2-adjacent/smhasher3/hashes/halftimehash.cpp:1474:4: warning: '$' in identifier [-Wdollar-in-identifier-extension]
 1474 |    $.hashfn_native   = HalftimeHash512<false>,
      |    ^
<scratch>/codex/chainhash-m2-adjacent/smhasher3/hashes/halftimehash.cpp:1475:4: warning: '$' in identifier [-Wdollar-in-identifier-extension]
 1475 |    $.hashfn_bswap    = HalftimeHash512<true>,
      |    ^
<scratch>/codex/chainhash-m2-adjacent/smhasher3/hashes/halftimehash.cpp:1476:4: warning: '$' in identifier [-Wdollar-in-identifier-extension]
 1476 |    $.seedfn          = halftime_hash_seed_init
      |    ^
<scratch>/codex/chainhash-m2-adjacent/smhasher3/hashes/halftimehash.cpp:331:59: warning: lambda capture 'x' is not required to be captured for this use [-Wunused-lambda-capture]
  331 |                 auto Distribute3 = [&iter, DistributeRaw, x, y, z]( unsigned idx,
      |                                                           ^
<scratch>/codex/chainhash-m2-adjacent/smhasher3/hashes/halftimehash.cpp:530:50: note: in instantiation of function template specialization 'halftime_hash::advanced::(anonymous namespace)::Encode3<halftime_hash::advanced::(anonymous namespace)::Repeat<__attribute__((neon_vector_type(2))) unsigned long long, 4>>' requested here
  530 |                     if (out_width == 3) { return Encode3<Block>(&io[0][0]); }
      |                                                  ^
<scratch>/codex/chainhash-m2-adjacent/smhasher3/hashes/halftimehash.cpp:646:21: note: in instantiation of member function 'halftime_hash::advanced::(anonymous namespace)::EhcBadger<halftime_hash::advanced::(anonymous namespace)::RepeatWrapper<halftime_hash::advanced::(anonymous namespace)::BlockWrapper128<false>, 4>, 5, 3, 9, 5>::Encode' requested here
  646 |                     Encode(scratch);
      |                     ^
<scratch>/codex/chainhash-m2-adjacent/smhasher3/hashes/halftimehash.cpp:666:25: note: in instantiation of member function 'halftime_hash::advanced::(anonymous namespace)::EhcBadger<halftime_hash::advanced::(anonymous namespace)::RepeatWrapper<halftime_hash::advanced::(anonymous namespace)::BlockWrapper128<false>, 4>, 5, 3, 9, 5>::EhcBaseLayer' requested here
  666 |                         EhcBaseLayer(&data[k * dimension * in_width * sizeof(Block)],
      |                         ^
<scratch>/codex/chainhash-m2-adjacent/smhasher3/hashes/halftimehash.cpp:898:35: note: in instantiation of member function 'halftime_hash::advanced::(anonymous namespace)::EhcBadger<halftime_hash::advanced::(anonymous namespace)::RepeatWrapper<halftime_hash::advanced::(anonymous namespace)::BlockWrapper128<false>, 4>, 5, 3, 9, 5>::DfsTreeHash' requested here
  898 |                         kFanout>::DfsTreeHash(uint8_t_input, wide_length, stack, stack_lengths, entropy);
      |                                   ^
<scratch>/codex/chainhash-m2-adjacent/smhasher3/hashes/halftimehash.cpp:1146:20: note: in instantiation of function template specialization 'halftime_hash::advanced::(anonymous namespace)::Hash<halftime_hash::advanced::(anonymous namespace)::RepeatWrapper<halftime_hash::advanced::(anonymous namespace)::BlockWrapper128<false>, 4>, 5U, 3U, 9U, 5U>' requested here
 1146 |             return Hash<RepeatWrapper<BlockWrapper128<bswap>, 4>, dimension, in_width, encoded_dimension,
      |                    ^
<scratch>/codex/chainhash-m2-adjacent/smhasher3/hashes/halftimehash.cpp:1256:9: note: in instantiation of function template specialization 'halftime_hash::advanced::V4Neon<5U, 3U, 9U, 5U, false>' requested here
 1256 |         SPECIALIZE_4(4, Neon  )
      |         ^
<scratch>/codex/chainhash-m2-adjacent/smhasher3/hashes/halftimehash.cpp:1246:3: note: expanded from macro 'SPECIALIZE_4'
 1246 |   SPECIALIZE(version, isa, 5, 5, 3, 9)  \
      |   ^
<scratch>/codex/chainhash-m2-adjacent/smhasher3/hashes/halftimehash.cpp:1234:16: note: expanded from macro 'SPECIALIZE'
 1234 |         return V##version##isa<dimension, in_width, encoded_dimension, out_width, false>(           \
      |                ^
<scratch space>:182:1: note: expanded from here
  182 | V4Neon
      | ^
<scratch>/codex/chainhash-m2-adjacent/smhasher3/hashes/halftimehash.cpp:331:62: warning: lambda capture 'y' is not required to be captured for this use [-Wunused-lambda-capture]
  331 |                 auto Distribute3 = [&iter, DistributeRaw, x, y, z]( unsigned idx,
      |                                                              ^
<scratch>/codex/chainhash-m2-adjacent/smhasher3/hashes/halftimehash.cpp:331:65: warning: lambda capture 'z' is not required to be captured for this use [-Wunused-lambda-capture]
  331 |                 auto Distribute3 = [&iter, DistributeRaw, x, y, z]( unsigned idx,
      |                                                                 ^
<scratch>/codex/chainhash-m2-adjacent/smhasher3/hashes/halftimehash.cpp:387:59: warning: lambda capture 'x' is not required to be captured for this use [-Wunused-lambda-capture]
  387 |                 auto Distribute3 = [&iter, DistributeRaw, x, y, z]( unsigned idx,
      |                                                           ^
<scratch>/codex/chainhash-m2-adjacent/smhasher3/hashes/halftimehash.cpp:532:50: note: in instantiation of function template specialization 'halftime_hash::advanced::(anonymous namespace)::Encode4<halftime_hash::advanced::(anonymous namespace)::Repeat<__attribute__((neon_vector_type(2))) unsigned long long, 4>>' requested here
  532 |                     if (out_width == 4) { return Encode4<Block>(&io[0][0]); }
      |                                                  ^
<scratch>/codex/chainhash-m2-adjacent/smhasher3/hashes/halftimehash.cpp:646:21: note: in instantiation of member function 'halftime_hash::advanced::(anonymous namespace)::EhcBadger<halftime_hash::advanced::(anonymous namespace)::RepeatWrapper<halftime_hash::advanced::(anonymous namespace)::BlockWrapper128<false>, 4>, 5, 3, 9, 5>::Encode' requested here
  646 |                     Encode(scratch);
      |                     ^
<scratch>/codex/chainhash-m2-adjacent/smhasher3/hashes/halftimehash.cpp:666:25: note: in instantiation of member function 'halftime_hash::advanced::(anonymous namespace)::EhcBadger<halftime_hash::advanced::(anonymous namespace)::RepeatWrapper<halftime_hash::advanced::(anonymous namespace)::BlockWrapper128<false>, 4>, 5, 3, 9, 5>::EhcBaseLayer' requested here
  666 |                         EhcBaseLayer(&data[k * dimension * in_width * sizeof(Block)],
      |                         ^
<scratch>/codex/chainhash-m2-adjacent/smhasher3/hashes/halftimehash.cpp:898:35: note: in instantiation of member function 'halftime_hash::advanced::(anonymous namespace)::EhcBadger<halftime_hash::advanced::(anonymous namespace)::RepeatWrapper<halftime_hash::advanced::(anonymous namespace)::BlockWrapper128<false>, 4>, 5, 3, 9, 5>::DfsTreeHash' requested here
  898 |                         kFanout>::DfsTreeHash(uint8_t_input, wide_length, stack, stack_lengths, entropy);
      |                                   ^
<scratch>/codex/chainhash-m2-adjacent/smhasher3/hashes/halftimehash.cpp:1146:20: note: in instantiation of function template specialization 'halftime_hash::advanced::(anonymous namespace)::Hash<halftime_hash::advanced::(anonymous namespace)::RepeatWrapper<halftime_hash::advanced::(anonymous namespace)::BlockWrapper128<false>, 4>, 5U, 3U, 9U, 5U>' requested here
 1146 |             return Hash<RepeatWrapper<BlockWrapper128<bswap>, 4>, dimension, in_width, encoded_dimension,
      |                    ^
<scratch>/codex/chainhash-m2-adjacent/smhasher3/hashes/halftimehash.cpp:1256:9: note: in instantiation of function template specialization 'halftime_hash::advanced::V4Neon<5U, 3U, 9U, 5U, false>' requested here
 1256 |         SPECIALIZE_4(4, Neon  )
      |         ^
<scratch>/codex/chainhash-m2-adjacent/smhasher3/hashes/halftimehash.cpp:1246:3: note: expanded from macro 'SPECIALIZE_4'
 1246 |   SPECIALIZE(version, isa, 5, 5, 3, 9)  \
      |   ^
<scratch>/codex/chainhash-m2-adjacent/smhasher3/hashes/halftimehash.cpp:1234:16: note: expanded from macro 'SPECIALIZE'
 1234 |         return V##version##isa<dimension, in_width, encoded_dimension, out_width, false>(           \
      |                ^
<scratch space>:182:1: note: expanded from here
  182 | V4Neon
      | ^
<scratch>/codex/chainhash-m2-adjacent/smhasher3/hashes/halftimehash.cpp:387:62: warning: lambda capture 'y' is not required to be captured for this use [-Wunused-lambda-capture]
  387 |                 auto Distribute3 = [&iter, DistributeRaw, x, y, z]( unsigned idx,
      |                                                              ^
<scratch>/codex/chainhash-m2-adjacent/smhasher3/hashes/halftimehash.cpp:387:65: warning: lambda capture 'z' is not required to be captured for this use [-Wunused-lambda-capture]
  387 |                 auto Distribute3 = [&iter, DistributeRaw, x, y, z]( unsigned idx,
      |                                                                 ^
<scratch>/codex/chainhash-m2-adjacent/smhasher3/hashes/halftimehash.cpp:443:59: warning: lambda capture 'x' is not required to be captured for this use [-Wunused-lambda-capture]
  443 |                 auto Distribute3 = [&iter, DistributeRaw, x, y, z]( unsigned idx,
      |                                                           ^
<scratch>/codex/chainhash-m2-adjacent/smhasher3/hashes/halftimehash.cpp:533:50: note: in instantiation of function template specialization 'halftime_hash::advanced::(anonymous namespace)::Encode5<halftime_hash::advanced::(anonymous namespace)::Repeat<__attribute__((neon_vector_type(2))) unsigned long long, 4>>' requested here
  533 |                     if (out_width == 5) { return Encode5<Block>(&io[0][0]); }
      |                                                  ^
<scratch>/codex/chainhash-m2-adjacent/smhasher3/hashes/halftimehash.cpp:646:21: note: in instantiation of member function 'halftime_hash::advanced::(anonymous namespace)::EhcBadger<halftime_hash::advanced::(anonymous namespace)::RepeatWrapper<halftime_hash::advanced::(anonymous namespace)::BlockWrapper128<false>, 4>, 5, 3, 9, 5>::Encode' requested here
  646 |                     Encode(scratch);
      |                     ^
<scratch>/codex/chainhash-m2-adjacent/smhasher3/hashes/halftimehash.cpp:666:25: note: in instantiation of member function 'halftime_hash::advanced::(anonymous namespace)::EhcBadger<halftime_hash::advanced::(anonymous namespace)::RepeatWrapper<halftime_hash::advanced::(anonymous namespace)::BlockWrapper128<false>, 4>, 5, 3, 9, 5>::EhcBaseLayer' requested here
  666 |                         EhcBaseLayer(&data[k * dimension * in_width * sizeof(Block)],
      |                         ^
<scratch>/codex/chainhash-m2-adjacent/smhasher3/hashes/halftimehash.cpp:898:35: note: in instantiation of member function 'halftime_hash::advanced::(anonymous namespace)::EhcBadger<halftime_hash::advanced::(anonymous namespace)::RepeatWrapper<halftime_hash::advanced::(anonymous namespace)::BlockWrapper128<false>, 4>, 5, 3, 9, 5>::DfsTreeHash' requested here
  898 |                         kFanout>::DfsTreeHash(uint8_t_input, wide_length, stack, stack_lengths, entropy);
      |                                   ^
<scratch>/codex/chainhash-m2-adjacent/smhasher3/hashes/halftimehash.cpp:1146:20: note: in instantiation of function template specialization 'halftime_hash::advanced::(anonymous namespace)::Hash<halftime_hash::advanced::(anonymous namespace)::RepeatWrapper<halftime_hash::advanced::(anonymous namespace)::BlockWrapper128<false>, 4>, 5U, 3U, 9U, 5U>' requested here
 1146 |             return Hash<RepeatWrapper<BlockWrapper128<bswap>, 4>, dimension, in_width, encoded_dimension,
      |                    ^
<scratch>/codex/chainhash-m2-adjacent/smhasher3/hashes/halftimehash.cpp:1256:9: note: in instantiation of function template specialization 'halftime_hash::advanced::V4Neon<5U, 3U, 9U, 5U, false>' requested here
 1256 |         SPECIALIZE_4(4, Neon  )
      |         ^
<scratch>/codex/chainhash-m2-adjacent/smhasher3/hashes/halftimehash.cpp:1246:3: note: expanded from macro 'SPECIALIZE_4'
 1246 |   SPECIALIZE(version, isa, 5, 5, 3, 9)  \
      |   ^
<scratch>/codex/chainhash-m2-adjacent/smhasher3/hashes/halftimehash.cpp:1234:16: note: expanded from macro 'SPECIALIZE'
 1234 |         return V##version##isa<dimension, in_width, encoded_dimension, out_width, false>(           \
      |                ^
<scratch space>:182:1: note: expanded from here
  182 | V4Neon
      | ^
<scratch>/codex/chainhash-m2-adjacent/smhasher3/hashes/halftimehash.cpp:443:62: warning: lambda capture 'y' is not required to be captured for this use [-Wunused-lambda-capture]
  443 |                 auto Distribute3 = [&iter, DistributeRaw, x, y, z]( unsigned idx,
      |                                                              ^
<scratch>/codex/chainhash-m2-adjacent/smhasher3/hashes/halftimehash.cpp:443:65: warning: lambda capture 'z' is not required to be captured for this use [-Wunused-lambda-capture]
  443 |                 auto Distribute3 = [&iter, DistributeRaw, x, y, z]( unsigned idx,
      |                                                                 ^
<scratch>/codex/chainhash-m2-adjacent/smhasher3/hashes/halftimehash.cpp:331:59: warning: lambda capture 'x' is not required to be captured for this use [-Wunused-lambda-capture]
  331 |                 auto Distribute3 = [&iter, DistributeRaw, x, y, z]( unsigned idx,
      |                                                           ^
<scratch>/codex/chainhash-m2-adjacent/smhasher3/hashes/halftimehash.cpp:530:50: note: in instantiation of function template specialization 'halftime_hash::advanced::(anonymous namespace)::Encode3<halftime_hash::advanced::(anonymous namespace)::Repeat<__attribute__((neon_vector_type(2))) unsigned long long, 2>>' requested here
  530 |                     if (out_width == 3) { return Encode3<Block>(&io[0][0]); }
      |                                                  ^
<scratch>/codex/chainhash-m2-adjacent/smhasher3/hashes/halftimehash.cpp:646:21: note: in instantiation of member function 'halftime_hash::advanced::(anonymous namespace)::EhcBadger<halftime_hash::advanced::(anonymous namespace)::RepeatWrapper<halftime_hash::advanced::(anonymous namespace)::BlockWrapper128<false>, 2>, 5, 3, 9, 5>::Encode' requested here
  646 |                     Encode(scratch);
      |                     ^
<scratch>/codex/chainhash-m2-adjacent/smhasher3/hashes/halftimehash.cpp:666:25: note: in instantiation of member function 'halftime_hash::advanced::(anonymous namespace)::EhcBadger<halftime_hash::advanced::(anonymous namespace)::RepeatWrapper<halftime_hash::advanced::(anonymous namespace)::BlockWrapper128<false>, 2>, 5, 3, 9, 5>::EhcBaseLayer' requested here
  666 |                         EhcBaseLayer(&data[k * dimension * in_width * sizeof(Block)],
      |                         ^
<scratch>/codex/chainhash-m2-adjacent/smhasher3/hashes/halftimehash.cpp:898:35: note: in instantiation of member function 'halftime_hash::advanced::(anonymous namespace)::EhcBadger<halftime_hash::advanced::(anonymous namespace)::RepeatWrapper<halftime_hash::advanced::(anonymous namespace)::BlockWrapper128<false>, 2>, 5, 3, 9, 5>::DfsTreeHash' requested here
  898 |                         kFanout>::DfsTreeHash(uint8_t_input, wide_length, stack, stack_lengths, entropy);
      |                                   ^
<scratch>/codex/chainhash-m2-adjacent/smhasher3/hashes/halftimehash.cpp:1138:20: note: in instantiation of function template specialization 'halftime_hash::advanced::(anonymous namespace)::Hash<halftime_hash::advanced::(anonymous namespace)::RepeatWrapper<halftime_hash::advanced::(anonymous namespace)::BlockWrapper128<false>, 2>, 5U, 3U, 9U, 5U>' requested here
 1138 |             return Hash<RepeatWrapper<BlockWrapper128<bswap>, 2>, dimension, in_width, encoded_dimension,
      |                    ^
<scratch>/codex/chainhash-m2-adjacent/smhasher3/hashes/halftimehash.cpp:1257:9: note: in instantiation of function template specialization 'halftime_hash::advanced::V3Neon<5U, 3U, 9U, 5U, false>' requested here
 1257 |         SPECIALIZE_4(3, Neon  )
      |         ^
<scratch>/codex/chainhash-m2-adjacent/smhasher3/hashes/halftimehash.cpp:1246:3: note: expanded from macro 'SPECIALIZE_4'
 1246 |   SPECIALIZE(version, isa, 5, 5, 3, 9)  \
      |   ^
<scratch>/codex/chainhash-m2-adjacent/smhasher3/hashes/halftimehash.cpp:1234:16: note: expanded from macro 'SPECIALIZE'
 1234 |         return V##version##isa<dimension, in_width, encoded_dimension, out_width, false>(           \
      |                ^
<scratch space>:206:1: note: expanded from here
  206 | V3Neon
      | ^
<scratch>/codex/chainhash-m2-adjacent/smhasher3/hashes/halftimehash.cpp:331:62: warning: lambda capture 'y' is not required to be captured for this use [-Wunused-lambda-capture]
  331 |                 auto Distribute3 = [&iter, DistributeRaw, x, y, z]( unsigned idx,
      |                                                              ^
<scratch>/codex/chainhash-m2-adjacent/smhasher3/hashes/halftimehash.cpp:331:65: warning: lambda capture 'z' is not required to be captured for this use [-Wunused-lambda-capture]
  331 |                 auto Distribute3 = [&iter, DistributeRaw, x, y, z]( unsigned idx,
      |                                                                 ^
<scratch>/codex/chainhash-m2-adjacent/smhasher3/hashes/halftimehash.cpp:387:59: warning: lambda capture 'x' is not required to be captured for this use [-Wunused-lambda-capture]
  387 |                 auto Distribute3 = [&iter, DistributeRaw, x, y, z]( unsigned idx,
      |                                                           ^
<scratch>/codex/chainhash-m2-adjacent/smhasher3/hashes/halftimehash.cpp:532:50: note: in instantiation of function template specialization 'halftime_hash::advanced::(anonymous namespace)::Encode4<halftime_hash::advanced::(anonymous namespace)::Repeat<__attribute__((neon_vector_type(2))) unsigned long long, 2>>' requested here
  532 |                     if (out_width == 4) { return Encode4<Block>(&io[0][0]); }
      |                                                  ^
<scratch>/codex/chainhash-m2-adjacent/smhasher3/hashes/halftimehash.cpp:646:21: note: in instantiation of member function 'halftime_hash::advanced::(anonymous namespace)::EhcBadger<halftime_hash::advanced::(anonymous namespace)::RepeatWrapper<halftime_hash::advanced::(anonymous namespace)::BlockWrapper128<false>, 2>, 5, 3, 9, 5>::Encode' requested here
  646 |                     Encode(scratch);
      |                     ^
<scratch>/codex/chainhash-m2-adjacent/smhasher3/hashes/halftimehash.cpp:666:25: note: in instantiation of member function 'halftime_hash::advanced::(anonymous namespace)::EhcBadger<halftime_hash::advanced::(anonymous namespace)::RepeatWrapper<halftime_hash::advanced::(anonymous namespace)::BlockWrapper128<false>, 2>, 5, 3, 9, 5>::EhcBaseLayer' requested here
  666 |                         EhcBaseLayer(&data[k * dimension * in_width * sizeof(Block)],
      |                         ^
<scratch>/codex/chainhash-m2-adjacent/smhasher3/hashes/halftimehash.cpp:898:35: note: in instantiation of member function 'halftime_hash::advanced::(anonymous namespace)::EhcBadger<halftime_hash::advanced::(anonymous namespace)::RepeatWrapper<halftime_hash::advanced::(anonymous namespace)::BlockWrapper128<false>, 2>, 5, 3, 9, 5>::DfsTreeHash' requested here
  898 |                         kFanout>::DfsTreeHash(uint8_t_input, wide_length, stack, stack_lengths, entropy);
      |                                   ^
<scratch>/codex/chainhash-m2-adjacent/smhasher3/hashes/halftimehash.cpp:1138:20: note: in instantiation of function template specialization 'halftime_hash::advanced::(anonymous namespace)::Hash<halftime_hash::advanced::(anonymous namespace)::RepeatWrapper<halftime_hash::advanced::(anonymous namespace)::BlockWrapper128<false>, 2>, 5U, 3U, 9U, 5U>' requested here
 1138 |             return Hash<RepeatWrapper<BlockWrapper128<bswap>, 2>, dimension, in_width, encoded_dimension,
      |                    ^
<scratch>/codex/chainhash-m2-adjacent/smhasher3/hashes/halftimehash.cpp:1257:9: note: in instantiation of function template specialization 'halftime_hash::advanced::V3Neon<5U, 3U, 9U, 5U, false>' requested here
 1257 |         SPECIALIZE_4(3, Neon  )
      |         ^
<scratch>/codex/chainhash-m2-adjacent/smhasher3/hashes/halftimehash.cpp:1246:3: note: expanded from macro 'SPECIALIZE_4'
 1246 |   SPECIALIZE(version, isa, 5, 5, 3, 9)  \
      |   ^
<scratch>/codex/chainhash-m2-adjacent/smhasher3/hashes/halftimehash.cpp:1234:16: note: expanded from macro 'SPECIALIZE'
 1234 |         return V##version##isa<dimension, in_width, encoded_dimension, out_width, false>(           \
      |                ^
<scratch space>:206:1: note: expanded from here
  206 | V3Neon
      | ^
<scratch>/codex/chainhash-m2-adjacent/smhasher3/hashes/halftimehash.cpp:387:62: warning: lambda capture 'y' is not required to be captured for this use [-Wunused-lambda-capture]
  387 |                 auto Distribute3 = [&iter, DistributeRaw, x, y, z]( unsigned idx,
      |                                                              ^
<scratch>/codex/chainhash-m2-adjacent/smhasher3/hashes/halftimehash.cpp:387:65: warning: lambda capture 'z' is not required to be captured for this use [-Wunused-lambda-capture]
  387 |                 auto Distribute3 = [&iter, DistributeRaw, x, y, z]( unsigned idx,
      |                                                                 ^
<scratch>/codex/chainhash-m2-adjacent/smhasher3/hashes/halftimehash.cpp:443:59: warning: lambda capture 'x' is not required to be captured for this use [-Wunused-lambda-capture]
  443 |                 auto Distribute3 = [&iter, DistributeRaw, x, y, z]( unsigned idx,
      |                                                           ^
<scratch>/codex/chainhash-m2-adjacent/smhasher3/hashes/halftimehash.cpp:533:50: note: in instantiation of function template specialization 'halftime_hash::advanced::(anonymous namespace)::Encode5<halftime_hash::advanced::(anonymous namespace)::Repeat<__attribute__((neon_vector_type(2))) unsigned long long, 2>>' requested here
  533 |                     if (out_width == 5) { return Encode5<Block>(&io[0][0]); }
      |                                                  ^
<scratch>/codex/chainhash-m2-adjacent/smhasher3/hashes/halftimehash.cpp:646:21: note: in instantiation of member function 'halftime_hash::advanced::(anonymous namespace)::EhcBadger<halftime_hash::advanced::(anonymous namespace)::RepeatWrapper<halftime_hash::advanced::(anonymous namespace)::BlockWrapper128<false>, 2>, 5, 3, 9, 5>::Encode' requested here
  646 |                     Encode(scratch);
      |                     ^
<scratch>/codex/chainhash-m2-adjacent/smhasher3/hashes/halftimehash.cpp:666:25: note: in instantiation of member function 'halftime_hash::advanced::(anonymous namespace)::EhcBadger<halftime_hash::advanced::(anonymous namespace)::RepeatWrapper<halftime_hash::advanced::(anonymous namespace)::BlockWrapper128<false>, 2>, 5, 3, 9, 5>::EhcBaseLayer' requested here
  666 |                         EhcBaseLayer(&data[k * dimension * in_width * sizeof(Block)],
      |                         ^
<scratch>/codex/chainhash-m2-adjacent/smhasher3/hashes/halftimehash.cpp:898:35: note: in instantiation of member function 'halftime_hash::advanced::(anonymous namespace)::EhcBadger<halftime_hash::advanced::(anonymous namespace)::RepeatWrapper<halftime_hash::advanced::(anonymous namespace)::BlockWrapper128<false>, 2>, 5, 3, 9, 5>::DfsTreeHash' requested here
  898 |                         kFanout>::DfsTreeHash(uint8_t_input, wide_length, stack, stack_lengths, entropy);
      |                                   ^
<scratch>/codex/chainhash-m2-adjacent/smhasher3/hashes/halftimehash.cpp:1138:20: note: in instantiation of function template specialization 'halftime_hash::advanced::(anonymous namespace)::Hash<halftime_hash::advanced::(anonymous namespace)::RepeatWrapper<halftime_hash::advanced::(anonymous namespace)::BlockWrapper128<false>, 2>, 5U, 3U, 9U, 5U>' requested here
 1138 |             return Hash<RepeatWrapper<BlockWrapper128<bswap>, 2>, dimension, in_width, encoded_dimension,
      |                    ^
<scratch>/codex/chainhash-m2-adjacent/smhasher3/hashes/halftimehash.cpp:1257:9: note: in instantiation of function template specialization 'halftime_hash::advanced::V3Neon<5U, 3U, 9U, 5U, false>' requested here
 1257 |         SPECIALIZE_4(3, Neon  )
      |         ^
<scratch>/codex/chainhash-m2-adjacent/smhasher3/hashes/halftimehash.cpp:1246:3: note: expanded from macro 'SPECIALIZE_4'
 1246 |   SPECIALIZE(version, isa, 5, 5, 3, 9)  \
      |   ^
<scratch>/codex/chainhash-m2-adjacent/smhasher3/hashes/halftimehash.cpp:1234:16: note: expanded from macro 'SPECIALIZE'
 1234 |         return V##version##isa<dimension, in_width, encoded_dimension, out_width, false>(           \
      |                ^
<scratch space>:206:1: note: expanded from here
  206 | V3Neon
      | ^
<scratch>/codex/chainhash-m2-adjacent/smhasher3/hashes/halftimehash.cpp:443:62: warning: lambda capture 'y' is not required to be captured for this use [-Wunused-lambda-capture]
  443 |                 auto Distribute3 = [&iter, DistributeRaw, x, y, z]( unsigned idx,
      |                                                              ^
<scratch>/codex/chainhash-m2-adjacent/smhasher3/hashes/halftimehash.cpp:443:65: warning: lambda capture 'z' is not required to be captured for this use [-Wunused-lambda-capture]
  443 |                 auto Distribute3 = [&iter, DistributeRaw, x, y, z]( unsigned idx,
      |                                                                 ^
<scratch>/codex/chainhash-m2-adjacent/smhasher3/hashes/halftimehash.cpp:331:59: warning: lambda capture 'x' is not required to be captured for this use [-Wunused-lambda-capture]
  331 |                 auto Distribute3 = [&iter, DistributeRaw, x, y, z]( unsigned idx,
      |                                                           ^
<scratch>/codex/chainhash-m2-adjacent/smhasher3/hashes/halftimehash.cpp:530:50: note: in instantiation of function template specialization 'halftime_hash::advanced::(anonymous namespace)::Encode3<__attribute__((neon_vector_type(2))) unsigned long long>' requested here
  530 |                     if (out_width == 3) { return Encode3<Block>(&io[0][0]); }
      |                                                  ^
<scratch>/codex/chainhash-m2-adjacent/smhasher3/hashes/halftimehash.cpp:646:21: note: in instantiation of member function 'halftime_hash::advanced::(anonymous namespace)::EhcBadger<halftime_hash::advanced::(anonymous namespace)::BlockWrapper128<false>, 5, 3, 9, 5>::Encode' requested here
  646 |                     Encode(scratch);
      |                     ^
<scratch>/codex/chainhash-m2-adjacent/smhasher3/hashes/halftimehash.cpp:666:25: note: in instantiation of member function 'halftime_hash::advanced::(anonymous namespace)::EhcBadger<halftime_hash::advanced::(anonymous namespace)::BlockWrapper128<false>, 5, 3, 9, 5>::EhcBaseLayer' requested here
  666 |                         EhcBaseLayer(&data[k * dimension * in_width * sizeof(Block)],
      |                         ^
<scratch>/codex/chainhash-m2-adjacent/smhasher3/hashes/halftimehash.cpp:898:35: note: in instantiation of member function 'halftime_hash::advanced::(anonymous namespace)::EhcBadger<halftime_hash::advanced::(anonymous namespace)::BlockWrapper128<false>, 5, 3, 9, 5>::DfsTreeHash' requested here
  898 |                         kFanout>::DfsTreeHash(uint8_t_input, wide_length, stack, stack_lengths, entropy);
      |                                   ^
<scratch>/codex/chainhash-m2-adjacent/smhasher3/hashes/halftimehash.cpp:1130:20: note: in instantiation of function template specialization 'halftime_hash::advanced::(anonymous namespace)::Hash<halftime_hash::advanced::(anonymous namespace)::BlockWrapper128<false>, 5U, 3U, 9U, 5U>' requested here
 1130 |             return Hash<BlockWrapper128<bswap>, dimension, in_width, encoded_dimension, out_width>(
      |                    ^
<scratch>/codex/chainhash-m2-adjacent/smhasher3/hashes/halftimehash.cpp:1258:9: note: in instantiation of function template specialization 'halftime_hash::advanced::V2Neon<5U, 3U, 9U, 5U, false>' requested here
 1258 |         SPECIALIZE_4(2, Neon  )
      |         ^
<scratch>/codex/chainhash-m2-adjacent/smhasher3/hashes/halftimehash.cpp:1246:3: note: expanded from macro 'SPECIALIZE_4'
 1246 |   SPECIALIZE(version, isa, 5, 5, 3, 9)  \
      |   ^
<scratch>/codex/chainhash-m2-adjacent/smhasher3/hashes/halftimehash.cpp:1234:16: note: expanded from macro 'SPECIALIZE'
 1234 |         return V##version##isa<dimension, in_width, encoded_dimension, out_width, false>(           \
      |                ^
<scratch space>:7:1: note: expanded from here
    7 | V2Neon
      | ^
<scratch>/codex/chainhash-m2-adjacent/smhasher3/hashes/halftimehash.cpp:331:62: warning: lambda capture 'y' is not required to be captured for this use [-Wunused-lambda-capture]
  331 |                 auto Distribute3 = [&iter, DistributeRaw, x, y, z]( unsigned idx,
      |                                                              ^
<scratch>/codex/chainhash-m2-adjacent/smhasher3/hashes/halftimehash.cpp:331:65: warning: lambda capture 'z' is not required to be captured for this use [-Wunused-lambda-capture]
  331 |                 auto Distribute3 = [&iter, DistributeRaw, x, y, z]( unsigned idx,
      |                                                                 ^
<scratch>/codex/chainhash-m2-adjacent/smhasher3/hashes/halftimehash.cpp:387:59: warning: lambda capture 'x' is not required to be captured for this use [-Wunused-lambda-capture]
  387 |                 auto Distribute3 = [&iter, DistributeRaw, x, y, z]( unsigned idx,
      |                                                           ^
<scratch>/codex/chainhash-m2-adjacent/smhasher3/hashes/halftimehash.cpp:532:50: note: in instantiation of function template specialization 'halftime_hash::advanced::(anonymous namespace)::Encode4<__attribute__((neon_vector_type(2))) unsigned long long>' requested here
  532 |                     if (out_width == 4) { return Encode4<Block>(&io[0][0]); }
      |                                                  ^
<scratch>/codex/chainhash-m2-adjacent/smhasher3/hashes/halftimehash.cpp:646:21: note: in instantiation of member function 'halftime_hash::advanced::(anonymous namespace)::EhcBadger<halftime_hash::advanced::(anonymous namespace)::BlockWrapper128<false>, 5, 3, 9, 5>::Encode' requested here
  646 |                     Encode(scratch);
      |                     ^
<scratch>/codex/chainhash-m2-adjacent/smhasher3/hashes/halftimehash.cpp:666:25: note: in instantiation of member function 'halftime_hash::advanced::(anonymous namespace)::EhcBadger<halftime_hash::advanced::(anonymous namespace)::BlockWrapper128<false>, 5, 3, 9, 5>::EhcBaseLayer' requested here
  666 |                         EhcBaseLayer(&data[k * dimension * in_width * sizeof(Block)],
      |                         ^
<scratch>/codex/chainhash-m2-adjacent/smhasher3/hashes/halftimehash.cpp:898:35: note: in instantiation of member function 'halftime_hash::advanced::(anonymous namespace)::EhcBadger<halftime_hash::advanced::(anonymous namespace)::BlockWrapper128<false>, 5, 3, 9, 5>::DfsTreeHash' requested here
  898 |                         kFanout>::DfsTreeHash(uint8_t_input, wide_length, stack, stack_lengths, entropy);
      |                                   ^
<scratch>/codex/chainhash-m2-adjacent/smhasher3/hashes/halftimehash.cpp:1130:20: note: in instantiation of function template specialization 'halftime_hash::advanced::(anonymous namespace)::Hash<halftime_hash::advanced::(anonymous namespace)::BlockWrapper128<false>, 5U, 3U, 9U, 5U>' requested here
 1130 |             return Hash<BlockWrapper128<bswap>, dimension, in_width, encoded_dimension, out_width>(
      |                    ^
<scratch>/codex/chainhash-m2-adjacent/smhasher3/hashes/halftimehash.cpp:1258:9: note: in instantiation of function template specialization 'halftime_hash::advanced::V2Neon<5U, 3U, 9U, 5U, false>' requested here
 1258 |         SPECIALIZE_4(2, Neon  )
      |         ^
<scratch>/codex/chainhash-m2-adjacent/smhasher3/hashes/halftimehash.cpp:1246:3: note: expanded from macro 'SPECIALIZE_4'
 1246 |   SPECIALIZE(version, isa, 5, 5, 3, 9)  \
      |   ^
<scratch>/codex/chainhash-m2-adjacent/smhasher3/hashes/halftimehash.cpp:1234:16: note: expanded from macro 'SPECIALIZE'
 1234 |         return V##version##isa<dimension, in_width, encoded_dimension, out_width, false>(           \
      |                ^
<scratch space>:7:1: note: expanded from here
    7 | V2Neon
      | ^
<scratch>/codex/chainhash-m2-adjacent/smhasher3/hashes/halftimehash.cpp:387:62: warning: lambda capture 'y' is not required to be captured for this use [-Wunused-lambda-capture]
  387 |                 auto Distribute3 = [&iter, DistributeRaw, x, y, z]( unsigned idx,
      |                                                              ^
<scratch>/codex/chainhash-m2-adjacent/smhasher3/hashes/halftimehash.cpp:387:65: warning: lambda capture 'z' is not required to be captured for this use [-Wunused-lambda-capture]
  387 |                 auto Distribute3 = [&iter, DistributeRaw, x, y, z]( unsigned idx,
      |                                                                 ^
<scratch>/codex/chainhash-m2-adjacent/smhasher3/hashes/halftimehash.cpp:443:59: warning: lambda capture 'x' is not required to be captured for this use [-Wunused-lambda-capture]
  443 |                 auto Distribute3 = [&iter, DistributeRaw, x, y, z]( unsigned idx,
      |                                                           ^
<scratch>/codex/chainhash-m2-adjacent/smhasher3/hashes/halftimehash.cpp:533:50: note: in instantiation of function template specialization 'halftime_hash::advanced::(anonymous namespace)::Encode5<__attribute__((neon_vector_type(2))) unsigned long long>' requested here
  533 |                     if (out_width == 5) { return Encode5<Block>(&io[0][0]); }
      |                                                  ^
<scratch>/codex/chainhash-m2-adjacent/smhasher3/hashes/halftimehash.cpp:646:21: note: in instantiation of member function 'halftime_hash::advanced::(anonymous namespace)::EhcBadger<halftime_hash::advanced::(anonymous namespace)::BlockWrapper128<false>, 5, 3, 9, 5>::Encode' requested here
  646 |                     Encode(scratch);
      |                     ^
<scratch>/codex/chainhash-m2-adjacent/smhasher3/hashes/halftimehash.cpp:666:25: note: in instantiation of member function 'halftime_hash::advanced::(anonymous namespace)::EhcBadger<halftime_hash::advanced::(anonymous namespace)::BlockWrapper128<false>, 5, 3, 9, 5>::EhcBaseLayer' requested here
  666 |                         EhcBaseLayer(&data[k * dimension * in_width * sizeof(Block)],
      |                         ^
<scratch>/codex/chainhash-m2-adjacent/smhasher3/hashes/halftimehash.cpp:898:35: note: in instantiation of member function 'halftime_hash::advanced::(anonymous namespace)::EhcBadger<halftime_hash::advanced::(anonymous namespace)::BlockWrapper128<false>, 5, 3, 9, 5>::DfsTreeHash' requested here
  898 |                         kFanout>::DfsTreeHash(uint8_t_input, wide_length, stack, stack_lengths, entropy);
      |                                   ^
<scratch>/codex/chainhash-m2-adjacent/smhasher3/hashes/halftimehash.cpp:1130:20: note: in instantiation of function template specialization 'halftime_hash::advanced::(anonymous namespace)::Hash<halftime_hash::advanced::(anonymous namespace)::BlockWrapper128<false>, 5U, 3U, 9U, 5U>' requested here
 1130 |             return Hash<BlockWrapper128<bswap>, dimension, in_width, encoded_dimension, out_width>(
      |                    ^
<scratch>/codex/chainhash-m2-adjacent/smhasher3/hashes/halftimehash.cpp:1258:9: note: in instantiation of function template specialization 'halftime_hash::advanced::V2Neon<5U, 3U, 9U, 5U, false>' requested here
 1258 |         SPECIALIZE_4(2, Neon  )
      |         ^
<scratch>/codex/chainhash-m2-adjacent/smhasher3/hashes/halftimehash.cpp:1246:3: note: expanded from macro 'SPECIALIZE_4'
 1246 |   SPECIALIZE(version, isa, 5, 5, 3, 9)  \
      |   ^
<scratch>/codex/chainhash-m2-adjacent/smhasher3/hashes/halftimehash.cpp:1234:16: note: expanded from macro 'SPECIALIZE'
 1234 |         return V##version##isa<dimension, in_width, encoded_dimension, out_width, false>(           \
      |                ^
<scratch space>:7:1: note: expanded from here
    7 | V2Neon
      | ^
<scratch>/codex/chainhash-m2-adjacent/smhasher3/hashes/halftimehash.cpp:443:62: warning: lambda capture 'y' is not required to be captured for this use [-Wunused-lambda-capture]
  443 |                 auto Distribute3 = [&iter, DistributeRaw, x, y, z]( unsigned idx,
      |                                                              ^
<scratch>/codex/chainhash-m2-adjacent/smhasher3/hashes/halftimehash.cpp:443:65: warning: lambda capture 'z' is not required to be captured for this use [-Wunused-lambda-capture]
  443 |                 auto Distribute3 = [&iter, DistributeRaw, x, y, z]( unsigned idx,
      |                                                                 ^
<scratch>/codex/chainhash-m2-adjacent/smhasher3/hashes/halftimehash.cpp:331:59: warning: lambda capture 'x' is not required to be captured for this use [-Wunused-lambda-capture]
  331 |                 auto Distribute3 = [&iter, DistributeRaw, x, y, z]( unsigned idx,
      |                                                           ^
<scratch>/codex/chainhash-m2-adjacent/smhasher3/hashes/halftimehash.cpp:530:50: note: in instantiation of function template specialization 'halftime_hash::advanced::(anonymous namespace)::Encode3<unsigned long long>' requested here
  530 |                     if (out_width == 3) { return Encode3<Block>(&io[0][0]); }
      |                                                  ^
<scratch>/codex/chainhash-m2-adjacent/smhasher3/hashes/halftimehash.cpp:646:21: note: in instantiation of member function 'halftime_hash::advanced::(anonymous namespace)::EhcBadger<halftime_hash::advanced::(anonymous namespace)::BlockWrapperScalar<false>, 5, 3, 9, 5>::Encode' requested here
  646 |                     Encode(scratch);
      |                     ^
<scratch>/codex/chainhash-m2-adjacent/smhasher3/hashes/halftimehash.cpp:666:25: note: in instantiation of member function 'halftime_hash::advanced::(anonymous namespace)::EhcBadger<halftime_hash::advanced::(anonymous namespace)::BlockWrapperScalar<false>, 5, 3, 9, 5>::EhcBaseLayer' requested here
  666 |                         EhcBaseLayer(&data[k * dimension * in_width * sizeof(Block)],
      |                         ^
<scratch>/codex/chainhash-m2-adjacent/smhasher3/hashes/halftimehash.cpp:898:35: note: in instantiation of member function 'halftime_hash::advanced::(anonymous namespace)::EhcBadger<halftime_hash::advanced::(anonymous namespace)::BlockWrapperScalar<false>, 5, 3, 9, 5>::DfsTreeHash' requested here
  898 |                         kFanout>::DfsTreeHash(uint8_t_input, wide_length, stack, stack_lengths, entropy);
      |                                   ^
<scratch>/codex/chainhash-m2-adjacent/smhasher3/hashes/halftimehash.cpp:1120:20: note: in instantiation of function template specialization 'halftime_hash::advanced::(anonymous namespace)::Hash<halftime_hash::advanced::(anonymous namespace)::BlockWrapperScalar<false>, 5U, 3U, 9U, 5U>' requested here
 1120 |             return Hash<BlockWrapperScalar<bswap>, dimension, in_width, encoded_dimension, out_width>(
      |                    ^
<scratch>/codex/chainhash-m2-adjacent/smhasher3/hashes/halftimehash.cpp:1259:9: note: in instantiation of function template specialization 'halftime_hash::advanced::V1Scalar<5U, 3U, 9U, 5U, false>' requested here
 1259 |         SPECIALIZE_4(1, Scalar)
      |         ^
<scratch>/codex/chainhash-m2-adjacent/smhasher3/hashes/halftimehash.cpp:1246:3: note: expanded from macro 'SPECIALIZE_4'
 1246 |   SPECIALIZE(version, isa, 5, 5, 3, 9)  \
      |   ^
<scratch>/codex/chainhash-m2-adjacent/smhasher3/hashes/halftimehash.cpp:1234:16: note: expanded from macro 'SPECIALIZE'
 1234 |         return V##version##isa<dimension, in_width, encoded_dimension, out_width, false>(           \
      |                ^
<scratch space>:31:1: note: expanded from here
   31 | V1Scalar
      | ^
<scratch>/codex/chainhash-m2-adjacent/smhasher3/hashes/halftimehash.cpp:331:62: warning: lambda capture 'y' is not required to be captured for this use [-Wunused-lambda-capture]
  331 |                 auto Distribute3 = [&iter, DistributeRaw, x, y, z]( unsigned idx,
      |                                                              ^
<scratch>/codex/chainhash-m2-adjacent/smhasher3/hashes/halftimehash.cpp:331:65: warning: lambda capture 'z' is not required to be captured for this use [-Wunused-lambda-capture]
  331 |                 auto Distribute3 = [&iter, DistributeRaw, x, y, z]( unsigned idx,
      |                                                                 ^
<scratch>/codex/chainhash-m2-adjacent/smhasher3/hashes/halftimehash.cpp:387:59: warning: lambda capture 'x' is not required to be captured for this use [-Wunused-lambda-capture]
  387 |                 auto Distribute3 = [&iter, DistributeRaw, x, y, z]( unsigned idx,
      |                                                           ^
<scratch>/codex/chainhash-m2-adjacent/smhasher3/hashes/halftimehash.cpp:532:50: note: in instantiation of function template specialization 'halftime_hash::advanced::(anonymous namespace)::Encode4<unsigned long long>' requested here
  532 |                     if (out_width == 4) { return Encode4<Block>(&io[0][0]); }
      |                                                  ^
<scratch>/codex/chainhash-m2-adjacent/smhasher3/hashes/halftimehash.cpp:646:21: note: in instantiation of member function 'halftime_hash::advanced::(anonymous namespace)::EhcBadger<halftime_hash::advanced::(anonymous namespace)::BlockWrapperScalar<false>, 5, 3, 9, 5>::Encode' requested here
  646 |                     Encode(scratch);
      |                     ^
<scratch>/codex/chainhash-m2-adjacent/smhasher3/hashes/halftimehash.cpp:666:25: note: in instantiation of member function 'halftime_hash::advanced::(anonymous namespace)::EhcBadger<halftime_hash::advanced::(anonymous namespace)::BlockWrapperScalar<false>, 5, 3, 9, 5>::EhcBaseLayer' requested here
  666 |                         EhcBaseLayer(&data[k * dimension * in_width * sizeof(Block)],
      |                         ^
<scratch>/codex/chainhash-m2-adjacent/smhasher3/hashes/halftimehash.cpp:898:35: note: in instantiation of member function 'halftime_hash::advanced::(anonymous namespace)::EhcBadger<halftime_hash::advanced::(anonymous namespace)::BlockWrapperScalar<false>, 5, 3, 9, 5>::DfsTreeHash' requested here
  898 |                         kFanout>::DfsTreeHash(uint8_t_input, wide_length, stack, stack_lengths, entropy);
      |                                   ^
<scratch>/codex/chainhash-m2-adjacent/smhasher3/hashes/halftimehash.cpp:1120:20: note: in instantiation of function template specialization 'halftime_hash::advanced::(anonymous namespace)::Hash<halftime_hash::advanced::(anonymous namespace)::BlockWrapperScalar<false>, 5U, 3U, 9U, 5U>' requested here
 1120 |             return Hash<BlockWrapperScalar<bswap>, dimension, in_width, encoded_dimension, out_width>(
      |                    ^
<scratch>/codex/chainhash-m2-adjacent/smhasher3/hashes/halftimehash.cpp:1259:9: note: in instantiation of function template specialization 'halftime_hash::advanced::V1Scalar<5U, 3U, 9U, 5U, false>' requested here
 1259 |         SPECIALIZE_4(1, Scalar)
      |         ^
<scratch>/codex/chainhash-m2-adjacent/smhasher3/hashes/halftimehash.cpp:1246:3: note: expanded from macro 'SPECIALIZE_4'
 1246 |   SPECIALIZE(version, isa, 5, 5, 3, 9)  \
      |   ^
<scratch>/codex/chainhash-m2-adjacent/smhasher3/hashes/halftimehash.cpp:1234:16: note: expanded from macro 'SPECIALIZE'
 1234 |         return V##version##isa<dimension, in_width, encoded_dimension, out_width, false>(           \
      |                ^
<scratch space>:31:1: note: expanded from here
   31 | V1Scalar
      | ^
<scratch>/codex/chainhash-m2-adjacent/smhasher3/hashes/halftimehash.cpp:387:62: warning: lambda capture 'y' is not required to be captured for this use [-Wunused-lambda-capture]
  387 |                 auto Distribute3 = [&iter, DistributeRaw, x, y, z]( unsigned idx,
      |                                                              ^
<scratch>/codex/chainhash-m2-adjacent/smhasher3/hashes/halftimehash.cpp:387:65: warning: lambda capture 'z' is not required to be captured for this use [-Wunused-lambda-capture]
  387 |                 auto Distribute3 = [&iter, DistributeRaw, x, y, z]( unsigned idx,
      |                                                                 ^
<scratch>/codex/chainhash-m2-adjacent/smhasher3/hashes/halftimehash.cpp:443:59: warning: lambda capture 'x' is not required to be captured for this use [-Wunused-lambda-capture]
  443 |                 auto Distribute3 = [&iter, DistributeRaw, x, y, z]( unsigned idx,
      |                                                           ^
<scratch>/codex/chainhash-m2-adjacent/smhasher3/hashes/halftimehash.cpp:533:50: note: in instantiation of function template specialization 'halftime_hash::advanced::(anonymous namespace)::Encode5<unsigned long long>' requested here
  533 |                     if (out_width == 5) { return Encode5<Block>(&io[0][0]); }
      |                                                  ^
<scratch>/codex/chainhash-m2-adjacent/smhasher3/hashes/halftimehash.cpp:646:21: note: in instantiation of member function 'halftime_hash::advanced::(anonymous namespace)::EhcBadger<halftime_hash::advanced::(anonymous namespace)::BlockWrapperScalar<false>, 5, 3, 9, 5>::Encode' requested here
  646 |                     Encode(scratch);
      |                     ^
<scratch>/codex/chainhash-m2-adjacent/smhasher3/hashes/halftimehash.cpp:666:25: note: in instantiation of member function 'halftime_hash::advanced::(anonymous namespace)::EhcBadger<halftime_hash::advanced::(anonymous namespace)::BlockWrapperScalar<false>, 5, 3, 9, 5>::EhcBaseLayer' requested here
  666 |                         EhcBaseLayer(&data[k * dimension * in_width * sizeof(Block)],
      |                         ^
<scratch>/codex/chainhash-m2-adjacent/smhasher3/hashes/halftimehash.cpp:898:35: note: in instantiation of member function 'halftime_hash::advanced::(anonymous namespace)::EhcBadger<halftime_hash::advanced::(anonymous namespace)::BlockWrapperScalar<false>, 5, 3, 9, 5>::DfsTreeHash' requested here
  898 |                         kFanout>::DfsTreeHash(uint8_t_input, wide_length, stack, stack_lengths, entropy);
      |                                   ^
<scratch>/codex/chainhash-m2-adjacent/smhasher3/hashes/halftimehash.cpp:1120:20: note: in instantiation of function template specialization 'halftime_hash::advanced::(anonymous namespace)::Hash<halftime_hash::advanced::(anonymous namespace)::BlockWrapperScalar<false>, 5U, 3U, 9U, 5U>' requested here
 1120 |             return Hash<BlockWrapperScalar<bswap>, dimension, in_width, encoded_dimension, out_width>(
      |                    ^
<scratch>/codex/chainhash-m2-adjacent/smhasher3/hashes/halftimehash.cpp:1259:9: note: in instantiation of function template specialization 'halftime_hash::advanced::V1Scalar<5U, 3U, 9U, 5U, false>' requested here
 1259 |         SPECIALIZE_4(1, Scalar)
      |         ^
<scratch>/codex/chainhash-m2-adjacent/smhasher3/hashes/halftimehash.cpp:1246:3: note: expanded from macro 'SPECIALIZE_4'
 1246 |   SPECIALIZE(version, isa, 5, 5, 3, 9)  \
      |   ^
<scratch>/codex/chainhash-m2-adjacent/smhasher3/hashes/halftimehash.cpp:1234:16: note: expanded from macro 'SPECIALIZE'
 1234 |         return V##version##isa<dimension, in_width, encoded_dimension, out_width, false>(           \
      |                ^
<scratch space>:31:1: note: expanded from here
   31 | V1Scalar
      | ^
<scratch>/codex/chainhash-m2-adjacent/smhasher3/hashes/halftimehash.cpp:443:62: warning: lambda capture 'y' is not required to be captured for this use [-Wunused-lambda-capture]
  443 |                 auto Distribute3 = [&iter, DistributeRaw, x, y, z]( unsigned idx,
      |                                                              ^
<scratch>/codex/chainhash-m2-adjacent/smhasher3/hashes/halftimehash.cpp:443:65: warning: lambda capture 'z' is not required to be captured for this use [-Wunused-lambda-capture]
  443 |                 auto Distribute3 = [&iter, DistributeRaw, x, y, z]( unsigned idx,
      |                                                                 ^
[ 16%] Building CXX object CMakeFiles/SMHasher3Hashlib.dir/hashes/blake3.cpp.o
[ 16%] Building CXX object CMakeFiles/SMHasher3Tests.dir/util/Wordlist.cpp.o
In file included from <scratch>/codex/chainhash-m2-adjacent/smhasher3/hashes/blake3.cpp:31:
<scratch>/codex/chainhash-m2-adjacent/smhasher3/include/hashlib/Hashlib.h:44:20: warning: '$' in identifier [-Wdollar-in-identifier-extension]
   44 |     HashFamilyInfo $(#N);                          \
      |                    ^
<scratch>/codex/chainhash-m2-adjacent/smhasher3/include/hashlib/Hashlib.h:46:12: warning: '$' in identifier [-Wdollar-in-identifier-extension]
   46 |     return $;                                      \
      |            ^
<scratch>/codex/chainhash-m2-adjacent/smhasher3/include/hashlib/Hashlib.h:54:14: warning: '$' in identifier [-Wdollar-in-identifier-extension]
   54 |     HashInfo $(#N, THIS_HASH_FAMILY.name);       \
      |              ^
<scratch>/codex/chainhash-m2-adjacent/smhasher3/include/hashlib/Hashlib.h:56:20: warning: '$' in identifier [-Wdollar-in-identifier-extension]
   56 |     register_hash(&$);                           \
      |                    ^
<scratch>/codex/chainhash-m2-adjacent/smhasher3/include/hashlib/Hashlib.h:57:12: warning: '$' in identifier [-Wdollar-in-identifier-extension]
   57 |     return $;                                    \
      |            ^
<scratch>/codex/chainhash-m2-adjacent/smhasher3/hashes/blake3.cpp:623:4: warning: '$' in identifier [-Wdollar-in-identifier-extension]
  623 |    $.src_url    = "https://github.com/BLAKE3-team/BLAKE3",
      |    ^
<scratch>/codex/chainhash-m2-adjacent/smhasher3/hashes/blake3.cpp:624:4: warning: '$' in identifier [-Wdollar-in-identifier-extension]
  624 |    $.src_status = HashFamilyInfo::SRC_FROZEN
      |    ^
<scratch>/codex/chainhash-m2-adjacent/smhasher3/hashes/blake3.cpp:630:4: warning: '$' in identifier [-Wdollar-in-identifier-extension]
  630 |    $.desc       = "BLAKE 3, 256-bit digest",
      |    ^
<scratch>/codex/chainhash-m2-adjacent/smhasher3/hashes/blake3.cpp:631:4: warning: '$' in identifier [-Wdollar-in-identifier-extension]
  631 |    $.impl       = BLAKE3_IMPL_STR,
      |    ^
<scratch>/codex/chainhash-m2-adjacent/smhasher3/hashes/blake3.cpp:632:4: warning: '$' in identifier [-Wdollar-in-identifier-extension]
  632 |    $.hash_flags =
      |    ^
<scratch>/codex/chainhash-m2-adjacent/smhasher3/hashes/blake3.cpp:637:4: warning: '$' in identifier [-Wdollar-in-identifier-extension]
  637 |    $.impl_flags =
      |    ^
<scratch>/codex/chainhash-m2-adjacent/smhasher3/hashes/blake3.cpp:643:4: warning: '$' in identifier [-Wdollar-in-identifier-extension]
  643 |    $.bits = 256,
      |    ^
<scratch>/codex/chainhash-m2-adjacent/smhasher3/hashes/blake3.cpp:644:4: warning: '$' in identifier [-Wdollar-in-identifier-extension]
  644 |    $.verification_LE = 0x50E4CD91,
      |    ^
<scratch>/codex/chainhash-m2-adjacent/smhasher3/hashes/blake3.cpp:645:4: warning: '$' in identifier [-Wdollar-in-identifier-extension]
  645 |    $.verification_BE = 0x50E4CD91,
      |    ^
<scratch>/codex/chainhash-m2-adjacent/smhasher3/hashes/blake3.cpp:646:4: warning: '$' in identifier [-Wdollar-in-identifier-extension]
  646 |    $.hashfn_native   = BLAKE3<256>,
      |    ^
<scratch>/codex/chainhash-m2-adjacent/smhasher3/hashes/blake3.cpp:647:4: warning: '$' in identifier [-Wdollar-in-identifier-extension]
  647 |    $.hashfn_bswap    = BLAKE3<256>
      |    ^
242 warnings generated.
[ 17%] Building CXX object CMakeFiles/SMHasher3Tests.dir/util/TestGlobals.cpp.o
16 warnings generated.
[ 17%] Building CXX object CMakeFiles/SMHasher3Tests.dir/tests/SanityTest.cpp.o
[ 19%] Building CXX object CMakeFiles/SMHasher3Hashlib.dir/hashes/xxhash.cpp.o
87 warnings generated.
[ 19%] Building CXX object CMakeFiles/SMHasher3Hashlib.dir/hashes/blake2.cpp.o
<scratch>/codex/chainhash-m2-adjacent/smhasher3/tests/SanityTest.cpp:79:61: warning: format specifies type 'unsigned long long' but the argument has type 'size_t' (aka 'unsigned long') [-Wformat]
   79 |             maybeprintf(" %" PRIu64 ": 0x%02X != 0x%02X: ", i, buf[i], sentinel);
      |             ~~~~~~~~~~~~~~~~~~~~~~~~~~~~~~~~~~~~~~~~~~~~~~~~^~~~~~~~~~~~~~~~~~~~
<scratch>/codex/chainhash-m2-adjacent/smhasher3/tests/SanityTest.cpp:74:63: note: expanded from macro 'maybeprintf'
   74 | #define maybeprintf(...) if (REPORT(VERBOSE, flags)) { printf(__VA_ARGS__); }
      |                                                               ^~~~~~~~~~~
<scratch>/codex/chainhash-m2-adjacent/smhasher3/tests/SanityTest.cpp:95:66: warning: format specifies type 'unsigned long long' but the argument has type 'size_t' (aka 'unsigned long') [-Wformat]
   95 |             maybeprintf(" output byte %" PRIu64 " not altered:", i);
      |             ~~~~~~~~~~~~~~~~~~~~~~~~~~~~~~~~~~~~~~~~~~~~~~~~~~~~~^~
<scratch>/codex/chainhash-m2-adjacent/smhasher3/tests/SanityTest.cpp:74:63: note: expanded from macro 'maybeprintf'
   74 | #define maybeprintf(...) if (REPORT(VERBOSE, flags)) { printf(__VA_ARGS__); }
      |                                                               ^~~~~~~~~~~
<scratch>/codex/chainhash-m2-adjacent/smhasher3/tests/SanityTest.cpp:174:18: note: in instantiation of function template specialization 'verify_hashmatch<true>' requested here
  174 |             if (!verify_hashmatch<true>(hash1, hash2, hashbytes, flags)) {
      |                  ^
<scratch>/codex/chainhash-m2-adjacent/smhasher3/tests/SanityTest.cpp:97:86: warning: format specifies type 'unsigned long long' but the argument has type 'size_t' (aka 'unsigned long') [-Wformat]
   97 |             maybeprintf(" output byte %" PRIu64 " inconsistent (0x%02X != 0x%02X):", i, buf1[i], buf2[i]);
      |             ~~~~~~~~~~~~~~~~~~~~~~~~~~~~~~~~~~~~~~~~~~~~~~~~~~~~~~~~~~~~~~~~~~~~~~~~~^~~~~~~~~~~~~~~~~~~~
<scratch>/codex/chainhash-m2-adjacent/smhasher3/tests/SanityTest.cpp:74:63: note: expanded from macro 'maybeprintf'
   74 | #define maybeprintf(...) if (REPORT(VERBOSE, flags)) { printf(__VA_ARGS__); }
      |                                                               ^~~~~~~~~~~
<scratch>/codex/chainhash-m2-adjacent/smhasher3/tests/SanityTest.cpp:95:66: warning: format specifies type 'unsigned long long' but the argument has type 'size_t' (aka 'unsigned long') [-Wformat]
   95 |             maybeprintf(" output byte %" PRIu64 " not altered:", i);
      |             ~~~~~~~~~~~~~~~~~~~~~~~~~~~~~~~~~~~~~~~~~~~~~~~~~~~~~^~
<scratch>/codex/chainhash-m2-adjacent/smhasher3/tests/SanityTest.cpp:74:63: note: expanded from macro 'maybeprintf'
   74 | #define maybeprintf(...) if (REPORT(VERBOSE, flags)) { printf(__VA_ARGS__); }
      |                                                               ^~~~~~~~~~~
<scratch>/codex/chainhash-m2-adjacent/smhasher3/tests/SanityTest.cpp:274:22: note: in instantiation of function template specialization 'verify_hashmatch<false>' requested here
  274 |                 if (!verify_hashmatch<false>(hash1, hash2, hashbytes, flags)) {
      |                      ^
<scratch>/codex/chainhash-m2-adjacent/smhasher3/tests/SanityTest.cpp:97:86: warning: format specifies type 'unsigned long long' but the argument has type 'size_t' (aka 'unsigned long') [-Wformat]
   97 |             maybeprintf(" output byte %" PRIu64 " inconsistent (0x%02X != 0x%02X):", i, buf1[i], buf2[i]);
      |             ~~~~~~~~~~~~~~~~~~~~~~~~~~~~~~~~~~~~~~~~~~~~~~~~~~~~~~~~~~~~~~~~~~~~~~~~~^~~~~~~~~~~~~~~~~~~~
<scratch>/codex/chainhash-m2-adjacent/smhasher3/tests/SanityTest.cpp:74:63: note: expanded from macro 'maybeprintf'
   74 | #define maybeprintf(...) if (REPORT(VERBOSE, flags)) { printf(__VA_ARGS__); }
      |                                                               ^~~~~~~~~~~
In file included from <scratch>/codex/chainhash-m2-adjacent/smhasher3/hashes/xxhash.cpp:33:
<scratch>/codex/chainhash-m2-adjacent/smhasher3/include/hashlib/Hashlib.h:44:20: warning: '$' in identifier [-Wdollar-in-identifier-extension]
   44 |     HashFamilyInfo $(#N);                          \
      |                    ^
<scratch>/codex/chainhash-m2-adjacent/smhasher3/include/hashlib/Hashlib.h:46:12: warning: '$' in identifier [-Wdollar-in-identifier-extension]
   46 |     return $;                                      \
      |            ^
<scratch>/codex/chainhash-m2-adjacent/smhasher3/include/hashlib/Hashlib.h:54:14: warning: '$' in identifier [-Wdollar-in-identifier-extension]
   54 |     HashInfo $(#N, THIS_HASH_FAMILY.name);       \
      |              ^
<scratch>/codex/chainhash-m2-adjacent/smhasher3/include/hashlib/Hashlib.h:56:20: warning: '$' in identifier [-Wdollar-in-identifier-extension]
   56 |     register_hash(&$);                           \
      |                    ^
<scratch>/codex/chainhash-m2-adjacent/smhasher3/include/hashlib/Hashlib.h:57:12: warning: '$' in identifier [-Wdollar-in-identifier-extension]
   57 |     return $;                                    \
      |            ^
In file included from <scratch>/codex/chainhash-m2-adjacent/smhasher3/hashes/blake2.cpp:31:
<scratch>/codex/chainhash-m2-adjacent/smhasher3/include/hashlib/Hashlib.h:44:20: warning: '$' in identifier [-Wdollar-in-identifier-extension]
   44 |     HashFamilyInfo $(#N);                          \
      |                    ^
<scratch>/codex/chainhash-m2-adjacent/smhasher3/include/hashlib/Hashlib.h:46:12: warning: '$' in identifier [-Wdollar-in-identifier-extension]
   46 |     return $;                                      \
      |            ^
<scratch>/codex/chainhash-m2-adjacent/smhasher3/include/hashlib/Hashlib.h:54:14: warning: '$' in identifier [-Wdollar-in-identifier-extension]
   54 |     HashInfo $(#N, THIS_HASH_FAMILY.name);       \
      |              ^
<scratch>/codex/chainhash-m2-adjacent/smhasher3/include/hashlib/Hashlib.h:56:20: warning: '$' in identifier [-Wdollar-in-identifier-extension]
   56 |     register_hash(&$);                           \
      |                    ^
<scratch>/codex/chainhash-m2-adjacent/smhasher3/include/hashlib/Hashlib.h:57:12: warning: '$' in identifier [-Wdollar-in-identifier-extension]
   57 |     return $;                                    \
      |            ^
<scratch>/codex/chainhash-m2-adjacent/smhasher3/hashes/blake2.cpp:224:4: warning: '$' in identifier [-Wdollar-in-identifier-extension]
  224 |    $.src_url    = "https://github.com/BLAKE2/BLAKE2",
      |    ^
<scratch>/codex/chainhash-m2-adjacent/smhasher3/hashes/blake2.cpp:225:4: warning: '$' in identifier [-Wdollar-in-identifier-extension]
  225 |    $.src_status = HashFamilyInfo::SRC_FROZEN
      |    ^
<scratch>/codex/chainhash-m2-adjacent/smhasher3/hashes/blake2.cpp:229:4: warning: '$' in identifier [-Wdollar-in-identifier-extension]
  229 |    $.desc       = "BLAKE 2b, 256-bit digest",
      |    ^
<scratch>/codex/chainhash-m2-adjacent/smhasher3/hashes/blake2.cpp:230:4: warning: '$' in identifier [-Wdollar-in-identifier-extension]
  230 |    $.impl       = BLAKE2_IMPL_STR,
      |    ^
<scratch>/codex/chainhash-m2-adjacent/smhasher3/hashes/blake2.cpp:231:4: warning: '$' in identifier [-Wdollar-in-identifier-extension]
  231 |    $.hash_flags =
      |    ^
<scratch>/codex/chainhash-m2-adjacent/smhasher3/hashes/blake2.cpp:236:4: warning: '$' in identifier [-Wdollar-in-identifier-extension]
  236 |    $.impl_flags =
      |    ^
<scratch>/codex/chainhash-m2-adjacent/smhasher3/hashes/blake2.cpp:242:4: warning: '$' in identifier [-Wdollar-in-identifier-extension]
  242 |    $.bits = 256,
      |    ^
<scratch>/codex/chainhash-m2-adjacent/smhasher3/hashes/blake2.cpp:243:4: warning: '$' in identifier [-Wdollar-in-identifier-extension]
  243 |    $.verification_LE = 0xC9D8D995,
      |    ^
<scratch>/codex/chainhash-m2-adjacent/smhasher3/hashes/blake2.cpp:244:4: warning: '$' in identifier [-Wdollar-in-identifier-extension]
  244 |    $.verification_BE = 0xCDB3E566,
      |    ^
<scratch>/codex/chainhash-m2-adjacent/smhasher3/hashes/blake2.cpp:245:4: warning: '$' in identifier [-Wdollar-in-identifier-extension]
  245 |    $.hashfn_native   = BLAKE2B<256, 256, false>,
      |    ^
<scratch>/codex/chainhash-m2-adjacent/smhasher3/hashes/blake2.cpp:246:4: warning: '$' in identifier [-Wdollar-in-identifier-extension]
  246 |    $.hashfn_bswap    = BLAKE2B<256, 256, true>
      |    ^
<scratch>/codex/chainhash-m2-adjacent/smhasher3/hashes/blake2.cpp:250:4: warning: '$' in identifier [-Wdollar-in-identifier-extension]
  250 |    $.desc       = "BLAKE 2b, 224-bit digest",
      |    ^
<scratch>/codex/chainhash-m2-adjacent/smhasher3/hashes/blake2.cpp:251:4: warning: '$' in identifier [-Wdollar-in-identifier-extension]
  251 |    $.impl       = BLAKE2_IMPL_STR,
      |    ^
<scratch>/codex/chainhash-m2-adjacent/smhasher3/hashes/blake2.cpp:252:4: warning: '$' in identifier [-Wdollar-in-identifier-extension]
  252 |    $.hash_flags =
      |    ^
<scratch>/codex/chainhash-m2-adjacent/smhasher3/hashes/blake2.cpp:257:4: warning: '$' in identifier [-Wdollar-in-identifier-extension]
  257 |    $.impl_flags =
      |    ^
<scratch>/codex/chainhash-m2-adjacent/smhasher3/hashes/blake2.cpp:263:4: warning: '$' in identifier [-Wdollar-in-identifier-extension]
  263 |    $.bits = 224,
      |    ^
<scratch>/codex/chainhash-m2-adjacent/smhasher3/hashes/blake2.cpp:264:4: warning: '$' in identifier [-Wdollar-in-identifier-extension]
  264 |    $.verification_LE = 0x101A62A4,
      |    ^
<scratch>/codex/chainhash-m2-adjacent/smhasher3/hashes/blake2.cpp:265:4: warning: '$' in identifier [-Wdollar-in-identifier-extension]
  265 |    $.verification_BE = 0x77BE80ED,
      |    ^
<scratch>/codex/chainhash-m2-adjacent/smhasher3/hashes/blake2.cpp:266:4: warning: '$' in identifier [-Wdollar-in-identifier-extension]
  266 |    $.hashfn_native   = BLAKE2B<224, 224, false>,
      |    ^
<scratch>/codex/chainhash-m2-adjacent/smhasher3/hashes/blake2.cpp:267:4: warning: '$' in identifier [-Wdollar-in-identifier-extension]
  267 |    $.hashfn_bswap    = BLAKE2B<224, 224, true>
      |    ^
<scratch>/codex/chainhash-m2-adjacent/smhasher3/hashes/blake2.cpp:271:4: warning: '$' in identifier [-Wdollar-in-identifier-extension]
  271 |    $.desc       = "BLAKE 2b, 160-bit digest",
      |    ^
<scratch>/codex/chainhash-m2-adjacent/smhasher3/hashes/blake2.cpp:272:4: warning: '$' in identifier [-Wdollar-in-identifier-extension]
  272 |    $.impl       = BLAKE2_IMPL_STR,
      |    ^
<scratch>/codex/chainhash-m2-adjacent/smhasher3/hashes/blake2.cpp:273:4: warning: '$' in identifier [-Wdollar-in-identifier-extension]
  273 |    $.hash_flags =
      |    ^
<scratch>/codex/chainhash-m2-adjacent/smhasher3/hashes/blake2.cpp:278:4: warning: '$' in identifier [-Wdollar-in-identifier-extension]
  278 |    $.impl_flags =
      |    ^
<scratch>/codex/chainhash-m2-adjacent/smhasher3/hashes/blake2.cpp:284:4: warning: '$' in identifier [-Wdollar-in-identifier-extension]
  284 |    $.bits = 160,
      |    ^
<scratch>/codex/chainhash-m2-adjacent/smhasher3/hashes/blake2.cpp:285:4: warning: '$' in identifier [-Wdollar-in-identifier-extension]
  285 |    $.verification_LE = 0x28ADDA30,
      |    ^
<scratch>/codex/chainhash-m2-adjacent/smhasher3/hashes/blake2.cpp:286:4: warning: '$' in identifier [-Wdollar-in-identifier-extension]
  286 |    $.verification_BE = 0xFF79839E,
      |    ^
<scratch>/codex/chainhash-m2-adjacent/smhasher3/hashes/blake2.cpp:287:4: warning: '$' in identifier [-Wdollar-in-identifier-extension]
  287 |    $.hashfn_native   = BLAKE2B<160, 160, false>,
      |    ^
<scratch>/codex/chainhash-m2-adjacent/smhasher3/hashes/blake2.cpp:288:4: warning: '$' in identifier [-Wdollar-in-identifier-extension]
  288 |    $.hashfn_bswap    = BLAKE2B<160, 160, true>
      |    ^
<scratch>/codex/chainhash-m2-adjacent/smhasher3/hashes/blake2.cpp:292:4: warning: '$' in identifier [-Wdollar-in-identifier-extension]
  292 |    $.desc       = "BLAKE 2b, 128-bit digest",
      |    ^
<scratch>/codex/chainhash-m2-adjacent/smhasher3/hashes/blake2.cpp:293:4: warning: '$' in identifier [-Wdollar-in-identifier-extension]
  293 |    $.impl       = BLAKE2_IMPL_STR,
      |    ^
<scratch>/codex/chainhash-m2-adjacent/smhasher3/hashes/blake2.cpp:294:4: warning: '$' in identifier [-Wdollar-in-identifier-extension]
  294 |    $.hash_flags =
      |    ^
<scratch>/codex/chainhash-m2-adjacent/smhasher3/hashes/blake2.cpp:299:4: warning: '$' in identifier [-Wdollar-in-identifier-extension]
  299 |    $.impl_flags =
      |    ^
<scratch>/codex/chainhash-m2-adjacent/smhasher3/hashes/blake2.cpp:305:4: warning: '$' in identifier [-Wdollar-in-identifier-extension]
  305 |    $.bits = 128,
      |    ^
<scratch>/codex/chainhash-m2-adjacent/smhasher3/hashes/blake2.cpp:306:4: warning: '$' in identifier [-Wdollar-in-identifier-extension]
  306 |    $.verification_LE = 0x7DC97611,
      |    ^
<scratch>/codex/chainhash-m2-adjacent/smhasher3/hashes/blake2.cpp:307:4: warning: '$' in identifier [-Wdollar-in-identifier-extension]
  307 |    $.verification_BE = 0xDD6695FD,
      |    ^
<scratch>/codex/chainhash-m2-adjacent/smhasher3/hashes/blake2.cpp:308:4: warning: '$' in identifier [-Wdollar-in-identifier-extension]
  308 |    $.hashfn_native   = BLAKE2B<128, 128, false>,
      |    ^
<scratch>/codex/chainhash-m2-adjacent/smhasher3/hashes/blake2.cpp:309:4: warning: '$' in identifier [-Wdollar-in-identifier-extension]
  309 |    $.hashfn_bswap    = BLAKE2B<128, 128, true>
      |    ^
<scratch>/codex/chainhash-m2-adjacent/smhasher3/hashes/blake2.cpp:313:4: warning: '$' in identifier [-Wdollar-in-identifier-extension]
  313 |    $.desc       = "BLAKE 2b, 256-bit digest, bits 0-63",
      |    ^
<scratch>/codex/chainhash-m2-adjacent/smhasher3/hashes/blake2.cpp:314:4: warning: '$' in identifier [-Wdollar-in-identifier-extension]
  314 |    $.impl       = BLAKE2_IMPL_STR,
      |    ^
<scratch>/codex/chainhash-m2-adjacent/smhasher3/hashes/blake2.cpp:315:4: warning: '$' in identifier [-Wdollar-in-identifier-extension]
  315 |    $.hash_flags =
      |    ^
<scratch>/codex/chainhash-m2-adjacent/smhasher3/hashes/blake2.cpp:320:4: warning: '$' in identifier [-Wdollar-in-identifier-extension]
  320 |    $.impl_flags =
      |    ^
<scratch>/codex/chainhash-m2-adjacent/smhasher3/hashes/blake2.cpp:326:4: warning: '$' in identifier [-Wdollar-in-identifier-extension]
  326 |    $.bits = 64,
      |    ^
<scratch>/codex/chainhash-m2-adjacent/smhasher3/hashes/blake2.cpp:327:4: warning: '$' in identifier [-Wdollar-in-identifier-extension]
  327 |    $.verification_LE = 0xCF4F7EC3,
      |    ^
<scratch>/codex/chainhash-m2-adjacent/smhasher3/hashes/blake2.cpp:328:4: warning: '$' in identifier [-Wdollar-in-identifier-extension]
  328 |    $.verification_BE = 0x0EB38190,
      |    ^
<scratch>/codex/chainhash-m2-adjacent/smhasher3/hashes/blake2.cpp:329:4: warning: '$' in identifier [-Wdollar-in-identifier-extension]
  329 |    $.hashfn_native   = BLAKE2B<256, 64, false>,
      |    ^
<scratch>/codex/chainhash-m2-adjacent/smhasher3/hashes/blake2.cpp:330:4: warning: '$' in identifier [-Wdollar-in-identifier-extension]
  330 |    $.hashfn_bswap    = BLAKE2B<256, 64, true>
      |    ^
<scratch>/codex/chainhash-m2-adjacent/smhasher3/hashes/blake2.cpp:334:4: warning: '$' in identifier [-Wdollar-in-identifier-extension]
  334 |    $.desc       = "BLAKE 2s, 256-bit digest",
      |    ^
<scratch>/codex/chainhash-m2-adjacent/smhasher3/hashes/blake2.cpp:335:4: warning: '$' in identifier [-Wdollar-in-identifier-extension]
  335 |    $.impl       = BLAKE2_I<scratch>/codex/chainhash-m2-adjacent/smhasher3/hashes/xxhash.cpp:1559:4: warning: '$' in identifier [-Wdollar-in-identifier-extension]
MPL_STR,
 1559 |    $.src_      |    ^
url    = <scratch>/codex/chainhash-m2-adjacent/smhasher3/hashes/blake2.cpp:336:4"htt: warning: '$' in identifier [-Wdollar-in-identifier-extension]
  336 |    $.hps://ash_fgithulags =
      |    ^
b.co<scratch>/codex/chainhash-m2-adjacent/smhasher3/hashes/blake2.cpp:341:4m/Cya: warning: '$' in identifier [-Wdollar-in-identifier-extension]
n4973  341 |   /xxHash" $.im,
      |    ^
pl_flags =
      <scratch>/codex/chainhash-m2-adjacent/smhasher3/hashes/xxhash.cpp:1560:4: |    ^
warning: '$' in identifier [-Wdollar-in-identifier-extension]
<scratch>/codex/chainhash-m2-adjacent/smhasher3/hashes/blake2.cpp: 1560 |    $.src_sta347:4tus : warning: '$' in identifier [-Wdollar-in-identifier-extension]
= Hash  347 |    $.bitsFamilyInf = 2o::S56,
      |    ^
<scratch>/codex/chainhash-m2-adjacent/smhasher3/hashes/blake2.cpp:348:RC_ACTIV4: warning: '$' in identifier [-Wdollar-in-identifier-extension]E
      | 
  348 |     ^
  $.verification_LE = 0x841D6354,
      |    ^
<scratch>/codex/chainhash-m2-adjacent/smhasher3/hashes/blake2.cpp:349:4: warning: '$' in identifier [-Wdollar-in-identifier-extension]
  349 |    $.verification_BE = 0x9F85F5C2,
      |    ^
<scratch>/codex/chainhash-m2-adjacent/smhasher3/hashes/blake2.cpp:350:4: warning: '$' in identifier [-Wdollar-in-identifier-extension]
  350 |    $.hashfn_native   = BLAKE2S<256, 256, false>,
      |    ^
<scratch>/codex/chainhash-m2-adjacent/smhasher3/hashes/blake2.cpp:351:4: warning: '$' in identifier [-Wdollar-in-identifier-extension]
  351 |    $.hashfn_bswap    = BLAKE2S<256, 256, true>
      |    ^
<scratch>/codex/chainhash-m2-adjacent/smhasher3/hashes/xxhash.cpp:1564:4: warning: '$' in identifier [-Wdollar-in-identifier-extension]
 1564 |    $.desc       = "xxHash, 32-bit version",
      |    ^
<scratch>/codex/chainhash-m2-adjacent/smhasher3/hashes/xxhash.cpp:1565:4: warning: '$' in identifier [-Wdollar-in-identifier-extension]
 1565 |    $.hash_flags<scratch>/codex/chainhash-m2-adjacent/smhasher3/hashes/blake2.cpp:355:4: warning: '$' in identifier [-Wdollar-in-identifier-extension]
 =
      |    ^
  355 |    $.des<scratch>/codex/chainhash-m2-adjacent/smhasher3/hashes/xxhash.cpp:1568:4:c     warning: '$' in identifier [-Wdollar-in-identifier-extension]
 1568 |     = "B  $LAKE 2.imps, 224l_fla-bit diggs =
est",      |    ^
<scratch>/codex/chainhash-m2-adjacent/smhasher3/hashes/xxhash.cpp:1573:
      |    ^4: warning: '$' in identifier [-Wdollar-in-identifier-extension]
 1573 | 
<scratch>/codex/chainhash-m2-adjacent/smhasher3/hashes/blake2.cpp:356:4:    warning: '$' in identifier [-Wdollar-in-identifier-extension]
$.b  356 |    $.imits =pl    32    ,
      |    ^= BLAKE2_IMP
<scratch>/codex/chainhash-m2-adjacent/smhasher3/hashes/xxhash.cpp:1574:4: warning: L_STR,
'$' in identifier [-Wdollar-in-identifier-extension]
 1574 |    $.v      |    ^
<scratch>/codex/chainhash-m2-adjacent/smhasher3/hashes/blake2.cpp:357:erifi4: catwarning: '$' in identifier [-Wdollar-in-identifier-extension]
  357 |    $.hion_Lash_E = 0xfla6FD7gs =
8385,      |    ^

      |    ^
<scratch>/codex/chainhash-m2-adjacent/smhasher3/hashes/xxhash.cpp:1575:4:<scratch>/codex/chainhash-m2-adjacent/smhasher3/hashes/blake2.cpp:362:4: warning: '$' in identifier [-Wdollar-in-identifier-extension]
  362 |    $.i warning: '$' in identifier [-Wdollar-in-identifier-extension]
 1575 | mpl_   $.flags =
      |    ^
verif<scratch>/codex/chainhash-m2-adjacent/smhasher3/hashes/blake2.cpp:368:4: warning: '$' in identifier [-Wdollar-in-identifier-extension]
icat  368 |   ion_ $.bits = 2BE =24,
      |    ^
 0x2B<scratch>/codex/chainhash-m2-adjacent/smhasher3/hashes/blake2.cpp:369:4:C79298,
       warning: '$' in identifier [-Wdollar-in-identifier-extension]
|    ^
<scratch>/codex/chainhash-m2-adjacent/smhasher3/hashes/xxhash.cpp:1576:4  369 |  : warning: '$' in identifier [-Wdollar-in-identifier-extension]
  $.verification 1576 |   _LE = 0x19B3 $.h6D2C,
      |    ^
<scratch>/codex/chainhash-m2-adjacent/smhasher3/hashes/blake2.cpp:370:4: warning: ash'$' in identifier [-Wdollar-in-identifier-extension]
  370 |    $fn_native   = XXH32<false>,
      |    ^
.verification_B<scratch>/codex/chainhash-m2-adjacent/smhasher3/hashes/xxhash.cpp:1577:4: E = 0xBDwarning: '$' in identifier [-Wdollar-in-identifier-extension]
261 1577 |    $.F10,
      |    ^hashfn_b
<scratch>/codex/chainhash-m2-adjacent/smhasher3/hashes/blake2.cpp:371:4: swap    warning: '$' in identifier [-Wdollar-in-identifier-extension]
  371 | = XXH32<t   $.hasrue>
      |    ^hfn_nati
ve   = BLAKE2S<224, 224, false>,
      |    ^
<scratch>/codex/chainhash-m2-adjacent/smhasher3/hashes/blake2.cpp:372:4: warning: '$' in identifier [-Wdollar-in-identifier-extension]
  372 |    $.hashfn_bswap    = BLAKE2S<224, 224, true>
      |    ^
<scratch>/codex/chainhash-m2-adjacent/smhasher3/hashes/xxhash.cpp:1581:4: warning: '$' in identifier [-Wdollar-in-identifier-extension]
 1581 |    $.desc       = "xxHash, 64-bit version",
      |    ^
<scratch>/codex/chainhash-m2-adjacent/smhasher3/hashes/xxhash.cpp:1582:4: warning: '$' in identifier [-Wdollar-in-identifier-extension]
 1582 |    $.hash_flags =
      <scratch>/codex/chainhash-m2-adjacent/smhasher3/hashes/blake2.cpp:376:4: warning: '$' in identifier [-Wdollar-in-identifier-extension]|    ^

<scratch>/codex/chainhash-m2-adjacent/smhasher3/hashes/xxhash.cpp:1584:4: warning: '$' in identifier [-Wdollar-in-identifier-extension]
  376 |  1584 |    $.impl_fla   $.desc       = "BLAKE 2s, 160-bit digegs =
      |    ^
st",
      |    ^
<scratch>/codex/chainhash-m2-adjacent/smhasher3/hashes/xxhash.cpp:1589:4<scratch>/codex/chainhash-m2-adjacent/smhasher3/hashes/blake2.cpp:377:: warning: '$' in identifier [-Wdollar-in-identifier-extension]
 1589 |    $.bits = 4: warning: '$' in identifier [-Wdollar-in-identifier-extension]
  377 |    $.64,
      |    ^impl       = BLAKE2_I
MPL_S<scratch>/codex/chainhash-m2-adjacent/smhasher3/hashes/xxhash.cpp:1590:4:TR,
      |    ^
 warning: '$' in identifier [-Wdollar-in-identifier-extension]
 1590 |  <scratch>/codex/chainhash-m2-adjacent/smhasher3/hashes/blake2.cpp:378:  $.verific4: warning: '$' in identifier [-Wdollar-in-identifier-extension]ation_LE 
  378 |    = 0x$.has8F82h_f24C4la,
      gs =
      |    ^|    ^
<scratch>/codex/chainhash-m2-adjacent/smhasher3/hashes/xxhash.cpp:1591:4:
 warning: '$' in identifier [-Wdollar-in-identifier-extension]
<scratch>/codex/chainhash-m2-adjacent/smhasher3/hashes/blake2.cpp:383:4 1591 |  : warning: '$' in identifier [-Wdollar-in-identifier-extension]
  $.v  383 |   erifi $.imcation_BE pl_f= 0xBlags 96ABE=
      |    ^81,
      
|    ^
<scratch>/codex/chainhash-m2-adjacent/smhasher3/hashes/blake2.cpp:389:4: warning: '$' in identifier [-Wdollar-in-identifier-extension]
<scratch>/codex/chainhash-m2-adjacent/smhasher3/hashes/xxhash.cpp:1592:4:   389 |    $.bitwarning: '$' in identifier [-Wdollar-in-identifier-extension]
 1592 |  s = 1  $.h60,
      |    ^
ashfn<scratch>/codex/chainhash-m2-adjacent/smhasher3/hashes/blake2.cpp:390:4_native   = XXH6: warning: '$' in identifier [-Wdollar-in-identifier-extension]4<false
  390 |   >,
      |    ^
 $.v<scratch>/codex/chainhash-m2-adjacent/smhasher3/hashes/xxhash.cpp:1593:4:erifi warning: '$' in identifier [-Wdollar-in-identifier-extension]
catio 1593 |  n_LE  $. = 0hashxD50FF144,
fn_bswap    = XXH64<      |    ^
true<scratch>/codex/chainhash-m2-adjacent/smhasher3/hashes/blake2.cpp:391:4>
      |    ^: warning: '$' in identifier [-Wdollar-in-identifier-extension]

  391 |    $.verification_BE = 0xF9579BEA,
      |    ^
<scratch>/codex/chainhash-m2-adjacent/smhasher3/hashes/blake2.cpp:392:4: warning: '$' in identifier [-Wdollar-in-identifier-extension]
  392 |    $.hashfn_native   = BLAKE2S<160, 160, false>,
      |    ^
<scratch>/codex/chainhash-m2-adjacent/smhasher3/hashes/blake2.cpp:393:4: warning: '$' in identifier [-Wdollar-in-identifier-extension]
  393 |    $.hashfn_bswap    = BLAKE2S<160, 160, true>
      |    ^
<scratch>/codex/chainhash-m2-adjacent/smhasher3/hashes/blake2.cpp:397:4: warning: '$' in identifier [-Wdollar-in-identifier-extension]
  397 |    $.desc       = "BLAKE 2s, 128-bit digest",
      |    ^
<scratch>/codex/chainhash-m2-adjacent/smhasher3/hashes/blake2.cpp:398:4: warning: '$' in identifier [-Wdollar-in-identifier-extension]
  398 |    $.impl       = BLAKE2_IMPL_STR,
      |    ^
<scratch>/codex/chainhash-m2-adjacent/smhasher3/hashes/blake2.cpp:399:4: warning: '$' in identifier [-Wdollar-in-identifier-extension]
  399 |    $.hash_flags =
      |    ^
<scratch>/codex/chainhash-m2-adjacent/smhasher3/hashes/blake2.cpp:404:4: warning: '$' in identifier [-Wdollar-in-identifier-extension]
  404 |    $.impl_flags =
      |    ^
<scratch>/codex/chainhash-m2-adjacent/smhasher3/hashes/blake2.cpp:410:4: warning: '$' in identifier [-Wdollar-in-identifier-extension]
  410 |    $.bits = 128,
      |    ^
<scratch>/codex/chainhash-m2-adjacent/smhasher3/hashes/blake2.cpp:411:4: warning: '$' in identifier [-Wdollar-in-identifier-extension]
  411 |    $.verifi<scratch>/codex/chainhash-m2-adjacent/smhasher3/hashes/xxhash.cpp:1597:4: warning: '$' in identifier [-Wdollar-in-identifier-extension]
 1597 | cation_LE = 0   $.dxE8D8FCDF,
      |    ^
esc       = <scratch>/codex/chainhash-m2-adjacent/smhasher3/hashes/blake2.cpp:412:4: warning: '$' in identifier [-Wdollar-in-identifier-extension]
  412 |    $.verificati"xxh3, on_BE = 064-bit version",
      | x9C786057,
      |    ^
   ^
<scratch>/codex/chainhash-m2-adjacent/smhasher3/hashes/blake2.cpp:413:4: warning: '$' in identifier [-Wdollar-in-identifier-extension]
  413 |    $.hashf<scratch>/codex/chainhash-m2-adjacent/smhasher3/hashes/xxhash.cpp:1598:4: warning: '$' in identifier [-Wdollar-in-identifier-extension]
n_nati 1598 |    $.imve   = BLpl     AKE2S<128, 12  = xxh_vec8, falsetor_str[XXH_VECTOR],
      |    ^
>,
      |    ^
<scratch>/codex/chainhash-m2-adjacent/smhasher3/hashes/xxhash.cpp:1599:4: warning: '$' in identifier [-Wdollar-in-identifier-extension]
 1599 |    $.has<scratch>/codex/chainhash-m2-adjacent/smhasher3/hashes/blake2.cpp:414:4: warning: '$' in identifier [-Wdollar-in-identifier-extension]
  414 |    h_flags =
$.hashfn_bswap       |    ^
<scratch>/codex/chainhash-m2-adjacent/smhasher3/hashes/xxhash.cpp:1602:4: warning: '$' in identifier [-Wdollar-in-identifier-extension]
 1602 |     = BLAKE2S<128,  $.impl_flags 128, true> =
      
      |    ^|    ^
<scratch>/codex/chainhash-m2-adjacent/smhasher3/hashes/xxhash.cpp:1607:4
: warning: '$' in identifier [-Wdollar-in-identifier-extension]
 1607 |    $.bits = 64,
      |    ^
<scratch>/codex/chainhash-m2-adjacent/smhasher3/hashes/xxhash.cpp:1608:4: warning: '$' in identifier [-Wdollar-in-identifier-extension]
 1608 |    $.verification_LE = 0x1AAEE62C,
      |    ^
<scratch>/codex/chainhash-m2-adjacent/smhasher3/hashes/xxhash.cpp:1609:4: warning: '$' in identifier [-Wdollar-in-identifier-extension]
 1609 |    $.verification_BE = 0xF8DBB4DD,
      |    ^
<scratch>/codex/chainhash-m2-adjacent/smhasher3/hashes/blake2.cpp:418:4:<scratch>/codex/chainhash-m2-adjacent/smhasher3/hashes/xxhash.cpp:1610:4: warning: '$' in identifier [-Wdollar-in-identifier-extension]
 warning: '$' in identifier [-Wdollar-in-identifier-extension]
 1610 |      418 |    $.de$.hsc       = ashfn_na"BLAKE 2s, tiv256e  -bi = t dXXHige3_6st,4<f bialse>,
      |    ^
<scratch>/codex/chainhash-m2-adjacent/smhasher3/hashes/xxhash.cpp:1611:4: warning: '$' in identifier [-Wdollar-in-identifier-extension]
ts 0-63",
      |    ^
<scratch>/codex/chainhash-m2-adjacent/smhasher3/hashes/blake2.cpp:419: 1611 | 4:    warning: '$' in identifier [-Wdollar-in-identifier-extension]
$.h  419 | ashfn_bswap    = XXH3   _64<true>,
      |    ^
<scratch>/codex/chainhash-m2-adjacent/smhasher3/hashes/xxhash.cpp:1614:4: warning: $.impl       '$' in identifier [-Wdollar-in-identifier-extension]
 1614 |   = BLAKE2_IMPL_STR, $.seedfixfn       
      |    ^
<scratch>/codex/chainhash-m2-adjacent/smhasher3/hashes/blake2.cpp:420:4: warning: '$' in identifier [-Wdollar-in-identifier-extension]
  420 |   = e $.hasxclh_fudelagBadses =eds,
      |    ^

      | <scratch>/codex/chainhash-m2-adjacent/smhasher3/hashes/xxhash.cpp:1615   ^
<scratch>/codex/chainhash-m2-adjacent/smhasher3/hashes/blake2.cpp:425:4: warning: :4: warning: '$' in identifier [-Wdollar-in-identifier-extension]
 1615'$' in identifier [-Wdollar-in-identifier-extension]
 |    $.bad  425 |    $.seeds        = {
      |    ^
impl_flags =
      |    ^
<scratch>/codex/chainhash-m2-adjacent/smhasher3/hashes/blake2.cpp:431:4: warning: '$' in identifier [-Wdollar-in-identifier-extension]
  431 |    $.bits = 64,
      |    ^
<scratch>/codex/chainhash-m2-adjacent/smhasher3/hashes/blake2.cpp:432:4: warning: '$' in identifier [-Wdollar-in-identifier-extension]
  432 |    $.verification_LE = 0x53000BB2,
      |    ^
<scratch>/codex/chainhash-m2-adjacent/smhasher3/hashes/blake2.cpp:433:4: warning: '$' in identifier [-Wdollar-in-identifier-extension]
  433 |    $.verification_BE = 0x901DDE1D,
      |    ^
<scratch>/codex/chainhash-m2-adjacent/smhasher3/hashes/xxhash.cpp:1629:4: warning: '$' in identifier [-Wdollar-in-identifier-extension]
<scratch>/codex/chainhash-m2-adjacent/smhasher3/hashes/blake2.cpp:434:4: warning: '$' in identifier [-Wdollar-in-identifier-extension]
  434 |    $.hashfn_n 1629 |    $.desc       = "xxh3, 64-bit veative   = BLAKE2S<256rsion with s, 64, ecrfalse>,
      |    ^
et ini<scratch>/codex/chainhash-m2-adjacent/smhasher3/hashes/blake2.cpp:435tialized per:4: warning: '$' in identifier [-Wdollar-in-identifier-extension]
-seed",
      |    ^  435 | 
<scratch>/codex/chainhash-m2-adjacent/smhasher3/hashes/xxhash.cpp:1630:4: warning: '$' in identifier [-Wdollar-in-identifier-extension]   $
 1630 |    $.imp.hashfl    n_bsw   = xxh_vector_str[XXH_VEap    = BLAKE2S<25CTOR],6, 
      | 64,   ^
 true><scratch>/codex/chainhash-m2-adjacent/smhasher3/hashes/xxhash.cpp:1631:4: warning: '$' in identifier [-Wdollar-in-identifier-extension]
 1631 |    $.ha
      |    ^
sh_flags =
      |    ^
<scratch>/codex/chainhash-m2-adjacent/smhasher3/hashes/xxhash.cpp:1634:4: warning: '$' in identifier [-Wdollar-in-identifier-extension]
 1634 |    $.impl_flags =
      |    ^
<scratch>/codex/chainhash-m2-adjacent/smhasher3/hashes/xxhash.cpp:1640:4: warning: '$' in identifier [-Wdollar-in-identifier-extension]
 1640 |    $.bits = 64,
      |    ^
<scratch>/codex/chainhash-m2-adjacent/smhasher3/hashes/xxhash.cpp:1641:4: warning: '$' in identifier [-Wdollar-in-identifier-extension]
 1641 |    $.verification_LE = 0x1D70522D,
      |    ^
<scratch>/codex/chainhash-m2-adjacent/smhasher3/hashes/xxhash.cpp:1642:4: warning: '$' in identifier [-Wdollar-in-identifier-extension]
 1642 |    $.verification_BE = 0x853C024D,
      |    ^
<scratch>/codex/chainhash-m2-adjacent/smhasher3/hashes/xxhash.cpp:1643:4: warning: '$' in identifier [-Wdollar-in-identifier-extension]
 1643 |    $.hashfn_native   = XXH3_64_reseed<false>,
      |    ^
<scratch>/codex/chainhash-m2-adjacent/smhasher3/hashes/xxhash.cpp:1644:4: warning: '$' in identifier [-Wdollar-in-identifier-extension]
 1644 |    $.hashfn_bswap    = XXH3_64_reseed<true>,
      |    ^
<scratch>/codex/chainhash-m2-adjacent/smhasher3/hashes/xxhash.cpp:1645:4: warning: '$' in identifier [-Wdollar-in-identifier-extension]
 1645 |    $.seedfn          = xxh3_initsecret,
      |    ^
<scratch>/codex/chainhash-m2-adjacent/smhasher3/hashes/xxhash.cpp:1648:4: warning: '$' in identifier [-Wdollar-in-identifier-extension]
 1648 |    $.seedfixfn       = excludeBadseeds,
      |    ^
<scratch>/codex/chainhash-m2-adjacent/smhasher3/hashes/xxhash.cpp:1649:4: warning: '$' in identifier [-Wdollar-in-identifier-extension]
 1649 |    $.badseeds        = {
      |    ^
<scratch>/codex/chainhash-m2-adjacent/smhasher3/hashes/xxhash.cpp:1667:4: warning: '$' in identifier [-Wdollar-in-identifier-extension]
 1667 |    $.desc       = "xxh3, 64-bit version with secret regenerated per-seed",
      |    ^
<scratch>/codex/chainhash-m2-adjacent/smhasher3/hashes/xxhash.cpp:1668:4: warning: '$' in identifier [-Wdollar-in-identifier-extension]
 1668 |    $.impl       = xxh_vector_str[XXH_VECTOR],
      |    ^
<scratch>/codex/chainhash-m2-adjacent/smhasher3/hashes/xxhash.cpp:1669:4: warning: '$' in identifier [-Wdollar-in-identifier-extension]
 1669 |    $.hash_flags =
      |    ^
<scratch>/codex/chainhash-m2-adjacent/smhasher3/hashes/xxhash.cpp:1672:4: warning: '$' in identifier [-Wdollar-in-identifier-extension]
 1672 |    $.impl_flags =
      |    ^
<scratch>/codex/chainhash-m2-adjacent/smhasher3/hashes/xxhash.cpp:1677:4: warning: '$' in identifier [-Wdollar-in-identifier-extension]
 1677 |    $.bits = 64,
      |    ^
<scratch>/codex/chainhash-m2-adjacent/smhasher3/hashes/xxhash.cpp:1678:4: warning: '$' in identifier [-Wdollar-in-identifier-extension]
 1678 |    $.verification_LE = 0xD9D35F29,
      |    ^
<scratch>/codex/chainhash-m2-adjacent/smhasher3/hashes/xxhash.cpp:1679:4: warning: '$' in identifier [-Wdollar-in-identifier-extension]
 1679 |    $.verification_BE = 0x6A66F3AD,
      |    ^
<scratch>/codex/chainhash-m2-adjacent/smhasher3/hashes/xxhash.cpp:1680:4: warning: '$' in identifier [-Wdollar-in-identifier-extension]
 1680 |    $.hashfn_native   = XXH3_64_reseed<false>,
      |    ^
<scratch>/codex/chainhash-m2-adjacent/smhasher3/hashes/xxhash.cpp:1681:4: warning: '$' in identifier [-Wdollar-in-identifier-extension]
 1681 |    $.hashfn_bswap    = XXH3_64_reseed<true>,
      |    ^
<scratch>/codex/chainhash-m2-adjacent/smhasher3/hashes/xxhash.cpp:1682:4: warning: '$' in identifier [-Wdollar-in-identifier-extension]
 1682 |    $.seedfn          = xxh3_generatesecret,
      |    ^
<scratch>/codex/chainhash-m2-adjacent/smhasher3/hashes/xxhash.cpp:1685:4: warning: '$' in identifier [-Wdollar-in-identifier-extension]
 1685 |    $.seedfixfn       = excludeBadseeds,
      |    ^
<scratch>/codex/chainhash-m2-adjacent/smhasher3/hashes/xxhash.cpp:1686:4: warning: '$' in identifier [-Wdollar-in-identifier-extension]
 1686 |    $.badseeds        = {
      |    ^
<scratch>/codex/chainhash-m2-adjacent/smhasher3/hashes/xxhash.cpp:1703:4: warning: '$' in identifier [-Wdollar-in-identifier-extension]
 1703 |    $.desc       = "xxh3, 128-bit version",
      |    ^
<scratch>/codex/chainhash-m2-adjacent/smhasher3/hashes/xxhash.cpp:1704:4: warning: '$' in identifier [-Wdollar-in-identifier-extension]
 1704 |    $.impl       = xxh_vector_str[XXH_VECTOR],
      |    ^
<scratch>/codex/chainhash-m2-adjacent/smhasher3/hashes/xxhash.cpp:1705:4: warning: '$' in identifier [-Wdollar-in-identifier-extension]
 1705 |    $.hash_flags =
      |    ^
<scratch>/codex/chainhash-m2-adjacent/smhasher3/hashes/xxhash.cpp:1708:4: warning: '$' in identifier [-Wdollar-in-identifier-extension]
 1708 |    $.impl_flags =
      |    ^
<scratch>/codex/chainhash-m2-adjacent/smhasher3/hashes/xxhash.cpp:1713:4: warning: '$' in identifier [-Wdollar-in-identifier-extension]
 1713 |    $.bits = 128,
      |    ^
<scratch>/codex/chainhash-m2-adjacent/smhasher3/hashes/xxhash.cpp:1714:4: warning: '$' in identifier [-Wdollar-in-identifier-extension]
 1714 |    $.verification_LE = 0x288DAA94,
      |    ^
<scratch>/codex/chainhash-m2-adjacent/smhasher3/hashes/xxhash.cpp:1715:4: warning: '$' in identifier [-Wdollar-in-identifier-extension]
 1715 |    $.verification_BE = 0x6C82FA25,
      |    ^
<scratch>/codex/chainhash-m2-adjacent/smhasher3/hashes/xxhash.cpp:1716:4: warning: '$' in identifier [-Wdollar-in-identifier-extension]
 1716 |    $.hashfn_native   = XXH3_128<false>,
      |    ^
<scratch>/codex/chainhash-m2-adjacent/smhasher3/hashes/xxhash.cpp:1717:4: warning: '$' in identifier [-Wdollar-in-identifier-extension]
 1717 |    $.hashfn_bswap    = XXH3_128<true>
      |    ^
<scratch>/codex/chainhash-m2-adjacent/smhasher3/hashes/xxhash.cpp:1722:4: warning: '$' in identifier [-Wdollar-in-identifier-extension]
 1722 |    $.desc       = "xxh3, 128-bit version with secret initialized per-seed",
      |    ^
<scratch>/codex/chainhash-m2-adjacent/smhasher3/hashes/xxhash.cpp:1723:4: warning: '$' in identifier [-Wdollar-in-identifier-extension]
 1723 |    $.impl       = xxh_vector_str[XXH_VECTOR],
      |    ^
<scratch>/codex/chainhash-m2-adjacent/smhasher3/hashes/xxhash.cpp:1724:4: warning: '$' in identifier [-Wdollar-in-identifier-extension]
 1724 |    $.hash_flags =
      |    ^
<scratch>/codex/chainhash-m2-adjacent/smhasher3/hashes/xxhash.cpp:1727:4: warning: '$' in identifier [-Wdollar-in-identifier-extension]
 1727 |    $.impl_flags =
      |    ^
<scratch>/codex/chainhash-m2-adjacent/smhasher3/hashes/xxhash.cpp:1733:4: warning: '$' in identifier [-Wdollar-in-identifier-extension]
 1733 |    $.bits = 128,
      |    ^
<scratch>/codex/chainhash-m2-adjacent/smhasher3/hashes/xxhash.cpp:1734:4: warning: '$' in identifier [-Wdollar-in-identifier-extension]
 1734 |    $.verification_LE = 0x73E0E58E,
      |    ^
<scratch>/codex/chainhash-m2-adjacent/smhasher3/hashes/xxhash.cpp:1735:4: warning: '$' in identifier [-Wdollar-in-identifier-extension]
 1735 |    $.verification_BE = 0xDF32C7F9,
      |    ^
<scratch>/codex/chainhash-m2-adjacent/smhasher3/hashes/xxhash.cpp:1736:4: warning: '$' in identifier [-Wdollar-in-identifier-extension]
 1736 |    $.hashfn_native   = XXH3_128_reseed<false>,
      |    ^
<scratch>/codex/chainhash-m2-adjacent/smhasher3/hashes/xxhash.cpp:1737:4: warning: '$' in identifier [-Wdollar-in-identifier-extension]
 1737 |    $.hashfn_bswap    = XXH3_128_reseed<true>,
      |    ^
<scratch>/codex/chainhash-m2-adjacent/smhasher3/hashes/xxhash.cpp:1738:4: warning: '$' in identifier [-Wdollar-in-identifier-extension]
 1738 |    $.seedfn          = xxh3_initsecret
      |    ^
<scratch>/codex/chainhash-m2-adjacent/smhasher3/hashes/xxhash.cpp:1743:4: warning: '$' in identifier [-Wdollar-in-identifier-extension]
 1743 |    $.desc       = "xxh3, 128-bit version with secret regenerated per-seed",
      |    ^
<scratch>/codex/chainhash-m2-adjacent/smhasher3/hashes/xxhash.cpp:1744:4: warning: '$' in identifier [-Wdollar-in-identifier-extension]
 1744 |    $.impl       = xxh_vector_str[XXH_VECTOR],
      |    ^
<scratch>/codex/chainhash-m2-adjacent/smhasher3/hashes/xxhash.cpp:1745:4: warning: '$' in identifier [-Wdollar-in-identifier-extension]
 1745 |    $.hash_flags =
      |    ^
<scratch>/codex/chainhash-m2-adjacent/smhasher3/hashes/xxhash.cpp:1748:4: warning: '$' in identifier [-Wdollar-in-identifier-extension]
 1748 |    $.impl_flags =
      |    ^
<scratch>/codex/chainhash-m2-adjacent/smhasher3/hashes/xxhash.cpp:1753:4: warning: '$' in identifier [-Wdollar-in-identifier-extension]
 1753 |    $.bits = 128,
      |    ^
<scratch>/codex/chainhash-m2-adjacent/smhasher3/hashes/xxhash.cpp:1754:4: warning: '$' in identifier [-Wdollar-in-identifier-extension]
 1754 |    $.verification_LE = 0xCB11C866,
      |    ^
<scratch>/codex/chainhash-m2-adjacent/smhasher3/hashes/xxhash.cpp:1755:4: warning: '$' in identifier [-Wdollar-in-identifier-extension]
 1755 |    $.verification_BE = 0x93EA1B6C,
      |    ^
<scratch>/codex/chainhash-m2-adjacent/smhasher3/hashes/xxhash.cpp:1756:4: warning: '$' in identifier [-Wdollar-in-identifier-extension]
 1756 |    $.hashfn_native   = XXH3_128_reseed<false>,
      |    ^
<scratch>/codex/chainhash-m2-adjacent/smhasher3/hashes/xxhash.cpp:1757:4: warning: '$' in identifier [-Wdollar-in-identifier-extension]
 1757 |    $.hashfn_bswap    = XXH3_128_reseed<true>,
      |    ^
<scratch>/codex/chainhash-m2-adjacent/smhasher3/hashes/xxhash.cpp:1758:4: warning: '$' in identifier [-Wdollar-in-identifier-extension]
 1758 |    $.seedfn          = xxh3_generatesecret
      |    ^
87 warnings generated.
[ 20%] Building CXX object CMakeFiles/SMHasher3Tests.dir/tests/AvalancheTest.cpp.o
97 warnings generated.
5 warnings generated.
[ 21%] Building CXX object CMakeFiles/SMHasher3Hashlib.dir/hashes/umash.cpp.o
[ 21%] Building CXX object CMakeFiles/SMHasher3Hashlib.dir/hashes/cityhash.cpp.o
In file included from <scratch>/codex/chainhash-m2-adjacent/smhasher3/hashes/umash.cpp:29:
<scratch>/codex/chainhash-m2-adjacent/smhasher3/include/hashlib/Hashlib.h:44:20: warning: '$' in identifier [-Wdollar-in-identifier-extension]
   44 |     HashFamilyInfo $(#N);                          \
      |                    ^
<scratch>/codex/chainhash-m2-adjacent/smhasher3/include/hashlib/Hashlib.h:46:12: warning: '$' in identifier [-Wdollar-in-identifier-extension]
   46 |     return $;                                      \
      |            ^
<scratch>/codex/chainhash-m2-adjacent/smhasher3/include/hashlib/Hashlib.h:54:14: warning: '$' in identifier [-Wdollar-in-identifier-extension]
   54 |     HashInfo $(#N, THIS_HASH_FAMILY.name);       \
      |              ^
<scratch>/codex/chainhash-m2-adjacent/smhasher3/include/hashlib/Hashlib.h:56:20: warning: '$' in identifier [-Wdollar-in-identifier-extension]
   56 |     register_hash(&$);                           \
      |                    ^
<scratch>/codex/chainhash-m2-adjacent/smhasher3/include/hashlib/Hashlib.h:57:12: warning: '$' in identifier [-Wdollar-in-identifier-extension]
   57 |     return $;                                    \
      |            ^
<scratch>/codex/chainhash-m2-adjacent/smhasher3/hashes/umash.cpp:1244:4: warning: '$' in identifier [-Wdollar-in-identifier-extension]
 1244 |    $.src_url    = "https://github.com/backtrace-labs/umash",
      |    ^
<scratch>/codex/chainhash-m2-adjacent/smhasher3/hashes/umash.cpp:1245:4: warning: '$' in identifier [-Wdollar-in-identifier-extension]
 1245 |    $.src_status = HashFamilyInfo::SRC_ACTIVE
      |    ^
<scratch>/codex/chainhash-m2-adjacent/smhasher3/hashes/umash.cpp:1251:4: warning: '$' in identifier [-Wdollar-in-identifier-extension]
 1251 |    $.desc       = "UMASH-64 (which == 0)",
      |    ^
<scratch>/codex/chainhash-m2-adjacent/smhasher3/hashes/umash.cpp:1252:4: warning: '$' in identifier [-Wdollar-in-identifier-extension]
 1252 |    $.impl       = "hwclmul",
      |    ^
<scratch>/codex/chainhash-m2-adjacent/smhasher3/hashes/umash.cpp:1253:4: warning: '$' in identifier [-Wdollar-in-identifier-extension]
 1253 |    $.hash_flags =
      |    ^
<scratch>/codex/chainhash-m2-adjacent/smhasher3/hashes/umash.cpp:1256:4: warning: '$' in identifier [-Wdollar-in-identifier-extension]
 1256 |    $.impl_flags =
      |    ^
<scratch>/codex/chainhash-m2-adjacent/smhasher3/hashes/umash.cpp:1260:4: warning: '$' in identifier [-Wdollar-in-identifier-extension]
 1260 |    $.bits = 64,
      |    ^
<scratch>/codex/chainhash-m2-adjacent/smhasher3/hashes/umash.cpp:1261:4: warning: '$' in identifier [-Wdollar-in-identifier-extension]
 1261 |    $.verification_LE = 0x36A264CD,
      |    ^
<scratch>/codex/chainhash-m2-adjacent/smhasher3/hashes/umash.cpp:1262:4: warning: '$' in identifier [-Wdollar-in-identifier-extension]
 1262 |    $.verification_BE = 0x84DA635B,
      |    ^
<scratch>/codex/chainhash-m2-adjacent/smhasher3/hashes/umash.cpp:1263:4: warning: '$' in identifier [-Wdollar-in-identifier-extension]
 1263 |    $.hashfn_native   = UMASH<false, false>,
      |    ^
<scratch>/codex/chainhash-m2-adjacent/smhasher3/hashes/umash.cpp:1264:4: warning: '$' in identifier [-Wdollar-in-identifier-extension]
 1264 |    $.hashfn_bswap    = UMASH<false, true>,
      |    ^
<scratch>/codex/chainhash-m2-adjacent/smhasher3/hashes/umash.cpp:1265:4: warning: '$' in identifier [-Wdollar-in-identifier-extension]
 1265 |    $.initfn          = umash_init
      |    ^
<scratch>/codex/chainhash-m2-adjacent/smhasher3/hashes/umash.cpp:1269:4: warning: '$' in identifier [-Wdollar-in-identifier-extension]
 1269 |    $.desc       = "UMASH-64 (which == 0, with full reseeding)",
      |    ^
<scratch>/codex/chainhash-m2-adjacent/smhasher3/hashes/umash.cpp:1270:4: warning: '$' in identifier [-Wdollar-in-identifier-extension]
 1270 |    $.impl       = "hwclmul",
      |    ^
<scratch>/codex/chainhash-m2-adjacent/smhasher3/hashes/umash.cpp:1271:4: warning: '$' in identifier [-Wdollar-in-identifier-extension]
 1271 |    $.hash_flags =
      |    ^
<scratch>/codex/chainhash-m2-adjacent/smhasher3/hashes/umash.cpp:1274:4: warning: '$' in identifier [-Wdollar-in-identifier-extension]
 1274 |    $.impl_flags =
      |    ^
<scratch>/codex/chainhash-m2-adjacent/smhasher3/hashes/umash.cpp:1278:4: warning: '$' in identifier [-Wdollar-in-identifier-extension]
 1278 |    $.bits = 64,
      |    ^
<scratch>/codex/chainhash-m2-adjacent/smhasher3/hashes/umash.cpp:1279:4: warning: '$' in identifier [-Wdollar-in-identifier-extension]
 1279 |    $.verification_LE = 0x161495C6,
      |    ^
<scratch>/codex/chainhash-m2-adjacent/smhasher3/hashes/umash.cpp:1280:4: warning: '$' in identifier [-Wdollar-in-identifier-extension]
 1280 |    $.verification_BE = 0xF18B8420,
      |    ^
<scratch>/codex/chainhash-m2-adjacent/smhasher3/hashes/umash.cpp:1281:4: warning: '$' in identifier [-Wdollar-in-identifier-extension]
 1281 |    $.hashfn_native   = UMASH<true, false>,
      |    ^
<scratch>/codex/chainhash-m2-adjacent/smhasher3/hashes/umash.cpp:1282:4: warning: '$' in identifier [-Wdollar-in-identifier-extension]
 1282 |    $.hashfn_bswap    = UMASH<true, true>,
      |    ^
<scratch>/codex/chainhash-m2-adjacent/smhasher3/hashes/umash.cpp:1283:4: warning: '$' in identifier [-Wdollar-in-identifier-extension]
 1283 |    $.seedfn          = umash_slow_reseed,
      |    ^
<scratch>/codex/chainhash-m2-adjacent/smhasher3/hashes/umash.cpp:1284:4: warning: '$' in identifier [-Wdollar-in-identifier-extension]
 1284 |    $.initfn          = umash_init
      |    ^
<scratch>/codex/chainhash-m2-adjacent/smhasher3/hashes/umash.cpp:1288:4: warning: '$' in identifier [-Wdollar-in-identifier-extension]
 1288 |    $.desc       = In file included from <scratch>/codex/chainhash-m2-adjacent/smhasher3/hashes/cityhash.cpp:30:
<scratch>/codex/chainhash-m2-adjacent/smhasher3/include/hashlib/Hashlib.h:44:20: warning: '$' in identifier [-Wdollar-in-identifier-extension]
"UMASH-1   44 |     HashFamilyInfo $(#N);28",
      |    ^
 <scratch>/codex/chainhash-m2-adjacent/smhasher3/hashes/umash.cpp:1289:                 4: warning: '$' in identifier [-Wdollar-in-identifier-extension]
 1289 |    $.        \
      |                    ^
impl<scratch>/codex/chainhash-m2-adjacent/smhasher3/include/hashlib/Hashlib.h:46:12: warning:        = "hwc'$' in identifier [-Wdollar-in-identifier-extension]
lmul   46 |     return $;  ",
      |    ^
<scratch>/codex/chainhash-m2-adjacent/smhasher3/hashes/umash.cpp:1290:4: warning: '$' in identifier [-Wdollar-in-identifier-extension]
 1290 |    $.hash_fla        gs =
      |                             \
      |            ^
   ^
<scratch>/codex/chainhash-m2-adjacent/smhasher3/hashes/umash.cpp:<scratch>/codex/chainhash-m2-adjacent/smhasher3/include/hashlib/Hashlib.h:54:14: warning: '$' in identifier [-Wdollar-in-identifier-extension]
   54 |     HashInfo $(#N, THIS_HASH_FAM1293:4: warning: '$' in identifier [-Wdollar-in-identifier-extension]
 1293 |    $.impl_flags =
      |    ^
<scratch>/codex/chainhash-m2-adjacent/smhasher3/hashes/umash.cpp:1297:4: warning: '$' in identifier [-Wdollar-in-identifier-extension]
 1297 |  ILY.name);       \
      |              ^
  $.bits = 128,<scratch>/codex/chainhash-m2-adjacent/smhasher3/include/hashlib/Hashlib.h:56:20: warning: '$' in identifier [-Wdollar-in-identifier-extension]
   56 |     regist
      |    ^er_hash(&$);     
                      \
      |                    ^
<scratch>/codex/chainhash-m2-adjacent/smhasher3/hashes/umash.cpp:1298:4: warning: '$' in identifier [-Wdollar-in-identifier-extension]
<scratch>/codex/chainhash-m2-adjacent/smhasher3/include/hashlib/Hashlib.h:57:12: warning: '$' in identifier [-Wdollar-in-identifier-extension]
   57 |     return $;      1298 |    $.verification_L                               \
      |            ^
E = 0x63857D05,
      |    ^
<scratch>/codex/chainhash-m2-adjacent/smhasher3/hashes/umash.cpp:1299:4: warning: '$' in identifier [-Wdollar-in-identifier-extension]
 1299 |    $.verification_BE = 0xE87FFB4B,
      |    ^
<scratch>/codex/chainhash-m2-adjacent/smhasher3/hashes/umash.cpp:1300:4: warning: '$' in identifier [-Wdollar-in-identifier-extension]
 1300 |    $.hashfn_native   = UMASH_FP<false, false>,
      |    ^
<scratch>/codex/chainhash-m2-adjacent/smhasher3/hashes/umash.cpp:1301:4: warning: '$' in identifier [-Wdollar-in-identifier-extension]
 1301 |    $.hashfn_bswap    = UMASH_FP<false, true>,
      |    ^
<scratch>/codex/chainhash-m2-adjacent/smhasher3/hashes/umash.cpp:1302:4: warning: '$' in identifier [-Wdollar-in-identifier-extension]
 1302 |    $.initfn          = umash_init
      |    ^
<scratch>/codex/chainhash-m2-adjacent/smhasher3/hashes/umash.cpp:1306:4: warning: '$' in identifier [-Wdollar-in-identifier-extension]
 1306 |    $.desc       = "UMASH-128 (with full reseeding)",
      |    ^
<scratch>/codex/chainhash-m2-adjacent/smhasher3/hashes/umash.cpp:1307:4: warning: '$' in identifier [-Wdollar-in-identifier-extension]
 1307 |    $.impl       = "hwclmul",
      |    ^
<scratch>/codex/chainhash-m2-adjacent/smhasher3/hashes/umash.cpp:1308:4: warning: '$' in identifier [-Wdollar-in-identifier-extension]
 1308 |    $.hash_flags =
      |    ^
<scratch>/codex/chainhash-m2-adjacent/smhasher3/hashes/umash.cpp:1311:4: warning: '$' in identifier [-Wdollar-in-identifier-extension]
 1311 |    $.impl_flags =
      |    ^
<scratch>/codex/chainhash-m2-adjacent/smhasher3/hashes/umash.cpp:1315:4: warning: '$' in identifier [-Wdollar-in-identifier-extension]
 1315 |    $.bits = 128,
      |    ^
<scratch>/codex/chainhash-m2-adjacent/smhasher3/hashes/umash.cpp:1316:4: warning: '$' in identifier [-Wdollar-in-identifier-extension]
 1316 |    $.verification_LE = 0x36D4EC95,
      |    ^
<scratch>/codex/chainhash-m2-adjacent/smhasher3/hashes/umash.cpp:1317:4: warning: '$' in identifier [-Wdollar-in-identifier-extension]
 1317 |    $.verification_BE = 0x9F870C9C,
      |    ^
<scratch>/codex/chainhash-m2-adjacent/smhasher3/hashes/umash.cpp:1318:4: warning: '$' in identifier [-Wdollar-in-identifier-extension]
 1318 |    $.hashfn_nat<scratch>/codex/chainhash-m2-adjacent/smhasher3/hashes/cityhash.cpp:753:4: warning: '$' in identifier [-Wdollar-in-identifier-extension]
  753 |    $.src_url    ive   == "https:// UMASH_Fgithub.cP<true, false>,
      |    ^
<scratch>/codex/chainhash-m2-adjacent/smhasher3/hashes/umash.cpp:1319:4: warning: om/google/city'$' in identifier [-Wdollar-in-identifier-extension]
hash",
      |    ^
<scratch>/codex/chainhash-m2-adjacent/smhasher3/hashes/cityhash.cpp:754 1319 |    $.:4: warning: '$' in identifier [-Wdollar-in-identifier-extension]
  754 |    $.src_stathashfn_bswap   us = HashFamilyInfo::S = UMASH_FP<RC_FROZEN
      |    ^
true, true>,
      |    ^
<scratch>/codex/chainhash-m2-adjacent/smhasher3/hashes/umash.cpp:1320:4: warning: '$' in identifier [-Wdollar-in-identifier-extension]
 1320 |    $.seedfn          = umash_slow_reseed,
      |    ^
<scratch>/codex/chainhash-m2-adjacent/smhasher3/hashes/umash.cpp:1321:4: warning: '$' in identifier [-Wdollar-in-identifier-extension]
 1321 |    $.initfn          = umash_init
      |    ^
<scratch>/codex/chainhash-m2-adjacent/smhasher3/hashes/cityhash.cpp:758:4: warning: '$' in identifier [-Wdollar-in-identifier-extension]
  758 |    $.desc       = "Google CityHash32 (modified seeding)",
      |    ^
<scratch>/codex/chainhash-m2-adjacent/smhasher3/hashes/cityhash.cpp:759:4: warning: '$' in identifier [-Wdollar-in-identifier-extension]
  759 |    $.hash_flags =
      |    ^
<scratch>/codex/chainhash-m2-adjacent/smhasher3/hashes/cityhash.cpp:762:4: warning: '$' in identifier [-Wdollar-in-identifier-extension]
  762 |    $.impl_flags =
      |    ^
<scratch>/codex/chainhash-m2-adjacent/smhasher3/hashes/cityhash.cpp:766:4: warning: '$' in identifier [-Wdollar-in-identifier-extension]
  766 |    $.bits = 32,
      |    ^
<scratch>/codex/chainhash-m2-adjacent/smhasher3/hashes/cityhash.cpp:767:4: warning: '$' in identifier [-Wdollar-in-identifier-extension]
  767 |    $.verification_LE = 0xEDED9084,
      |    ^
<scratch>/codex/chainhash-m2-adjacent/smhasher3/hashes/cityhash.cpp:768:4: warning: '$' in identifier [-Wdollar-in-identifier-extension]
  768 |    $.verification_BE = 0x2E033380,
      |    ^
<scratch>/codex/chainhash-m2-adjacent/smhasher3/hashes/cityhash.cpp:769:4: warning: '$' in identifier [-Wdollar-in-identifier-extension]
  769 |    $.hashfn_native   = City32<false>,
      |    ^
<scratch>/codex/chainhash-m2-adjacent/smhasher3/hashes/cityhash.cpp:770:4: warning: '$' in identifier [-Wdollar-in-identifier-extension]
  770 |    $.hashfn_bswap    = City32<true>
      |    ^
<scratch>/codex/chainhash-m2-adjacent/smhasher3/hashes/cityhash.cpp:774:4: warning: '$' in identifier [-Wdollar-in-identifier-extension]
  774 |    $.desc       = "Google CityHash64WithSeed",
      |    ^
<scratch>/codex/chainhash-m2-adjacent/smhasher3/hashes/cityhash.cpp:775:4: warning: '$' in identifier [-Wdollar-in-identifier-extension]
  775 |    $.hash_flags =
      |    ^
<scratch>/codex/chainhash-m2-adjacent/smhasher3/hashes/cityhash.cpp:777:4: warning: '$' in identifier [-Wdollar-in-identifier-extension]
  777 |    $.impl_flags =
      |    ^
<scratch>/codex/chainhash-m2-adjacent/smhasher3/hashes/cityhash.cpp:781:4: warning: '$' in identifier [-Wdollar-in-identifier-extension]
  781 |    $.bits = 64,
      |    ^
<scratch>/codex/chainhash-m2-adjacent/smhasher3/hashes/cityhash.cpp:782:4: warning: '$' in identifier [-Wdollar-in-identifier-extension]
  782 |    $.verification_LE = 0x5FABC5C5,
      |    ^
<scratch>/codex/chainhash-m2-adjacent/smhasher3/hashes/cityhash.cpp:783:4: warning: '$' in identifier [-Wdollar-in-identifier-extension]
  783 |    $.verification_BE = 0x355FC63A,
      |    ^
<scratch>/codex/chainhash-m2-adjacent/smhasher3/hashes/cityhash.cpp:784:4: warning: '$' in identifier [-Wdollar-in-identifier-extension]
  784 |    $.hashfn_native   = City64<false>,
      |    ^
<scratch>/codex/chainhash-m2-adjacent/smhasher3/hashes/cityhash.cpp:785:4: warning: '$' in identifier [-Wdollar-in-identifier-extension]
  785 |    $.hashfn_bswap    = City64<true>
      |    ^
49 warnings generated.
[ 22%] Building CXX object CMakeFiles/SMHasher3Tests.dir/tests/BitflipTest.cpp.o
[ 22%] Building CXX object CMakeFiles/SMHasher3Tests.dir/tests/BitIndependenceTest.cpp.o
23 warnings generated.
[ 23%] Building CXX object CMakeFiles/SMHasher3Hashlib.dir/hashes/rmd.cpp.o
In file included from <scratch>/codex/chainhash-m2-adjacent/smhasher3/hashes/rmd.cpp:31:
<scratch>/codex/chainhash-m2-adjacent/smhasher3/include/hashlib/Hashlib.h:44:20: warning: '$' in identifier [-Wdollar-in-identifier-extension]
   44 |     HashFamilyInfo $(#N);                          \
      |                    ^
<scratch>/codex/chainhash-m2-adjacent/smhasher3/include/hashlib/Hashlib.h:46:12: warning: '$' in identifier [-Wdollar-in-identifier-extension]
   46 |     return $;                                      \
      |            ^
<scratch>/codex/chainhash-m2-adjacent/smhasher3/include/hashlib/Hashlib.h:54:14: warning: '$' in identifier [-Wdollar-in-identifier-extension]
   54 |     HashInfo $(#N, THIS_HASH_FAMILY.name);       \
      |              ^
<scratch>/codex/chainhash-m2-adjacent/smhasher3/include/hashlib/Hashlib.h:56:20: warning: '$' in identifier [-Wdollar-in-identifier-extension]
   56 |     register_hash(&$);                           \
      |                    ^
<scratch>/codex/chainhash-m2-adjacent/smhasher3/include/hashlib/Hashlib.h:57:12: warning: '$' in identifier [-Wdollar-in-identifier-extension]
   57 |     return $;                                    \
      |            ^
<scratch>/codex/chainhash-m2-adjacent/smhasher3/hashes/rmd.cpp:729:4: warning: '$' in identifier [-Wdollar-in-identifier-extension]
  729 |    $.src_url    = "https://github.com/libtom/libtomcrypt/blob/develop/src/hashes/rmd128.c",
      |    ^
<scratch>/codex/chainhash-m2-adjacent/smhasher3/hashes/rmd.cpp:730:4: warning: '$' in identifier [-Wdollar-in-identifier-extension]
  730 |    $.src_status = HashFamilyInfo::SRC_FROZEN
      |    ^
<scratch>/codex/chainhash-m2-adjacent/smhasher3/hashes/rmd.cpp:734:4: warning: '$' in identifier [-Wdollar-in-identifier-extension]
  734 |    $.desc       = "RIPE-MD 128",
      |    ^
<scratch>/codex/chainhash-m2-adjacent/smhasher3/hashes/rmd.cpp:735:4: warning: '$' in identifier [-Wdollar-in-identifier-extension]
  735 |    $.hash_flags =
      |    ^
<scratch>/codex/chainhash-m2-adjacent/smhasher3/hashes/rmd.cpp:739:4: warning: '$' in identifier [-Wdollar-in-identifier-extension]
  739 |    $.impl_flags =
      |    ^
<scratch>/codex/chainhash-m2-adjacent/smhasher3/hashes/rmd.cpp:745:4: warning: '$' in identifier [-Wdollar-in-identifier-extension]
  745 |    $.bits = 128,
      |    ^
<scratch>/codex/chainhash-m2-adjacent/smhasher3/hashes/rmd.cpp:746:4: warning: '$' in identifier [-Wdollar-in-identifier-extension]
  746 |    $.verification_LE = 0xC9B0B675,
      |    ^
<scratch>/codex/chainhash-m2-adjacent/smhasher3/hashes/rmd.cpp:747:4: warning: '$' in identifier [-Wdollar-in-identifier-extension]
  747 |    $.verification_BE = 0xD1DB09B5,
      |    ^
<scratch>/codex/chainhash-m2-adjacent/smhasher3/hashes/rmd.cpp:748:4: warning: '$' in identifier [-Wdollar-in-identifier-extension]
  748 |    $.initfn          = rmd_test,
      |    ^
<scratch>/codex/chainhash-m2-adjacent/smhasher3/hashes/rmd.cpp:749:4: warning: '$' in identifier [-Wdollar-in-identifier-extension]
  749 |    $.hashfn_native   = rmd128<false>,
      |    ^
<scratch>/codex/chainhash-m2-adjacent/smhasher3/hashes/rmd.cpp:750:4: warning: '$' in identifier [-Wdollar-in-identifier-extension]
  750 |    $.hashfn_bswap    = rmd128<true>
      |    ^
<scratch>/codex/chainhash-m2-adjacent/smhasher3/hashes/rmd.cpp:754:4: warning: '$' in identifier [-Wdollar-in-identifier-extension]
  754 |    $.desc       = "RIPE-MD 160",
      |    ^
<scratch>/codex/chainhash-m2-adjacent/smhasher3/hashes/rmd.cpp:755:4: warning: '$' in identifier [-Wdollar-in-identifier-extension]
  755 |    $.hash_flags =
      |    ^
<scratch>/codex/chainhash-m2-adjacent/smhasher3/hashes/rmd.cpp:759:4: warning: '$' in identifier [-Wdollar-in-identifier-extension]
  759 |    $.impl_flags =
      |    ^
<scratch>/codex/chainhash-m2-adjacent/smhasher3/hashes/rmd.cpp:765:4: warning: '$' in identifier [-Wdollar-in-identifier-extension]
  765 |    $.bits = 160,
      |    ^
<scratch>/codex/chainhash-m2-adjacent/smhasher3/hashes/rmd.cpp:766:4: warning: '$' in identifier [-Wdollar-in-identifier-extension]
  766 |    $.verification_LE = 0x8613F5B2,
      |    ^
<scratch>/codex/chainhash-m2-adjacent/smhasher3/hashes/rmd.cpp:767:4: warning: '$' in identifier [-Wdollar-in-identifier-extension]
  767 |    $.verification_BE = 0x2265C3AA,
      |    ^
<scratch>/codex/chainhash-m2-adjacent/smhasher3/hashes/rmd.cpp:768:4: warning: '$' in identifier [-Wdollar-in-identifier-extension]
  768 |    $.initfn          = rmd_test,
      |    ^
<scratch>/codex/chainhash-m2-adjacent/smhasher3/hashes/rmd.cpp:769:4: warning: '$' in identifier [-Wdollar-in-identifier-extension]
  769 |    $.hashfn_native   = rmd160<false>,
      |    ^
<scratch>/codex/chainhash-m2-adjacent/smhasher3/hashes/rmd.cpp:770:4: warning: '$' in identifier [-Wdollar-in-identifier-extension]
  770 |    $.hashfn_bswap    = rmd160<true>
      |    ^
<scratch>/codex/chainhash-m2-adjacent/smhasher3/hashes/rmd.cpp:774:4: warning: '$' in identifier [-Wdollar-in-identifier-extension]
  774 |    $.desc       = "RIPE-MD 256",
      |    ^
<scratch>/codex/chainhash-m2-adjacent/smhasher3/hashes/rmd.cpp:775:4: warning: '$' in identifier [-Wdollar-in-identifier-extension]
  775 |    $.hash_flags =
      |    ^
<scratch>/codex/chainhash-m2-adjacent/smhasher3/hashes/rmd.cpp:779:4: warning: '$' in identifier [-Wdollar-in-identifier-extension]
  779 |    $.impl_flags =
      |    ^
<scratch>/codex/chainhash-m2-adjacent/smhasher3/hashes/rmd.cpp:785:4: warning: '$' in identifier [-Wdollar-in-identifier-extension]
  785 |    $.bits = 256,
      |    ^
<scratch>/codex/chainhash-m2-adjacent/smhasher3/hashes/rmd.cpp:786:4: warning: '$' in identifier [-Wdollar-in-identifier-extension]
  786 |    $.verification_LE = 0x870A973A,
      |    ^
<scratch>/codex/chainhash-m2-adjacent/smhasher3/hashes/rmd.cpp:787:4: warning: '$' in identifier [-Wdollar-in-identifier-extension]
  787 |    $.verification_BE = 0xF2A877EE,
      |    ^
<scratch>/codex/chainhash-m2-adjacent/smhasher3/hashes/rmd.cpp:788:4: warning: '$' in identifier [-Wdollar-in-identifier-extension]
  788 |    $.initfn          = rmd_test,
      |    ^
<scratch>/codex/chainhash-m2-adjacent/smhasher3/hashes/rmd.cpp:789:4: warning: '$' in identifier [-Wdollar-in-identifier-extension]
  789 |    $.hashfn_native   = rmd256<false>,
      |    ^
<scratch>/codex/chainhash-m2-adjacent/smhasher3/hashes/rmd.cpp:790:4: warning: '$' in identifier [-Wdollar-in-identifier-extension]
  790 |    $.hashfn_bswap    = rmd256<true>
      |    ^
[ 25%] Building CXX object CMakeFiles/SMHasher3Hashlib.dir/hashes/t1ha.cpp.o
34 warnings generated.
[ 26%] Building CXX object CMakeFiles/SMHasher3Tests.dir/tests/HashMapTest.cpp.o
In file included from <scratch>/codex/chainhash-m2-adjacent/smhasher3/hashes/t1ha.cpp:57:
<scratch>/codex/chainhash-m2-adjacent/smhasher3/include/hashlib/Hashlib.h:44:20: warning: '$' in identifier [-Wdollar-in-identifier-extension]
   44 |     HashFamilyInfo $(#N);                          \
      |                    ^
<scratch>/codex/chainhash-m2-adjacent/smhasher3/include/hashlib/Hashlib.h:46:12: warning: '$' in identifier [-Wdollar-in-identifier-extension]
   46 |     return $;                                      \
      |            ^
<scratch>/codex/chainhash-m2-adjacent/smhasher3/include/hashlib/Hashlib.h:54:14: warning: '$' in identifier [-Wdollar-in-identifier-extension]
   54 |     HashInfo $(#N, THIS_HASH_FAMILY.name);       \
      |              ^
<scratch>/codex/chainhash-m2-adjacent/smhasher3/include/hashlib/Hashlib.h:56:20: warning: '$' in identifier [-Wdollar-in-identifier-extension]
   56 |     register_hash(&$);                           \
      |                    ^
<scratch>/codex/chainhash-m2-adjacent/smhasher3/include/hashlib/Hashlib.h:57:12: warning: '$' in identifier [-Wdollar-in-identifier-extension]
   57 |     return $;                                    \
      |            ^
<scratch>/codex/chainhash-m2-adjacent/smhasher3/hashes/t1ha.cpp:1627:4: warning: '$' in identifier [-Wdollar-in-identifier-extension]
 1627 |    $.src_url    = "https://web.archive.org/web/20211209095620/https://github.com/erthink/t1ha",
      |    ^
<scratch>/codex/chainhash-m2-adjacent/smhasher3/hashes/t1ha.cpp:1628:4: warning: '$' in identifier [-Wdollar-in-identifier-extension]
 1628 |    $.src_status = HashFamilyInfo::SRC_FROZEN
      |    ^
<scratch>/codex/chainhash-m2-adjacent/smhasher3/hashes/t1ha.cpp:1632:4: warning: '$' in identifier [-Wdollar-in-identifier-extension]
 1632 |    $.desc       = "Fast Positive Hash #0 (portable, 32-bit core)",
      |    ^
<scratch>/codex/chainhash-m2-adjacent/smhasher3/hashes/t1ha.cpp:1633:4: warning: '$' in identifier [-Wdollar-in-identifier-extension]
 1633 |    $.impl       = t1ha_impl_str[T1HA_SYS_UNALIGNED_ACCESS + 3 * (T1HA_USE_ALIGNED_ONESHOT_READ)],
      |    ^
<scratch>/codex/chainhash-m2-adjacent/smhasher3/hashes/t1ha.cpp:1634:4: warning: '$' in identifier [-Wdollar-in-identifier-extension]
 1634 |    $.hash_flags =
      |    ^
<scratch>/codex/chainhash-m2-adjacent/smhasher3/hashes/t1ha.cpp:1636:4: warning: '$' in identifier [-Wdollar-in-identifier-extension]
 1636 |    $.impl_flags =
      |    ^
<scratch>/codex/chainhash-m2-adjacent/smhasher3/hashes/t1ha.cpp:1641:4: warning: '$' in identifier [-Wdollar-in-identifier-extension]
 1641 |    $.bits = 64,
      |    ^
<scratch>/codex/chainhash-m2-adjacent/smhasher3/hashes/t1ha.cpp:1642:4: warning: '$' in identifier [-Wdollar-in-identifier-extension]
 1642 |    $.verification_LE = 0x7F7D7B29,
      |    ^
<scratch>/codex/chainhash-m2-adjacent/smhasher3/hashes/t1ha.cpp:1643:4: warning: '$' in identifier [-Wdollar-in-identifier-extension]
 1643 |    $.verification_BE = 0x6B552A17, // To get old 0xDA6A4061 value, see above
      |    ^
<scratch>/codex/chainhash-m2-adjacent/smhasher3/hashes/t1ha.cpp:1644:4: warning: '$' in identifier [-Wdollar-in-identifier-extension]
 1644 |    $.hashfn_native   = isLE () ? t1ha0<MODE_LE_NATIVE> : t1ha0<MODE_BE_NATIVE>,
      |    ^
<scratch>/codex/chainhash-m2-adjacent/smhasher3/hashes/t1ha.cpp:1645:4: warning: '$' in identifier [-Wdollar-in-identifier-extension]
 1645 |    $.hashfn_bswap    = isLE () ? t1ha0<MODE_LE_BSWAP> : t1ha0<MODE_BE_BSWAP>,
      |    ^
<scratch>/codex/chainhash-m2-adjacent/smhasher3/hashes/t1ha.cpp:1646:4: warning: '$' in identifier [-Wdollar-in-identifier-extension]
 1646 |    $.initfn          = t1ha0_selftest
      |    ^
<scratch>/codex/chainhash-m2-adjacent/smhasher3/hashes/t1ha.cpp:1650:4: warning: '$' in identifier [-Wdollar-in-identifier-extension]
 1650 |    $.desc       = "Fast Positive Hash #1 (portable, 64-bit core)",
      |    ^
<scratch>/codex/chainhash-m2-adjacent/smhasher3/hashes/t1ha.cpp:1651:4: warning: '$' in identifier [-Wdollar-in-identifier-extension]
 1651 |    $.impl       = t1ha_impl_str[T1HA_SYS_UNALIGNED_ACCESS + 3 * (T1HA_USE_ALIGNED_ONESHOT_READ)],
      |    ^
<scratch>/codex/chainhash-m2-adjacent/smhasher3/hashes/t1ha.cpp:1652:4: warning: '$' in identifier [-Wdollar-in-identifier-extension]
 1652 |    $.hash_flags =
      |    ^
<scratch>/codex/chainhash-m2-adjacent/smhasher3/hashes/t1ha.cpp:1654:4: warning: '$' in identifier [-Wdollar-in-identifier-extension]
 1654 |    $.impl_flags =
      |    ^
<scratch>/codex/chainhash-m2-adjacent/smhasher3/hashes/t1ha.cpp:1659:4: warning: '$' in identifier [-Wdollar-in-identifier-extension]
 1659 |    $.bits = 64,
      |    ^
<scratch>/codex/chainhash-m2-adjacent/smhasher3/hashes/t1ha.cpp:1660:4: warning: '$' in identifier [-Wdollar-in-identifier-extension]
 1660 |    $.verification_LE = 0xD6836381,
      |    ^
<scratch>/codex/chainhash-m2-adjacent/smhasher3/hashes/t1ha.cpp:1661:4: warning: '$' in identifier [-Wdollar-in-identifier-extension]
 1661 |    $.verification_BE = 0xB895E54F, // To get old 0x93F864DE value, see above
      |    ^
<scratch>/codex/chainhash-m2-adjacent/smhasher3/hashes/t1ha.cpp:1662:4: warning: '$' in identifier [-Wdollar-in-identifier-extension]
 1662 |    $.hashfn_native   = isLE () ? t1ha1<MODE_LE_NATIVE> : t1ha1<MODE_BE_NATIVE>,
      |    ^
<scratch>/codex/chainhash-m2-adjacent/smhasher3/hashes/t1ha.cpp:1663:4: warning: '$' in identifier [-Wdollar-in-identifier-extension]
 1663 |    $.hashfn_bswap    = isLE () ? t1ha1<MODE_LE_BSWAP> : t1ha1<MODE_BE_BSWAP>,
      |    ^
<scratch>/codex/chainhash-m2-adjacent/smhasher3/hashes/t1ha.cpp:1664:4: warning: '$' in identifier [-Wdollar-in-identifier-extension]
 1664 |    $.initfn          = t1ha1_selftest
      |    ^
<scratch>/codex/chainhash-m2-adjacent/smhasher3/hashes/t1ha.cpp:1668:4: warning: '$' in identifier [-Wdollar-in-identifier-extension]
 1668 |    $.desc       = "Fast Positive Hash #2 (portable, 64-bit core)",
      |    ^
<scratch>/codex/chainhash-m2-adjacent/smhasher3/hashes/t1ha.cpp:1669:4: warning: '$' in identifier [-Wdollar-in-identifier-extension]
 1669 |    $.impl       = t1ha_impl_str[T1HA_SYS_UNALIGNED_ACCESS + 3 * (T1HA_USE_ALIGNED_ONESHOT_READ)],
      |    ^
<scratch>/codex/chainhash-m2-adjacent/smhasher3/hashes/t1ha.cpp:1670:4: warning: '$' in identifier [-Wdollar-in-identifier-extension]
 1670 |    $.hash_flags =
      |    ^
<scratch>/codex/chainhash-m2-adjacent/smhasher3/hashes/t1ha.cpp:1672:4: warning: '$' in identifier [-Wdollar-in-identifier-extension]
 1672 |    $.impl_flags =
      |    ^
<scratch>/codex/chainhash-m2-adjacent/smhasher3/hashes/t1ha.cpp:1678:4: warning: '$' in identifier [-Wdollar-in-identifier-extension]
 1678 |    $.bits = 64,
      |    ^
<scratch>/codex/chainhash-m2-adjacent/smhasher3/hashes/t1ha.cpp:1679:4: warning: '$' in identifier [-Wdollar-in-identifier-extension]
 1679 |    $.verification_LE = 0x8F16C948,
      |    ^
<scratch>/codex/chainhash-m2-adjacent/smhasher3/hashes/t1ha.cpp:1680:4: warning: '$' in identifier [-Wdollar-in-identifier-extension]
 1680 |    $.verification_BE = 0x061CB08C,
      |    ^
<scratch>/codex/chainhash-m2-adjacent/smhasher3/hashes/t1ha.cpp:1681:4: warning: '$' in identifier [-Wdollar-in-identifier-extension]
 1681 |    $.hashfn_native   = isLE () ? t1ha2<MODE_LE_NATIVE, false> : t1ha2<MODE_BE_NATIVE, false>,
      |    ^
<scratch>/codex/chainhash-m2-adjacent/smhasher3/hashes/t1ha.cpp:1682:4: warning: '$' in identifier [-Wdollar-in-identifier-extension]
 1682 |    $.hashfn_bswap    = isLE () ? t1ha2<MODE_LE_BSWAP, false> : t1ha2<MODE_BE_BSWAP, false>,
      |    ^
<scratch>/codex/chainhash-m2-adjacent/smhasher3/hashes/t1ha.cpp:1683:4: warning: '$' in identifier [-Wdollar-in-identifier-extension]
 1683 |    $.initfn          = t1ha2_selftest
      |    ^
<scratch>/codex/chainhash-m2-adjacent/smhasher3/hashes/t1ha.cpp:1687:4: warning: '$' in identifier [-Wdollar-in-identifier-extension]
 1687 |    $.desc       = "Fast Positive Hash #2 (portable, 64-bit core)",
      |    ^
<scratch>/codex/chainhash-m2-adjacent/smhasher3/hashes/t1ha.cpp:1688:4: warning: '$' in identifier [-Wdollar-in-identifier-extension]
 1688 |    $.impl       = t1ha_impl_str[T1HA_SYS_UNALIGNED_ACCESS + 3 * (T1HA_USE_ALIGNED_ONESHOT_READ)],
      |    ^
<scratch>/codex/chainhash-m2-adjacent/smhasher3/hashes/t1ha.cpp:1689:4: warning: '$' in identifier [-Wdollar-in-identifier-extension]
 1689 |    $.hash_flags =
      |    ^
<scratch>/codex/chainhash-m2-adjacent/smhasher3/hashes/t1ha.cpp:1691:4: warning: '$' in identifier [-Wdollar-in-identifier-extension]
 1691 |    $.impl_flags =
      |    ^
<scratch>/codex/chainhash-m2-adjacent/smhasher3/hashes/t1ha.cpp:1697:4: warning: '$' in identifier [-Wdollar-in-identifier-extension]
 1697 |    $.bits = 128,
      |    ^
<scratch>/codex/chainhash-m2-adjacent/smhasher3/hashes/t1ha.cpp:1698:4: warning: '$' in identifier [-Wdollar-in-identifier-extension]
 1698 |    $.verification_LE = 0xB44C43A1,
      |    ^
<scratch>/codex/chainhash-m2-adjacent/smhasher3/hashes/t1ha.cpp:1699:4: warning: '$' in identifier [-Wdollar-in-identifier-extension]
 1699 |    $.verification_BE = 0x95EB2DA8,
      |    ^
<scratch>/codex/chainhash-m2-adjacent/smhasher3/hashes/t1ha.cpp:1700:4: warning: '$' in identifier [-Wdollar-in-identifier-extension]
 1700 |    $.hashfn_native   = isLE () ? t1ha2<MODE_LE_NATIVE, true> : t1ha2<MODE_BE_NATIVE, true>,
      |    ^
<scratch>/codex/chainhash-m2-adjacent/smhasher3/hashes/t1ha.cpp:1701:4: warning: '$' in identifier [-Wdollar-in-identifier-extension]
 1701 |    $.hashfn_bswap    = isLE () ? t1ha2<MODE_LE_BSWAP, true> : t1ha2<MODE_BE_BSWAP, true>,
      |    ^
<scratch>/codex/chainhash-m2-adjacent/smhasher3/hashes/t1ha.cpp:1702:4: warning: '$' in identifier [-Wdollar-in-identifier-extension]
 1702 |    $.initfn          = t1ha2_selftest
      |    ^
<scratch>/codex/chainhash-m2-adjacent/smhasher3/hashes/t1ha.cpp:1706:4: warning: '$' in identifier [-Wdollar-in-identifier-extension]
 1706 |    $.desc       = "Fast Positive Hash #2 (portable, 64-bit core, incremental version)",
      |    ^
<scratch>/codex/chainhash-m2-adjacent/smhasher3/hashes/t1ha.cpp:1707:4: warning: '$' in identifier [-Wdollar-in-identifier-extension]
 1707 |    $.impl       = t1ha_impl_str[T1HA_SYS_UNALIGNED_ACCESS + 3 * (T1HA_USE_ALIGNED_ONESHOT_READ)],
      |    ^
<scratch>/codex/chainhash-m2-adjacent/smhasher3/hashes/t1ha.cpp:1708:4: warning: '$' in identifier [-Wdollar-in-identifier-extension]
 1708 |    $.hash_flags =
      |    ^
<scratch>/codex/chainhash-m2-adjacent/smhasher3/hashes/t1ha.cpp:1710:4: warning: '$' in identifier [-Wdollar-in-identifier-extension]
 1710 |    $.impl_flags =
      |    ^
<scratch>/codex/chainhash-m2-adjacent/smhasher3/hashes/t1ha.cpp:1718:4: warning: '$' in identifier [-Wdollar-in-identifier-extension]
 1718 |    $.bits = 64,
      |    ^
<scratch>/codex/chainhash-m2-adjacent/smhasher3/hashes/t1ha.cpp:1719:4: warning: '$' in identifier [-Wdollar-in-identifier-extension]
 1719 |    $.verification_LE = 0xDED9B580,
      |    ^
<scratch>/codex/chainhash-m2-adjacent/smhasher3/hashes/t1ha.cpp:1720:4: warning: '$' in identifier [-Wdollar-in-identifier-extension]
 1720 |    $.verification_BE = 0xB355A009,
      |    ^
<scratch>/codex/chainhash-m2-adjacent/smhasher3/hashes/t1ha.cpp:1721:4: warning: '$' in identifier [-Wdollar-in-identifier-extension]
 1721 |    $.hashfn_native   = isLE () ? t1ha2_incr<MODE_LE_NATIVE, false> : t1ha2_incr<MODE_BE_NATIVE, false>,
      |    ^
<scratch>/codex/chainhash-m2-adjacent/smhasher3/hashes/t1ha.cpp:1722:4: warning: '$' in identifier [-Wdollar-in-identifier-extension]
 1722 |    $.hashfn_bswap    = isLE () ? t1ha2_incr<MODE_LE_BSWAP, false> : t1ha2_incr<MODE_BE_BSWAP, false>,
      |    ^
<scratch>/codex/chainhash-m2-adjacent/smhasher3/hashes/t1ha.cpp:1723:4: warning: '$' in identifier [-Wdollar-in-identifier-extension]
 1723 |    $.initfn          = t1ha2_incr_selftest
      |    ^
<scratch>/codex/chainhash-m2-adjacent/smhasher3/hashes/t1ha.cpp:1727:4: warning: '$' in identifier [-Wdollar-in-identifier-extension]
 1727 |    $.desc       = "Fast Positive Hash #2 (portable, 64-bit core, incremental version)",
      |    ^
<scratch>/codex/chainhash-m2-adjacent/smhasher3/hashes/t1ha.cpp:1728:4: warning: '$' in identifier [-Wdollar-in-identifier-extension]
 1728 |    $.impl       = t1ha_impl_str[T1HA_SYS_UNALIGNED_ACCESS + 3 * (T1HA_USE_ALIGNED_ONESHOT_READ)],
      |    ^
<scratch>/codex/chainhash-m2-adjacent/smhasher3/hashes/t1ha.cpp:1729:4: warning: '$' in identifier [-Wdollar-in-identifier-extension]
 1729 |    $.hash_flags =
      |    ^
<scratch>/codex/chainhash-m2-adjacent/smhasher3/hashes/t1ha.cpp:1731:4: warning: '$' in identifier [-Wdollar-in-identifier-extension]
 1731 |    $.impl_flags =
      |    ^
<scratch>/codex/chainhash-m2-adjacent/smhasher3/hashes/t1ha.cpp:1739:4: warning: '$' in identifier [-Wdollar-in-identifier-extension]
 1739 |    $.bits = 128,
      |    ^
<scratch>/codex/chainhash-m2-adjacent/smhasher3/hashes/t1ha.cpp:1740:4: warning: '$' in identifier [-Wdollar-in-identifier-extension]
 1740 |    $.verification_LE = 0xE929E756,
      |    ^
<scratch>/codex/chainhash-m2-adjacent/smhasher3/hashes/t1ha.cpp:1741:4: warning: '$' in identifier [-Wdollar-in-identifier-extension]
 1741 |    $.verification_BE = 0x3898932B,
      |    ^
<scratch>/codex/chainhash-m2-adjacent/smhasher3/hashes/t1ha.cpp:1742:4: warning: '$' in identifier [-Wdollar-in-identifier-extension]
 1742 |    $.hashfn_native   = isLE () ? t1ha2_incr<MODE_LE_NATIVE, true> : t1ha2_incr<MODE_BE_NATIVE, true>,
      |    ^
<scratch>/codex/chainhash-m2-adjacent/smhasher3/hashes/t1ha.cpp:1743:4: warning: '$' in identifier [-Wdollar-in-identifier-extension]
 1743 |    $.hashfn_bswap    = isLE () ? t1ha2_incr<MODE_LE_BSWAP, true> : t1ha2_incr<MODE_BE_BSWAP, true>,
      |    ^
<scratch>/codex/chainhash-m2-adjacent/smhasher3/hashes/t1ha.cpp:1744:4: warning: '$' in identifier [-Wdollar-in-identifier-extension]
 1744 |    $.initfn          = t1ha2_incr_selftest
      |    ^
[ 26%] Building CXX object CMakeFiles/SMHasher3Hashlib.dir/hashes/abseil.cpp.o
[ 27%] Building CXX object CMakeFiles/SMHasher3Tests.dir/tests/SparseKeysetTest.cpp.o
In file included from <scratch>/codex/chainhash-m2-adjacent/smhasher3/tests/HashMapTest.cpp:59:
In file included from <scratch>/codex/chainhash-m2-adjacent/smhasher3/util/parallel_hashmap/phmap.h:69:
<scratch>/codex/chainhash-m2-adjacent/smhasher3/util/parallel_hashmap/phmap_base.h:241:36: warning: builtin __has_trivial_destructor is deprecated; use __is_trivially_destructible instead [-Wdeprecated-builtins]
  241 |     : std::integral_constant<bool, __has_trivial_destructor(T) &&
      |                                    ^
<scratch>/codex/chainhash-m2-adjacent/smhasher3/util/parallel_hashmap/phmap_base.h:246:36: warning: builtin __has_trivial_constructor is deprecated; use __is_trivially_constructible instead [-Wdeprecated-builtins]
  246 |     : std::integral_constant<bool, __has_trivial_constructor(T) &&
      |                                    ^
<scratch>/codex/chainhash-m2-adjacent/smhasher3/util/parallel_hashmap/phmap_base.h:252:36: warning: builtin __has_trivial_copy is deprecated; use __is_trivially_copyable instead [-Wdeprecated-builtins]
  252 |     : std::integral_constant<bool, __has_trivial_copy(T) &&
      |                                    ^
<scratch>/codex/chainhash-m2-adjacent/smhasher3/util/parallel_hashmap/phmap_base.h:259:17: warning: builtin __has_trivial_assign is deprecated; use __is_trivially_assignable instead [-Wdeprecated-builtins]
  259 |           bool, __has_trivial_assign(typename std::remove_reference<T>::type) &&
      |                 ^
67 warnings generated.
[ 27%] Building CXX object CMakeFiles/SMHasher3Tests.dir/tests/ZeroesKeysetTest.cpp.o
In file included from <scratch>/codex/chainhash-m2-adjacent/smhasher3/hashes/abseil.cpp:19:
<scratch>/codex/chainhash-m2-adjacent/smhasher3/include/hashlib/Hashlib.h:44:20: warning: '$' in identifier [-Wdollar-in-identifier-extension]
   44 |     HashFamilyInfo $(#N);                          \
      |                    ^
<scratch>/codex/chainhash-m2-adjacent/smhasher3/include/hashlib/Hashlib.h:46:12: warning: '$' in identifier [-Wdollar-in-identifier-extension]
   46 |     return $;                                      \
      |            ^
<scratch>/codex/chainhash-m2-adjacent/smhasher3/include/hashlib/Hashlib.h:54:14: warning: '$' in identifier [-Wdollar-in-identifier-extension]
   54 |     HashInfo $(#N, THIS_HASH_FAMILY.name);       \
      |              ^
<scratch>/codex/chainhash-m2-adjacent/smhasher3/include/hashlib/Hashlib.h:56:20: warning: '$' in identifier [-Wdollar-in-identifier-extension]
   56 |     register_hash(&$);                           \
      |                    ^
<scratch>/codex/chainhash-m2-adjacent/smhasher3/include/hashlib/Hashlib.h:57:12: warning: '$' in identifier [-Wdollar-in-identifier-extension]
   57 |     return $;                                    \
      |            ^
<scratch>/codex/chainhash-m2-adjacent/smhasher3/hashes/abseil.cpp:412:4: warning: '$' in identifier [-Wdollar-in-identifier-extension]
  412 |    $.src_url    = "https://github.com/abseil/abseil-cpp",
      |    ^
<scratch>/codex/chainhash-m2-adjacent/smhasher3/hashes/abseil.cpp:413:4: warning: '$' in identifier [-Wdollar-in-identifier-extension]
  413 |    $.src_status = HashFamilyInfo::SRC_ACTIVE
      |    ^
<scratch>/codex/chainhash-m2-adjacent/smhasher3/hashes/abseil.cpp:417:4: warning: '$' in identifier [-Wdollar-in-identifier-extension]
  417 |    $.desc            = "Abseil hash (for 32-bit environments)",
      |    ^
<scratch>/codex/chainhash-m2-adjacent/smhasher3/hashes/abseil.cpp:418:4: warning: '$' in identifier [-Wdollar-in-identifier-extension]
  418 |    $.hash_flags      =
      |    ^
<scratch>/codex/chainhash-m2-adjacent/smhasher3/hashes/abseil.cpp:420:4: warning: '$' in identifier [-Wdollar-in-identifier-extension]
  420 |    $.impl_flags      =
      |    ^
<scratch>/codex/chainhash-m2-adjacent/smhasher3/hashes/abseil.cpp:425:4: warning: '$' in identifier [-Wdollar-in-identifier-extension]
  425 |    $.bits            = 64,
      |    ^
<scratch>/codex/chainhash-m2-adjacent/smhasher3/hashes/abseil.cpp:426:4: warning: '$' in identifier [-Wdollar-in-identifier-extension]
  426 |    $.verification_LE = 0x9C56A962,
      |    ^
<scratch>/codex/chainhash-m2-adjacent/smhasher3/hashes/abseil.cpp:427:4: warning: '$' in identifier [-Wdollar-in-identifier-extension]
  427 |    $.verification_BE = 0x4CEEA989,
      |    ^
<scratch>/codex/chainhash-m2-adjacent/smhasher3/hashes/abseil.cpp:428:4: warning: '$' in identifier [-Wdollar-in-identifier-extension]
  428 |    $.hashfn_native   = ABSL32<false>,
      |    ^
<scratch>/codex/chainhash-m2-adjacent/smhasher3/hashes/abseil.cpp:429:4: warning: '$' in identifier [-Wdollar-in-identifier-extension]
  429 |    $.hashfn_bswap    = ABSL32<true>,
      |    ^
<scratch>/codex/chainhash-m2-adjacent/smhasher3/hashes/abseil.cpp:430:4: warning: '$' in identifier [-Wdollar-in-identifier-extension]
  430 |    $.seedfixfn       = excludeBadseeds,
      |    ^
<scratch>/codex/chainhash-m2-adjacent/smhasher3/hashes/abseil.cpp:431:4: warning: '$' in identifier [-Wdollar-in-identifier-extension]
  431 |    $.badseeds        = {
      |    ^
<scratch>/codex/chainhash-m2-adjacent/smhasher3/hashes/abseil.cpp:465:4: warning: '$' in identifier [-Wdollar-in-identifier-extension]
  465 |    $.desc            = "Abseil hash (for 64-bit environments, with 128-bit intrinsics)",
      |    ^
<scratch>/codex/chainhash-m2-adjacent/smhasher3/hashes/abseil.cpp:466:4: warning: '$' in identifier [-Wdollar-in-identifier-extension]
  466 |    $.hash_flags      =
      |    ^
<scratch>/codex/chainhash-m2-adjacent/smhasher3/hashes/abseil.cpp:468:4: warning: '$' in identifier [-Wdollar-in-identifier-extension]
  468 |    $.impl_flags      =
      |    ^
<scratch>/codex/chainhash-m2-adjacent/smhasher3/hashes/abseil.cpp:471:4: warning: '$' in identifier [-Wdollar-in-identifier-extension]
  471 |    $.bits            = 64,
      |    ^
<scratch>/codex/chainhash-m2-adjacent/smhasher3/hashes/abseil.cpp:472:4: warning: '$' in identifier [-Wdollar-in-identifier-extension]
  472 |    $.verification_LE = 0x07203CDB,
      |    ^
<scratch>/codex/chainhash-m2-adjacent/smhasher3/hashes/abseil.cpp:473:4: warning: '$' in identifier [-Wdollar-in-identifier-extension]
  473 |    $.verification_BE = 0x68AA434B,
      |    ^
<scratch>/codex/chainhash-m2-adjacent/smhasher3/hashes/abseil.cpp:474:4: warning: '$' in identifier [-Wdollar-in-identifier-extension]
  474 |    $.hashfn_native   = ABSL64<false, true>,
      |    ^
<scratch>/codex/chainhash-m2-adjacent/smhasher3/hashes/abseil.cpp:475:4: warning: '$' in identifier [-Wdollar-in-identifier-extension]
  475 |    $.hashfn_bswap    = ABSL64<true, true>,
      |    ^
<scratch>/codex/chainhash-m2-adjacent/smhasher3/hashes/abseil.cpp:476:4: warning: '$' in identifier [-Wdollar-in-identifier-extension]
  476 |    $.seedfixfn       = excludeBadseeds,
      |    ^
<scratch>/codex/chainhash-m2-adjacent/smhasher3/hashes/abseil.cpp:477:4: warning: '$' in identifier [-Wdollar-in-identifier-extension]
  477 |    $.badseeds        = {
      |    ^
<scratch>/codex/chainhash-m2-adjacent/smhasher3/hashes/abseil.cpp:560:4: warning: '$' in identifier [-Wdollar-in-identifier-extension]
  560 |    $.desc            = "Abseil hash (for 64-bit environments, without 128-bit intrinsics)",
      |    ^
<scratch>/codex/chainhash-m2-adjacent/smhasher3/hashes/abseil.cpp:561:4: warning: '$' in identifier [-Wdollar-in-identifier-extension]
  561 |    $.hash_flags      =
      |    ^
<scratch>/codex/chainhash-m2-adjacent/smhasher3/hashes/abseil.cpp:563:4: warning: '$' in identifier [-Wdollar-in-identifier-extension]
  563 |    $.impl_flags      =
      |    ^
<scratch>/codex/chainhash-m2-adjacent/smhasher3/hashes/abseil.cpp:568:4: warning: '$' in identifier [-Wdollar-in-identifier-extension]
  568 |    $.bits            = 64,
      |    ^
<scratch>/codex/chainhash-m2-adjacent/smhasher3/hashes/abseil.cpp:569:4: warning: '$' in identifier [-Wdollar-in-identifier-extension]
  569 |    $.verification_LE = 0xBCA82904,
      |    ^
<scratch>/codex/chainhash-m2-adjacent/smhasher3/hashes/abseil.cpp:570:4: warning: '$' in identifier [-Wdollar-in-identifier-extension]
  570 |    $.verification_BE = 0x3DE6C260,
      |    ^
<scratch>/codex/chainhash-m2-adjacent/smhasher3/hashes/abseil.cpp:571:4: warning: '$' in identifier [-Wdollar-in-identifier-extension]
  571 |    $.hashfn_native   = ABSL64<false, false>,
      |    ^
<scratch>/codex/chainhash-m2-adjacent/smhasher3/hashes/abseil.cpp:572:4: warning: '$' in identifier [-Wdollar-in-identifier-extension]
  572 |    $.hashfn_bswap    = ABSL64<true, false>,
      |    ^
<scratch>/codex/chainhash-m2-adjacent/smhasher3/hashes/abseil.cpp:573:4: warning: '$' in identifier [-Wdollar-in-identifier-extension]
  573 |    $.seedfixfn       = excludeBadseeds,
      |    ^
<scratch>/codex/chainhash-m2-adjacent/smhasher3/hashes/abseil.cpp:574:4: warning: '$' in identifier [-Wdollar-in-identifier-extension]
  574 |    $.badseeds        = {
      |    ^
37 warnings generated.
[ 28%] Building CXX object CMakeFiles/SMHasher3Hashlib.dir/hashes/metrohash.cpp.o
4 warnings generated.
[ 29%] Building CXX object CMakeFiles/SMHasher3Tests.dir/tests/CyclicKeysetTest.cpp.o
In file included from <scratch>/codex/chainhash-m2-adjacent/smhasher3/hashes/metrohash.cpp:27:
<scratch>/codex/chainhash-m2-adjacent/smhasher3/include/hashlib/Hashlib.h:44:20: warning: '$' in identifier [-Wdollar-in-identifier-extension]
   44 |     HashFamilyInfo $(#N);                          \
      |                    ^
<scratch>/codex/chainhash-m2-adjacent/smhasher3/include/hashlib/Hashlib.h:46:12: warning: '$' in identifier [-Wdollar-in-identifier-extension]
   46 |     return $;                                      \
      |            ^
<scratch>/codex/chainhash-m2-adjacent/smhasher3/include/hashlib/Hashlib.h:54:14: warning: '$' in identifier [-Wdollar-in-identifier-extension]
   54 |     HashInfo $(#N, THIS_HASH_FAMILY.name);       \
      |              ^
<scratch>/codex/chainhash-m2-adjacent/smhasher3/include/hashlib/Hashlib.h:56:20: warning: '$' in identifier [-Wdollar-in-identifier-extension]
   56 |     register_hash(&$);                           \
      |                    ^
<scratch>/codex/chainhash-m2-adjacent/smhasher3/include/hashlib/Hashlib.h:57:12: warning: '$' in identifier [-Wdollar-in-identifier-extension]
   57 |     return $;                                    \
      |            ^
<scratch>/codex/chainhash-m2-adjacent/smhasher3/hashes/metrohash.cpp:288:4: warning: '$' in identifier [-Wdollar-in-identifier-extension]
  288 |    $.src_url    = "https://github.com/jandrewrogers/MetroHash/tree/c135424b3b83f1ca2502b7960f8d5705ddcec987",
      |    ^
<scratch>/codex/chainhash-m2-adjacent/smhasher3/hashes/metrohash.cpp:289:4: warning: '$' in identifier [-Wdollar-in-identifier-extension]
  289 |    $.src_status = HashFamilyInfo::SRC_FROZEN
      |    ^
<scratch>/codex/chainhash-m2-adjacent/smhasher3/hashes/metrohash.cpp:293:4: warning: '$' in identifier [-Wdollar-in-identifier-extension]
  293 |    $.desc       = "Metrohash v1 base variant, 64-bit version",
      |    ^
<scratch>/codex/chainhash-m2-adjacent/smhasher3/hashes/metrohash.cpp:294:4: warning: '$' in identifier [-Wdollar-in-identifier-extension]
  294 |    $.hash_flags =
      |    ^
<scratch>/codex/chainhash-m2-adjacent/smhasher3/hashes/metrohash.cpp:296:4: warning: '$' in identifier [-Wdollar-in-identifier-extension]
  296 |    $.impl_flags =
      |    ^
<scratch>/codex/chainhash-m2-adjacent/smhasher3/hashes/metrohash.cpp:300:4: warning: '$' in identifier [-Wdollar-in-identifier-extension]
  300 |    $.bits = 64,
      |    ^
<scratch>/codex/chainhash-m2-adjacent/smhasher3/hashes/metrohash.cpp:301:4: warning: '$' in identifier [-Wdollar-in-identifier-extension]
  301 |    $.verification_LE = 0x6FA828C9,
      |    ^
<scratch>/codex/chainhash-m2-adjacent/smhasher3/hashes/metrohash.cpp:302:4: warning: '$' in identifier [-Wdollar-in-identifier-extension]
  302 |    $.verification_BE = 0xFB8D54A5,
      |    ^
<scratch>/codex/chainhash-m2-adjacent/smhasher3/hashes/metrohash.cpp:303:4: warning: '$' in identifier [-Wdollar-in-identifier-extension]
  303 |    $.hashfn_native   = MetroHash64<0, false>,
      |    ^
<scratch>/codex/chainhash-m2-adjacent/smhasher3/hashes/metrohash.cpp:304:4: warning: '$' in identifier [-Wdollar-in-identifier-extension]
  304 |    $.hashfn_bswap    = MetroHash64<0, true>,
      |    ^
<scratch>/codex/chainhash-m2-adjacent/smhasher3/hashes/metrohash.cpp:305:4: warning: '$' in identifier [-Wdollar-in-identifier-extension]
  305 |    $.seedfixfn       = excludeBadseeds,
      |    ^
<scratch>/codex/chainhash-m2-adjacent/smhasher3/hashes/metrohash.cpp:306:4: warning: '$' in identifier [-Wdollar-in-identifier-extension]
  306 |    $.badseeds        = { 0xffffffff9d66d03f }
      |    ^
<scratch>/codex/chainhash-m2-adjacent/smhasher3/hashes/metrohash.cpp:310:4: warning: '$' in identifier [-Wdollar-in-identifier-extension]
  310 |    $.desc       = "Metrohash v1 variant 1, 64-bit version",
      |    ^
<scratch>/codex/chainhash-m2-adjacent/smhasher3/hashes/metrohash.cpp:311:4: warning: '$' in identifier [-Wdollar-in-identifier-extension]
  311 |    $.hash_flags =
      |    ^
<scratch>/codex/chainhash-m2-adjacent/smhasher3/hashes/metrohash.cpp:313:4: warning: '$' in identifier [-Wdollar-in-identifier-extension]
  313 |    $.impl_flags =
      |    ^
<scratch>/codex/chainhash-m2-adjacent/smhasher3/hashes/metrohash.cpp:317:4: warning: '$' in identifier [-Wdollar-in-identifier-extension]
  317 |    $.bits = 64,
      |    ^
<scratch>/codex/chainhash-m2-adjacent/smhasher3/hashes/metrohash.cpp:318:4: warning: '$' in identifier [-Wdollar-in-identifier-extension]
  318 |    $.verification_LE = 0xEE88F7D2,
      |    ^
<scratch>/codex/chainhash-m2-adjacent/smhasher3/hashes/metrohash.cpp:319:4: warning: '$' in identifier [-Wdollar-in-identifier-extension]
  319 |    $.verification_BE = 0xCC0F03D7,
      |    ^
<scratch>/codex/chainhash-m2-adjacent/smhasher3/hashes/metrohash.cpp:320:4: warning: '$' in identifier [-Wdollar-in-identifier-extension]
  320 |    $.hashfn_native   = MetroHash64<1, false>,
      |    ^
<scratch>/codex/chainhash-m2-adjacent/smhasher3/hashes/metrohash.cpp:321:4: warning: '$' in identifier [-Wdollar-in-identifier-extension]
  321 |    $.hashfn_bswap    = MetroHash64<1, true>
      |    ^
<scratch>/codex/chainhash-m2-adjacent/smhasher3/hashes/metrohash.cpp:325:4: warning: '$' in identifier [-Wdollar-in-identifier-extension]
  325 |    $.desc       = "Metrohash v1 variant 2, 64-bit version",
      |    ^
<scratch>/codex/chainhash-m2-adjacent/smhasher3/hashes/metrohash.cpp:326:4: warning: '$' in identifier [-Wdollar-in-identifier-extension]
  326 |    $.hash_flags =
      |    ^
<scratch>/codex/chainhash-m2-adjacent/smhasher3/hashes/metrohash.cpp:328:4: warning: '$' in identifier [-Wdollar-in-identifier-extension]
  328 |    $.impl_flags =
      |    ^
<scratch>/codex/chainhash-m2-adjacent/smhasher3/hashes/metrohash.cpp:332:4: warning: '$' in identifier [-Wdollar-in-identifier-extension]
  332 |    $.bits = 64,
      |    ^
<scratch>/codex/chainhash-m2-adjacent/smhasher3/hashes/metrohash.cpp:333:4: warning: '$' in identifier [-Wdollar-in-identifier-extension]
  333 |    $.verification_LE = 0xE1FC7C6E,
      |    ^
<scratch>/codex/chainhash-m2-adjacent/smhasher3/hashes/metrohash.cpp:334:4: warning: '$' in identifier [-Wdollar-in-identifier-extension]
  334 |    $.verification_BE = 0x7F8C6EF1,
      |    ^
<scratch>/codex/chainhash-m2-adjacent/smhasher3/hashes/metrohash.cpp:335:4: warning: '$' in identifier [-Wdollar-in-identifier-extension]
  335 |    $.hashfn_native   = MetroHash64<2, false>,
      |    ^
<scratch>/codex/chainhash-m2-adjacent/smhasher3/hashes/metrohash.cpp:336:4: warning: '$' in identifier [-Wdollar-in-identifier-extension]
  336 |    $.hashfn_bswap    = MetroHash64<2, true>
      |    ^
<scratch>/codex/chainhash-m2-adjacent/smhasher3/hashes/metrohash.cpp:376:4: warning: '$' in identifier [-Wdollar-in-identifier-extension]
  376 |    $.desc       = "Metrohash v1 base variant, 128-bit version",
      |    ^
<scratch>/codex/chainhash-m2-adjacent/smhasher3/hashes/metrohash.cpp:377:4: warning: '$' in identifier [-Wdollar-in-identifier-extension]
  377 |    $.hash_flags =
      |    ^
<scratch>/codex/chainhash-m2-adjacent/smhasher3/hashes/metrohash.cpp:379:4: warning: '$' in identifier [-Wdollar-in-identifier-extension]
  379 |    $.impl_flags =
      |    ^
<scratch>/codex/chainhash-m2-adjacent/smhasher3/hashes/metrohash.cpp:383:4: warning: '$' in identifier [-Wdollar-in-identifier-extension]
  383 |    $.bits = 128,
      |    ^
<scratch>/codex/chainhash-m2-adjacent/smhasher3/hashes/metrohash.cpp:384:4: warning: '$' in identifier [-Wdollar-in-identifier-extension]
  384 |    $.verification_LE = 0x4A6673E7,
      |    ^
<scratch>/codex/chainhash-m2-adjacent/smhasher3/hashes/metrohash.cpp:385:4: warning: '$' in identifier [-Wdollar-in-identifier-extension]
  385 |    $.verification_BE = 0xD5F2CD8C,
      |    ^
<scratch>/codex/chainhash-m2-adjacent/smhasher3/hashes/metrohash.cpp:386:4: warning: '$' in identifier [-Wdollar-in-identifier-extension]
  386 |    $.hashfn_native   = MetroHash128<0, false>,
      |    ^
<scratch>/codex/chainhash-m2-adjacent/smhasher3/hashes/metrohash.cpp:387:4: warning: '$' in identifier [-Wdollar-in-identifier-extension]
  387 |    $.hashfn_bswap    = MetroHash128<0, true>
      |    ^
<scratch>/codex/chainhash-m2-adjacent/smhasher3/hashes/metrohash.cpp:391:4: warning: '$' in identifier [-Wdollar-in-identifier-extension]
  391 |    $.desc       = "Metrohash v1 variant 1, 128-bit version",
      |    ^
<scratch>/codex/chainhash-m2-adjacent/smhasher3/hashes/metrohash.cpp:392:4: warning: '$' in identifier [-Wdollar-in-identifier-extension]
  392 |    $.hash_flags =
      |    ^
<scratch>/codex/chainhash-m2-adjacent/smhasher3/hashes/metrohash.cpp:394:4: warning: '$' in identifier [-Wdollar-in-identifier-extension]
  394 |    $.impl_flags =
      |    ^
<scratch>/codex/chainhash-m2-adjacent/smhasher3/hashes/metrohash.cpp:398:4: warning: '$' in identifier [-Wdollar-in-identifier-extension]
  398 |    $.bits = 128,
      |    ^
<scratch>/codex/chainhash-m2-adjacent/smhasher3/hashes/metrohash.cpp:399:4: warning: '$' in identifier [-Wdollar-in-identifier-extension]
  399 |    $.verification_LE = 0x20E8A1D7,
      |    ^
<scratch>/codex/chainhash-m2-adjacent/smhasher3/hashes/metrohash.cpp:400:4: warning: '$' in identifier [-Wdollar-in-identifier-extension]
  400 |    $.verification_BE = 0x78661274,
      |    ^
<scratch>/codex/chainhash-m2-adjacent/smhasher3/hashes/metrohash.cpp:401:4: warning: '$' in identifier [-Wdollar-in-identifier-extension]
  401 |    $.hashfn_native   = MetroHash128<1, false>,
      |    ^
<scratch>/codex/chainhash-m2-adjacent/smhasher3/hashes/metrohash.cpp:402:4: warning: '$' in identifier [-Wdollar-in-identifier-extension]
  402 |    $.hashfn_bswap    = MetroHash128<1, true>
      |    ^
<scratch>/codex/chainhash-m2-adjacent/smhasher3/hashes/metrohash.cpp:406:4: warning: '$' in identifier [-Wdollar-in-identifier-extension]
  406 |    $.desc       = "Metrohash v1 variant 2, 128-bit version",
      |    ^
<scratch>/codex/chainhash-m2-adjacent/smhasher3/hashes/metrohash.cpp:407:4: warning: '$' in identifier [-Wdollar-in-identifier-extension]
  407 |    $.hash_flags =
      |    ^
<scratch>/codex/chainhash-m2-adjacent/smhasher3/hashes/metrohash.cpp:409:4: warning: '$' in identifier [-Wdollar-in-identifier-extension]
  409 |    $.impl_flags =
      |    ^
<scratch>/codex/chainhash-m2-adjacent/smhasher3/hashes/metrohash.cpp:413:4: warning: '$' in identifier [-Wdollar-in-identifier-extension]
  413 |    $.bits = 128,
      |    ^
<scratch>/codex/chainhash-m2-adjacent/smhasher3/hashes/metrohash.cpp:414:4: warning: '$' in identifier [-Wdollar-in-identifier-extension]
  414 |    $.verification_LE = 0x5437C684,
      |    ^
<scratch>/codex/chainhash-m2-adjacent/smhasher3/hashes/metrohash.cpp:415:4: warning: '$' in identifier [-Wdollar-in-identifier-extension]
  415 |    $.verification_BE = 0x01A244A6,
      |    ^
<scratch>/codex/chainhash-m2-adjacent/smhasher3/hashes/metrohash.cpp:416:4: warning: '$' in identifier [-Wdollar-in-identifier-extension]
  416 |    $.hashfn_native   = MetroHash128<2, false>,
      |    ^
<scratch>/codex/chainhash-m2-adjacent/smhasher3/hashes/metrohash.cpp:417:4: warning: '$' in identifier [-Wdollar-in-identifier-extension]
  417 |    $.hashfn_bswap    = MetroHash128<2, true>
      |    ^
[ 29%] Building CXX object CMakeFiles/SMHasher3Hashlib.dir/hashes/rust-ahash.cpp.o
57 warnings generated.
[ 30%] Building CXX object CMakeFiles/SMHasher3Hashlib.dir/hashes/foldhash.cpp.o
In file included from <scratch>/codex/chainhash-m2-adjacent/smhasher3/hashes/rust-ahash.cpp:27:
<scratch>/codex/chainhash-m2-adjacent/smhasher3/include/hashlib/Hashlib.h:44:20: warning: '$' in identifier [-Wdollar-in-identifier-extension]
   44 |     HashFamilyInfo $(#N);                          \
      |                    ^
<scratch>/codex/chainhash-m2-adjacent/smhasher3/include/hashlib/Hashlib.h:46:12: warning: '$' in identifier [-Wdollar-in-identifier-extension]
   46 |     return $;                                      \
      |            ^
<scratch>/codex/chainhash-m2-adjacent/smhasher3/include/hashlib/Hashlib.h:54:14: warning: '$' in identifier [-Wdollar-in-identifier-extension]
   54 |     HashInfo $(#N, THIS_HASH_FAMILY.name);       \
      |              ^
<scratch>/codex/chainhash-m2-adjacent/smhasher3/include/hashlib/Hashlib.h:56:20: warning: '$' in identifier [-Wdollar-in-identifier-extension]
   56 |     register_hash(&$);                           \
      |                    ^
<scratch>/codex/chainhash-m2-adjacent/smhasher3/include/hashlib/Hashlib.h:57:12: warning: '$' in identifier [-Wdollar-in-identifier-extension]
   57 |     return $;                                    \
      |            ^
<scratch>/codex/chainhash-m2-adjacent/smhasher3/hashes/rust-ahash.cpp:484:4: warning: '$' in identifier [-Wdollar-in-identifier-extension]
  484 |    $.src_url    = "https://github.com/tkaitchuck/aHash",
      |    ^
<scratch>/codex/chainhash-m2-adjacent/smhasher3/hashes/rust-ahash.cpp:485:4: warning: '$' in identifier [-Wdollar-in-identifier-extension]
  485 |    $.src_status = HashFamilyInfo::SRC_STABLEISH
      |    ^
<scratch>/codex/chainhash-m2-adjacent/smhasher3/hashes/rust-ahash.cpp:489:4: warning: '$' in identifier [-Wdollar-in-identifier-extension]
  489 |    $.desc            = "aHash (ported from Rust, AES-based version)",
      |    ^
<scratch>/codex/chainhash-m2-adjacent/smhasher3/hashes/rust-ahash.cpp:490:4: warning: '$' in identifier [-Wdollar-in-identifier-extension]
  490 |    $.impl            = ahash_shuffle_str[AHASH_SHUFFLE],
      |    ^
<scratch>/codex/chainhash-m2-adjacent/smhasher3/hashes/rust-ahash.cpp:491:4: warning: '$' in identifier [-Wdollar-in-identifier-extension]
  491 |    $.sort_order      = 0,
      |    ^
<scratch>/codex/chainhash-m2-adjacent/smhasher3/hashes/rust-ahash.cpp:492:4: warning: '$' in identifier [-Wdollar-in-identifier-extension]
  492 |    $.hash_flags      =
      |    ^
<scratch>/codex/chainhash-m2-adjacent/smhasher3/hashes/rust-ahash.cpp:495:4: warning: '$' in identifier [-Wdollar-in-identifier-extension]
  495 |    $.impl_flags      =
      |    ^
<scratch>/codex/chainhash-m2-adjacent/smhasher3/hashes/rust-ahash.cpp:497:4: warning: '$' in identifier [-Wdollar-in-identifier-extension]
  497 |    $.bits            = 64,
      |    ^
<scratch>/codex/chainhash-m2-adjacent/smhasher3/hashes/rust-ahash.cpp:498:4: warning: '$' in identifier [-Wdollar-in-identifier-extension]
  498 |    $.verification_LE = 0x3BF4383B,
      |    ^
<scratch>/codex/chainhash-m2-adjacent/smhasher3/hashes/rust-ahash.cpp:499:4: warning: '$' in identifier [-Wdollar-in-identifier-extension]
  499 |    $.verification_BE = 0x1B4F8057,
      |    ^
<scratch>/codex/chainhash-m2-adjacent/smhasher3/hashes/rust-ahash.cpp:500:4: warning: '$' in identifier [-Wdollar-in-identifier-extension]
  500 |    $.hashfn_native   = rust_ahash<false, true>,
      |    ^
<scratch>/codex/chainhash-m2-adjacent/smhasher3/hashes/rust-ahash.cpp:501:4: warning: '$' in identifier [-Wdollar-in-identifier-extension]
  501 |    $.hashfn_bswap    = rust_ahash<true, true>,
      |    ^
<scratch>/codex/chainhash-m2-adjacent/smhasher3/hashes/rust-ahash.cpp:502:4: warning: '$' in identifier [-Wdollar-in-identifier-extension]
  502 |    $.seedfn          = init_state
      |    ^
<scratch>/codex/chainhash-m2-adjacent/smhasher3/hashes/rust-ahash.cpp:506:4: warning: '$' in identifier [-Wdollar-in-identifier-extension]
  506 |    $.desc            = "aHash (ported from Rust, AES-based version, without shuffle)",
      |    ^
<scratch>/codex/chainhash-m2-adjacent/smhasher3/hashes/rust-ahash.cpp:507:4: warning: '$' in identifier [-Wdollar-in-identifier-extension]
  507 |    $.sort_order      = 10,
      |    ^
<scratch>/codex/chainhash-m2-adjacent/smhasher3/hashes/rust-ahash.cpp:508:4: warning: '$' in identifier [-Wdollar-in-identifier-extension]
  508 |    $.hash_flags      =
      |    ^
<scratch>/codex/chainhash-m2-adjacent/smhasher3/hashes/rust-ahash.cpp:511:4: warning: '$' in identifier [-Wdollar-in-identifier-extension]
  511 |    $.impl_flags      =
      |    ^
<scratch>/codex/chainhash-m2-adjacent/smhasher3/hashes/rust-ahash.cpp:513:4: warning: '$' in identifier [-Wdollar-in-identifier-extension]
  513 |    $.bits            = 64,
      |    ^
<scratch>/codex/chainhash-m2-adjacent/smhasher3/hashes/rust-ahash.cpp:514:4: warning: '$' in identifier [-Wdollar-in-identifier-extension]
  514 |    $.verification_LE = 0x84CD29E5,
      |    ^
<scratch>/codex/chainhash-m2-adjacent/smhasher3/hashes/rust-ahash.cpp:515:4: warning: '$' in identifier [-Wdollar-in-identifier-extension]
  515 |    $.verification_BE = 0x5CC04B62,
      |    ^
<scratch>/codex/chainhash-m2-adjacent/smhasher3/hashes/rust-ahash.cpp:516:4: warning: '$' in identifier [-Wdollar-in-identifier-extension]
  516 |    $.hashfn_native   = rust_ahash<false, false>,
      |    ^
<scratch>/codex/chainhash-m2-adjacent/smhasher3/hashes/rust-ahash.cpp:517:4: warning: '$' in identifier [-Wdollar-in-identifier-extension]
  517 |    $.hashfn_bswap    = rust_ahash<true, false>,
      |    ^
<scratch>/codex/chainhash-m2-adjacent/smhasher3/hashes/rust-ahash.cpp:518:4: warning: '$' in identifier [-Wdollar-in-identifier-extension]
  518 |    $.seedfn          = init_state
      |    ^
<scratch>/codex/chainhash-m2-adjacent/smhasher3/hashes/rust-ahash.cpp:522:4: warning: '$' in identifier [-Wdollar-in-identifier-extension]
  522 |    $.desc            = "aHash (ported from Rust, fallback version)",
      |    ^
<scratch>/codex/chainhash-m2-adjacent/smhasher3/hashes/rust-ahash.cpp:523:4: warning: '$' in identifier [-Wdollar-in-identifier-extension]
  523 |    $.sort_order      = 20,
      |    ^
<scratch>/codex/chainhash-m2-adjacent/smhasher3/hashes/rust-ahash.cpp:524:4: warning: '$' in identifier [-Wdollar-in-identifier-extension]
  524 |    $.hash_flags      =
      |    ^
<scratch>/codex/chainhash-m2-adjacent/smhasher3/hashes/rust-ahash.cpp:526:4: warning: '$' in identifier [-Wdollar-in-identifier-extension]
  526 |    $.impl_flags      =
      |    ^
<scratch>/codex/chainhash-m2-adjacent/smhasher3/hashes/rust-ahash.cpp:531:4: warning: '$' in identifier [-Wdollar-in-identifier-extension]
  531 |    $.bits            = 64,
      |    ^
<scratch>/codex/chainhash-m2-adjacent/smhasher3/hashes/rust-ahash.cpp:532:4: warning: '$' in identifier [-Wdollar-in-identifier-extension]
  532 |    $.verification_LE = 0x53C9F167,
      |    ^
<scratch>/codex/chainhash-m2-adjacent/smhasher3/hashes/rust-ahash.cpp:533:4: warning: '$' in identifier [-Wdollar-in-identifier-extension]
  533 |    $.verification_BE = 0x0AB24D79,
      |    ^
<scratch>/codex/chainhash-m2-adjacent/smhasher3/hashes/rust-ahash.cpp:534:4: warning: '$' in identifier [-Wdollar-in-identifier-extension]
  534 |    $.hashfn_native   = rust_ahash_fb<false, true>,
      |    ^
<scratch>/codex/chainhash-m2-adjacent/smhasher3/hashes/rust-ahash.cpp:535:4: warning: '$' in identifier [-Wdollar-in-identifier-extension]
  535 |    $.hashfn_bswap    = rust_ahash_fb<true, true>,
      |    ^
<scratch>/codex/chainhash-m2-adjacent/smhasher3/hashes/rust-ahash.cpp:536:4: warning: '$' in identifier [-Wdollar-in-identifier-extension]
  536 |    $.seedfn          = init_state,
      |    ^
<scratch>/codex/chainhash-m2-adjacent/smhasher3/hashes/rust-ahash.cpp:537:4: warning: '$' in identifier [-Wdollar-in-identifier-extension]
  537 |    $.seedfixfn       = excludeBadseeds,
      |    ^
<scratch>/codex/chainhash-m2-adjacent/smhasher3/hashes/rust-ahash.cpp:538:4: warning: '$' in identifier [-Wdollar-in-identifier-extension]
  538 |    $.badseeddesc     = "Many bad seeds, unsure of details; see rust-ahash.cpp for examples",
      |    ^
<scratch>/codex/chainhash-m2-adjacent/smhasher3/hashes/rust-ahash.cpp:539:4: warning: '$' in identifier [-Wdollar-in-identifier-extension]
  539 |    $.badseeds        = {
      |    ^
<scratch>/codex/chainhash-m2-adjacent/smhasher3/hashes/rust-ahash.cpp:658:4: warning: '$' in identifier [-Wdollar-in-identifier-extension]
  658 |    $.desc            = "aHash (ported from Rust, fallback version, folded_multiply disabled)",
      |    ^
<scratch>/codex/chainhash-m2-adjacent/smhasher3/hashes/rust-ahash.cpp:659:4: warning: '$' in identifier [-Wdollar-in-identifier-extension]
  659 |    $.sort_order      = 30,
      |    ^
<scratch>/codex/chainhash-m2-adjacent/smhasher3/hashes/rust-ahash.cpp:660:4: warning: '$' in identifier [-Wdollar-in-identifier-extension]
  660 |    $.hash_flags      =
      |    ^
<scratch>/codex/chainhash-m2-adjacent/smhasher3/hashes/rust-ahash.cpp:662:4: warning: '$' in identifier [-Wdollar-in-identifier-extension]
  662 |    $.impl_flags      =
      |    ^
<scratch>/codex/chainhash-m2-adjacent/smhasher3/hashes/rust-ahash.cpp:667:4: warning: '$' in identifier [-Wdollar-in-identifier-extension]
  667 |    $.bits            = 64,
      |    ^
<scratch>/codex/chainhash-m2-adjacent/smhasher3/hashes/rust-ahash.cpp:668:4: warning: '$' in identifier [-Wdollar-in-identifier-extension]
  668 |    $.verification_LE = 0x3FDD068C,
      |    ^
<scratch>/codex/chainhash-m2-adjacent/smhasher3/hashes/rust-ahash.cpp:669:4: warning: '$' in identifier [-Wdollar-in-identifier-extension]
  669 |    $.verification_BE = 0x87A5FD69,
      |    ^
<scratch>/codex/chainhash-m2-adjacent/smhasher3/hashes/rust-ahash.cpp:670:4: warning: '$' in identifier [-Wdollar-in-identifier-extension]
  670 |    $.hashfn_native   = rust_ahash_fb<false, false>,
      |    ^
<scratch>/codex/chainhash-m2-adjacent/smhasher3/hashes/rust-ahash.cpp:671:4: warning: '$' in identifier [-Wdollar-in-identifier-extension]
  671 |    $.hashfn_bswap    = rust_ahash_fb<true, false>,
      |    ^
<scratch>/codex/chainhash-m2-adjacent/smhasher3/hashes/rust-ahash.cpp:672:4: warning: '$' in identifier [-Wdollar-in-identifier-extension]
  672 |    $.seedfn          = init_state
      |    ^
In file included from <scratch>/codex/chainhash-m2-adjacent/smhasher3/hashes/foldhash.cpp:42:
<scratch>/codex/chainhash-m2-adjacent/smhasher3/include/hashlib/Hashlib.h:44:20: warning: '$' in identifier [-Wdollar-in-identifier-extension]
   44 |     HashFamilyInfo $(#N);                          \
      |                    ^
<scratch>/codex/chainhash-m2-adjacent/smhasher3/include/hashlib/Hashlib.h:46:12: warning: '$' in identifier [-Wdollar-in-identifier-extension]
   46 |     return $;                                      \
      |            ^
<scratch>/codex/chainhash-m2-adjacent/smhasher3/include/hashlib/Hashlib.h:54:14: warning: '$' in identifier [-Wdollar-in-identifier-extension]
   54 |     HashInfo $(#N, THIS_HASH_FAMILY.name);       \
      |              ^
<scratch>/codex/chainhash-m2-adjacent/smhasher3/include/hashlib/Hashlib.h:56:20: warning: '$' in identifier [-Wdollar-in-identifier-extension]
   56 |     register_hash(&$);                           \
      |                    ^
<scratch>/codex/chainhash-m2-adjacent/smhasher3/include/hashlib/Hashlib.h:57:12: warning: '$' in identifier [-Wdollar-in-identifier-extension]
   57 |     return $;                                    \
      |            ^
<scratch>/codex/chainhash-m2-adjacent/smhasher3/hashes/foldhash.cpp:120:27: warning: '$' in identifier [-Wdollar-in-identifier-extension]
  120 | REGISTER_FAMILY(foldhash, $.src_url="https://github.com/orlp/foldhash", $.src_status=HashFamilyInfo::SRC_STABLEISH);
      |                           ^
<scratch>/codex/chainhash-m2-adjacent/smhasher3/hashes/foldhash.cpp:120:73: warning: '$' in identifier [-Wdollar-in-identifier-extension]
  120 | REGISTER_FAMILY(foldhash, $.src_url="https://github.com/orlp/foldhash", $.src_status=HashFamilyInfo::SRC_STABLEISH);
      |                                                                         ^
<scratch>/codex/chainhash-m2-adjacent/smhasher3/hashes/foldhash.cpp:122:5: warning: '$' in identifier [-Wdollar-in-identifier-extension]
  122 |     $.desc="foldhash 0.2.0 fast (Rust byte-slice write path)",
      |     ^
<scratch>/codex/chainhash-m2-adjacent/smhasher3/hashes/foldhash.cpp:123:5: warning: '$' in identifier [-Wdollar-in-identifier-extension]
  123 |     $.hash_flags=FLAG_HASH_XL_SEED,
      |     ^
<scratch>/codex/chainhash-m2-adjacent/smhasher3/hashes/foldhash.cpp:124:5: warning: '$' in identifier [-Wdollar-in-identifier-extension]
  124 |     $.impl_flags=FLAG_IMPL_MULTIPLY_64_128 | FLAG_IMPL_ROTATE | FLAG_IMPL_ROTATE_VARIABLE | FLAG_IMPL_LICENSE_ZLIB,
      |     ^
<scratch>/codex/chainhash-m2-adjacent/smhasher3/hashes/foldhash.cpp:125:5: warning: '$' in identifier [-Wdollar-in-identifier-extension]
  125 |     $.bits=64, $.verification_LE=0xA167BA5E, $.verification_BE=0x71AF646C,
      |     ^
<scratch>/codex/chainhash-m2-adjacent/smhasher3/hashes/foldhash.cpp:125:16: warning: '$' in identifier [-Wdollar-in-identifier-extension]
  125 |     $.bits=64, $.verification_LE=0xA167BA5E, $.verification_BE=0x71AF646C,
      |                ^
<scratch>/codex/chainhash-m2-adjacent/smhasher3/hashes/foldhash.cpp:125:46: warning: '$' in identifier [-Wdollar-in-identifier-extension]
  125 |     $.bits=64, $.verification_LE=0xA167BA5E, $.verification_BE=0x71AF646C,
      |                                              ^
<scratch>/codex/chainhash-m2-adjacent/smhasher3/hashes/foldhash.cpp:126:5: warning: '$' in identifier [-Wdollar-in-identifier-extension]
  126 |     $.hashfn_native=foldhash<false,false>, $.hashfn_bswap=foldhash<true,false>, $.seedfn=init_state);
      |     ^
<scratch>/codex/chainhash-m2-adjacent/smhasher3/hashes/foldhash.cpp:126:44: warning: '$' in identifier [-Wdollar-in-identifier-extension]
  126 |     $.hashfn_native=foldhash<false,false>, $.hashfn_bswap=foldhash<true,false>, $.seedfn=init_state);
      |                                            ^
<scratch>/codex/chainhash-m2-adjacent/smhasher3/hashes/foldhash.cpp:126:81: warning: '$' in identifier [-Wdollar-in-identifier-extension]
  126 |     $.hashfn_native=foldhash<false,false>, $.hashfn_bswap=foldhash<true,false>, $.seedfn=init_state);
      |                                                                                 ^
<scratch>/codex/chainhash-m2-adjacent/smhasher3/hashes/foldhash.cpp:128:5: warning: '$' in identifier [-Wdollar-in-identifier-extension]
  128 |     $.desc="foldhash 0.2.0 quality (Rust byte-slice write path)",
      |     ^
<scratch>/codex/chainhash-m2-adjacent/smhasher3/hashes/foldhash.cpp:129:5: warning: '$' in identifier [-Wdollar-in-identifier-extension]
  129 |     $.hash_flags=FLAG_HASH_XL_SEED,
      |     ^
<scratch>/codex/chainhash-m2-adjacent/smhasher3/hashes/foldhash.cpp:130:5: warning: '$' in identifier [-Wdollar-in-identifier-extension]
  130 |     $.impl_flags=FLAG_IMPL_MULTIPLY_64_128 | FLAG_IMPL_ROTATE | FLAG_IMPL_ROTATE_VARIABLE | FLAG_IMPL_LICENSE_ZLIB,
      |     ^
<scratch>/codex/chainhash-m2-adjacent/smhasher3/hashes/foldhash.cpp:131:5: warning: '$' in identifier [-Wdollar-in-identifier-extension]
  131 |     $.bits=64, $.verification_LE=0xE269316E, $.verification_BE=0xE43F6B30,
      |     ^
<scratch>/codex/chainhash-m2-adjacent/smhasher3/hashes/foldhash.cpp:131:16: warning: '$' in identifier [-Wdollar-in-identifier-extension]
  131 |     $.bits=64, $.verification_LE=0xE269316E, $.verification_BE=0xE43F6B30,
      |                ^
<scratch>/codex/chainhash-m2-adjacent/smhasher3/hashes/foldhash.cpp:131:46: warning: '$' in identifier [-Wdollar-in-identifier-extension]
  131 |     $.bits=64, $.verification_LE=0xE269316E, $.verification_BE=0xE43F6B30,
      |                                              ^
<scratch>/codex/chainhash-m2-adjacent/smhasher3/hashes/foldhash.cpp:132:5: warning: '$' in identifier [-Wdollar-in-identifier-extension]
  132 |     $.hashfn_native=foldhash<false,true>, $.hashfn_bswap=foldhash<true,true>, $.seedfn=init_state);
      |     ^
<scratch>/codex/chainhash-m2-adjacent/smhasher3/hashes/foldhash.cpp:132:43: warning: '$' in identifier [-Wdollar-in-identifier-extension]
  132 |     $.hashfn_native=foldhash<false,true>, $.hashfn_bswap=foldhash<true,true>, $.seedfn=init_state);
      |                                           ^
<scratch>/codex/chainhash-m2-adjacent/smhasher3/hashes/foldhash.cpp:132:79: warning: '$' in identifier [-Wdollar-in-identifier-extension]
  132 |     $.hashfn_native=foldhash<false,true>, $.hashfn_bswap=foldhash<true,true>, $.seedfn=init_state);
      |                                                                               ^
25 warnings generated.
[ 30%] Building CXX object CMakeFiles/SMHasher3Tests.dir/tests/TwoBytesKeysetTest.cpp.o
51 warnings generated.
[ 32%] Building CXX object CMakeFiles/SMHasher3Hashlib.dir/hashes/highwayhash.cpp.o
In file included from <scratch>/codex/chainhash-m2-adjacent/smhasher3/hashes/highwayhash.cpp:19:
<scratch>/codex/chainhash-m2-adjacent/smhasher3/include/hashlib/Hashlib.h:44:20: warning: '$' in identifier [-Wdollar-in-identifier-extension]
   44 |     HashFamilyInfo $(#N);                          \
      |                    ^
<scratch>/codex/chainhash-m2-adjacent/smhasher3/include/hashlib/Hashlib.h:46:12: warning: '$' in identifier [-Wdollar-in-identifier-extension]
   46 |     return $;                                      \
      |            ^
<scratch>/codex/chainhash-m2-adjacent/smhasher3/include/hashlib/Hashlib.h:54:14: warning: '$' in identifier [-Wdollar-in-identifier-extension]
   54 |     HashInfo $(#N, THIS_HASH_FAMILY.name);       \
      |              ^
<scratch>/codex/chainhash-m2-adjacent/smhasher3/include/hashlib/Hashlib.h:56:20: warning: '$' in identifier [-Wdollar-in-identifier-extension]
   56 |     register_hash(&$);                           \
      |                    ^
<scratch>/codex/chainhash-m2-adjacent/smhasher3/include/hashlib/Hashlib.h:57:12: warning: '$' in identifier [-Wdollar-in-identifier-extension]
   57 |     return $;                                    \
      |            ^
In file included from <scratch>/codex/chainhash-m2-adjacent/smhasher3/hashes/highwayhash.cpp:131:
<scratch>/codex/chainhash-m2-adjacent/smhasher3/hashes/highwayhash/hash-neon.h:52:52: warning: format specifies type 'unsigned long' but the argument has type 'uint64_t' (aka 'unsigned long long') [-Wformat]
   52 |     printf("\tv0   %016lx %016lx %016lx %016lx\n", s->v0L[0]  , s->v0L[1]  , s->v0H[0]  , s->v0H[1]  );
      |                    ~~~~~~                          ^~~~~~~~~
      |                    %016llx
<scratch>/codex/chainhash-m2-adjacent/smhasher3/hashes/highwayhash/hash-neon.h:52:65: warning: format specifies type 'unsigned long' but the argument has type 'uint64_t' (aka 'unsigned long long') [-Wformat]
   52 |     printf("\tv0   %016lx %016lx %016lx %016lx\n", s->v0L[0]  , s->v0L[1]  , s->v0H[0]  , s->v0H[1]  );
      |                           ~~~~~~                                ^~~~~~~~~
      |                           %016llx
<scratch>/codex/chainhash-m2-adjacent/smhasher3/hashes/highwayhash/hash-neon.h:52:78: warning: format specifies type 'unsigned long' but the argument has type 'uint64_t' (aka 'unsigned long long') [-Wformat]
   52 |     printf("\tv0   %016lx %016lx %016lx %016lx\n", s->v0L[0]  , s->v0L[1]  , s->v0H[0]  , s->v0H[1]  );
      |                                  ~~~~~~                                      ^~~~~~~~~
      |                                  %016llx
<scratch>/codex/chainhash-m2-adjacent/smhasher3/hashes/highwayhash/hash-neon.h:52:91: warning: format specifies type 'unsigned long' but the argument has type 'uint64_t' (aka 'unsigned long long') [-Wformat]
   52 |     printf("\tv0   %016lx %016lx %016lx %016lx\n", s->v0L[0]  , s->v0L[1]  , s->v0H[0]  , s->v0H[1]  );
      |                                         ~~~~~~                                            ^~~~~~~~~
      |                                         %016llx
<scratch>/codex/chainhash-m2-adjacent/smhasher3/hashes/highwayhash/hash-neon.h:53:52: warning: format specifies type 'unsigned long' but the argument has type 'uint64_t' (aka 'unsigned long long') [-Wformat]
   53 |     printf("\tv1   %016lx %016lx %016lx %016lx\n", s->v1L[0]  , s->v1L[1]  , s->v1H[0]  , s->v1H[1]  );
      |                    ~~~~~~                          ^~~~~~~~~
      |                    %016llx
<scratch>/codex/chainhash-m2-adjacent/smhasher3/hashes/highwayhash/hash-neon.h:53:65: warning: format specifies type 'unsigned long' but the argument has type 'uint64_t' (aka 'unsigned long long') [-Wformat]
   53 |     printf("\tv1   %016lx %016lx %016lx %016lx\n", s->v1L[0]  , s->v1L[1]  , s->v1H[0]  , s->v1H[1]  );
      |                           ~~~~~~                                ^~~~~~~~~
      |                           %016llx
<scratch>/codex/chainhash-m2-adjacent/smhasher3/hashes/highwayhash/hash-neon.h:53:78: warning: format specifies type 'unsigned long' but the argument has type 'uint64_t' (aka 'unsigned long long') [-Wformat]
   53 |     printf("\tv1   %016lx %016lx %016lx %016lx\n", s->v1L[0]  , s->v1L[1]  , s->v1H[0]  , s->v1H[1]  );
      |                                  ~~~~~~                                      ^~~~~~~~~
      |                                  %016llx
<scratch>/codex/chainhash-m2-adjacent/smhasher3/hashes/highwayhash/hash-neon.h:53:91: warning: format specifies type 'unsigned long' but the argument has type 'uint64_t' (aka 'unsigned long long') [-Wformat]
   53 |     printf("\tv1   %016lx %016lx %016lx %016lx\n", s->v1L[0]  , s->v1L[1]  , s->v1H[0]  , s->v1H[1]  );
      |                                         ~~~~~~                                            ^~~~~~~~~
      |                                         %016llx
<scratch>/codex/chainhash-m2-adjacent/smhasher3/hashes/highwayhash/hash-neon.h:54:52: warning: format specifies type 'unsigned long' but the argument has type 'uint64_t' (aka 'unsigned long long') [-Wformat]
   54 |     printf("\tmul0 %016lx %016lx %016lx %016lx\n", s->mul0L[0], s->mul0L[1], s->mul0H[0], s->mul0H[1]);
      |                    ~~~~~~                          ^~~~~~~~~~~
      |                    %016llx
<scratch>/codex/chainhash-m2-adjacent/smhasher3/hashes/highwayhash/hash-neon.h:54:65: warning: format specifies type 'unsigned long' but the argument has type 'uint64_t' (aka 'unsigned long long') [-Wformat]
   54 |     printf("\tmul0 %016lx %016lx %016lx %016lx\n", s->mul0L[0], s->mul0L[1], s->mul0H[0], s->mul0H[1]);
      |                           ~~~~~~                                ^~~~~~~~~~~
      |                           %016llx
<scratch>/codex/chainhash-m2-adjacent/smhasher3/hashes/highwayhash/hash-neon.h:54:78: warning: format specifies type 'unsigned long' but the argument has type 'uint64_t' (aka 'unsigned long long') [-Wformat]
   54 |     printf("\tmul0 %016lx %016lx %016lx %016lx\n", s->mul0L[0], s->mul0L[1], s->mul0H[0], s->mul0H[1]);
      |                                  ~~~~~~                                      ^~~~~~~~~~~
      |                                  %016llx
<scratch>/codex/chainhash-m2-adjacent/smhasher3/hashes/highwayhash/hash-neon.h:54:91: warning: format specifies type 'unsigned long' but the argument has type 'uint64_t' (aka 'unsigned long long') [-Wformat]
   54 |     printf("\tmul0 %016lx %016lx %016lx %016lx\n", s->mul0L[0], s->mul0L[1], s->mul0H[0], s->mul0H[1]);
      |                                         ~~~~~~                                            ^~~~~~~~~~~
      |                                         %016llx
<scratch>/codex/chainhash-m2-adjacent/smhasher3/hashes/highwayhash/hash-neon.h:55:52: warning: format specifies type 'unsigned long' but the argument has type 'uint64_t' (aka 'unsigned long long') [-Wformat]
   55 |     printf("\tmul1 %016lx %016lx %016lx %016lx\n", s->mul1L[0], s->mul1L[1], s->mul1H[0], s->mul1H[1]);
      |                    ~~~~~~                          ^~~~~~~~~~~
      |                    %016llx
<scratch>/codex/chainhash-m2-adjacent/smhasher3/hashes/highwayhash/hash-neon.h:55:65: warning: format specifies type 'unsigned long' but the argument has type 'uint64_t' (aka 'unsigned long long') [-Wformat]
   55 |     printf("\tmul1 %016lx %016lx %016lx %016lx\n", s->mul1L[0], s->mul1L[1], s->mul1H[0], s->mul1H[1]);
      |                           ~~~~~~                                ^~~~~~~~~~~
      |                           %016llx
<scratch>/codex/chainhash-m2-adjacent/smhasher3/hashes/highwayhash/hash-neon.h:55:78: warning: format specifies type 'unsigned long' but the argument has type 'uint64_t' (aka 'unsigned long long') [-Wformat]
   55 |     printf("\tmul1 %016lx %016lx %016lx %016lx\n", s->mul1L[0], s->mul1L[1], s->mul1H[0], s->mul1H[1]);
      |                                  ~~~~~~                                      ^~~~~~~~~~~
      |                                  %016llx
<scratch>/codex/chainhash-m2-adjacent/smhasher3/hashes/highwayhash/hash-neon.h:55:91: warning: format specifies type 'unsigned long' but the argument has type 'uint64_t' (aka 'unsigned long long') [-Wformat]
   55 |     printf("\tmul1 %016lx %016lx %016lx %016lx\n", s->mul1L[0], s->mul1L[1], s->mul1H[0], s->mul1H[1]);
      |                                         ~~~~~~                                            ^~~~~~~~~~~
      |                                         %016llx
<scratch>/codex/chainhash-m2-adjacent/smhasher3/hashes/highwayhash.cpp:440:4: warning: '$' in identifier [-Wdollar-in-identifier-extension]
  440 |    $.src_url    = "https://github.com/google/highwayhash",
      |    ^
<scratch>/codex/chainhash-m2-adjacent/smhasher3/hashes/highwayhash.cpp:441:4: warning: '$' in identifier [-Wdollar-in-identifier-extension]
  441 |    $.src_status = HashFamilyInfo::SRC_FROZEN
      |    ^
<scratch>/codex/chainhash-m2-adjacent/smhasher3/hashes/highwayhash.cpp:445:4: warning: '$' in identifier [-Wdollar-in-identifier-extension]
  445 |    $.desc            = "HighwayHash, 64-bit version",
      |    ^
<scratch>/codex/chainhash-m2-adjacent/smhasher3/hashes/highwayhash.cpp:446:4: warning: '$' in identifier [-Wdollar-in-identifier-extension]
  446 |    $.impl            = hh_vector_str[HH_TARGET],
      |    ^
<scratch>/codex/chainhash-m2-adjacent/smhasher3/hashes/highwayhash.cpp:447:4: warning: '$' in identifier [-Wdollar-in-identifier-extension]
  447 |    $.hash_flags      =
      |    ^
<scratch>/codex/chainhash-m2-adjacent/smhasher3/hashes/highwayhash.cpp:451:4: warning: '$' in identifier [-Wdollar-in-identifier-extension]
  451 |    $.impl_flags      =
      |    ^
<scratch>/codex/chainhash-m2-adjacent/smhasher3/hashes/highwayhash.cpp:458:4: warning: '$' in identifier [-Wdollar-in-identifier-extension]
  458 |    $.bits            = 64,
      |    ^
<scratch>/codex/chainhash-m2-adjacent/smhasher3/hashes/highwayhash.cpp:459:4: warning: '$' in identifier [-Wdollar-in-identifier-extension]
  459 |    $.verification_LE = 0xF3246108,
      |    ^
<scratch>/codex/chainhash-m2-adjacent/smhasher3/hashes/highwayhash.cpp:460:4: warning: '$' in identifier [-Wdollar-in-identifier-extension]
  460 |    $.verification_BE = 0xF41A53FD,
      |    ^
<scratch>/codex/chainhash-m2-adjacent/smhasher3/hashes/highwayhash.cpp:461:4: warning: '$' in identifier [-Wdollar-in-identifier-extension]
  461 |    $.hashfn_native   = HighwayHash<false, 1>,
      |    ^
<scratch>/codex/chainhash-m2-adjacent/smhasher3/hashes/highwayhash.cpp:462:4: warning: '$' in identifier [-Wdollar-in-identifier-extension]
  462 |    $.hashfn_bswap    = HighwayHash<true, 1>,
      |    ^
<scratch>/codex/chainhash-m2-adjacent/smhasher3/hashes/highwayhash.cpp:463:4: warning: '$' in identifier [-Wdollar-in-identifier-extension]
  463 |    $.seedfn          = HighwayHashReseed
      |    ^
<scratch>/codex/chainhash-m2-adjacent/smhasher3/hashes/highwayhash.cpp:467:4: warning: '$' in identifier [-Wdollar-in-identifier-extension]
  467 |    $.desc            = "HighwayHash, 128-bit version",
      |    ^
<scratch>/codex/chainhash-m2-adjacent/smhasher3/hashes/highwayhash.cpp:468:4: warning: '$' in identifier [-Wdollar-in-identifier-extension]
  468 |    $.impl            = hh_vector_str[HH_TARGET],
      |    ^
<scratch>/codex/chainhash-m2-adjacent/smhasher3/hashes/highwayhash.cpp:469:4: warning: '$' in identifier [-Wdollar-in-identifier-extension]
  469 |    $.hash_flags      =
      |    ^
<scratch>/codex/chainhash-m2-adjacent/smhasher3/hashes/highwayhash.cpp:473:4: warning: '$' in identifier [-Wdollar-in-identifier-extension]
  473 |    $.impl_flags      =
      |    ^
<scratch>/codex/chainhash-m2-adjacent/smhasher3/hashes/highwayhash.cpp:480:4: warning: '$' in identifier [-Wdollar-in-identifier-extension]
  480 |    $.bits            = 128,
      |    ^
<scratch>/codex/chainhash-m2-adjacent/smhasher3/hashes/highwayhash.cpp:481:4: warning: '$' in identifier [-Wdollar-in-identifier-extension]
  481 |    $.verification_LE = 0x232D434E,
      |    ^
<scratch>/codex/chainhash-m2-adjacent/smhasher3/hashes/highwayhash.cpp:482:4: warning: '$' in identifier [-Wdollar-in-identifier-extension]
  482 |    $.verification_BE = 0xC9665BF9,
      |    ^
<scratch>/codex/chainhash-m2-adjacent/smhasher3/hashes/highwayhash.cpp:483:4: warning: '$' in identifier [-Wdollar-in-identifier-extension]
  483 |    $.hashfn_native   = HighwayHash<false, 2>,
      |    ^
<scratch>/codex/chainhash-m2-adjacent/smhasher3/hashes/highwayhash.cpp:484:4: warning: '$' in identifier [-Wdollar-in-identifier-extension]
  484 |    $.hashfn_bswap    = HighwayHash<true, 2>,
      |    ^
<scratch>/codex/chainhash-m2-adjacent/smhasher3/hashes/highwayhash.cpp:485:4: warning: '$' in identifier [-Wdollar-in-identifier-extension]
  485 |    $.seedfn          = HighwayHashReseed
      |    ^
<scratch>/codex/chainhash-m2-adjacent/smhasher3/hashes/highwayhash.cpp:489:4: warning: '$' in identifier [-Wdollar-in-identifier-extension]
  489 |    $.desc            = "HighwayHash, 256-bit version",
      |    ^
<scratch>/codex/chainhash-m2-adjacent/smhasher3/hashes/highwayhash.cpp:490:4: warning: '$' in identifier [-Wdollar-in-identifier-extension]
  490 |    $.impl            = hh_vector_str[HH_TARGET],
      |    ^
<scratch>/codex/chainhash-m2-adjacent/smhasher3/hashes/highwayhash.cpp:491:4: warning: '$' in identifier [-Wdollar-in-identifier-extension]
  491 |    $.hash_flags      =
      |    ^
<scratch>/codex/chainhash-m2-adjacent/smhasher3/hashes/highwayhash.cpp:495:4: warning: '$' in identifier [-Wdollar-in-identifier-extension]
  495 |    $.impl_flags      =
      |    ^
<scratch>/codex/chainhash-m2-adjacent/smhasher3/hashes/highwayhash.cpp:502:4: warning: '$' in identifier [-Wdollar-in-identifier-extension]
  502 |    $.bits            = 256,
      |    ^
<scratch>/codex/chainhash-m2-adjacent/smhasher3/hashes/highwayhash.cpp:503:4: warning: '$' in identifier [-Wdollar-in-identifier-extension]
  503 |    $.verification_LE = 0x0D50D328,
      |    ^
<scratch>/codex/chainhash-m2-adjacent/smhasher3/hashes/highwayhash.cpp:504:4: warning: '$' in identifier [-Wdollar-in-identifier-extension]
  504 |    $.verification_BE = 0x4C737711,
      |    ^
<scratch>/codex/chainhash-m2-adjacent/smhasher3/hashes/highwayhash.cpp:505:4: warning: '$' in identifier [-Wdollar-in-identifier-extension]
  505 |    $.hashfn_native   = HighwayHash<false, 4>,
      |    ^
<scratch>/codex/chainhash-m2-adjacent/smhasher3/hashes/highwayhash.cpp:506:4: warning: '$' in identifier [-Wdollar-in-identifier-extension]
  506 |    $.hashfn_bswap    = HighwayHash<true, 4>,
      |    ^
<scratch>/codex/chainhash-m2-adjacent/smhasher3/hashes/highwayhash.cpp:507:4: warning: '$' in identifier [-Wdollar-in-identifier-extension]
  507 |    $.seedfn          = HighwayHashReseed
      |    ^
53 warnings generated.
[ 32%] Building CXX object CMakeFiles/SMHasher3Hashlib.dir/hashes/clhash.cpp.o
In file included from <scratch>/codex/chainhash-m2-adjacent/smhasher3/hashes/clhash.cpp:25:
<scratch>/codex/chainhash-m2-adjacent/smhasher3/include/hashlib/Hashlib.h:44:20: warning: '$' in identifier [-Wdollar-in-identifier-extension]
   44 |     HashFamilyInfo $(#N);                          \
      |                    ^
<scratch>/codex/chainhash-m2-adjacent/smhasher3/include/hashlib/Hashlib.h:46:12: warning: '$' in identifier [-Wdollar-in-identifier-extension]
   46 |     return $;                                      \
      |            ^
<scratch>/codex/chainhash-m2-adjacent/smhasher3/include/hashlib/Hashlib.h:54:14: warning: '$' in identifier [-Wdollar-in-identifier-extension]
   54 |     HashInfo $(#N, THIS_HASH_FAMILY.name);       \
      |              ^
<scratch>/codex/chainhash-m2-adjacent/smhasher3/include/hashlib/Hashlib.h:56:20: warning: '$' in identifier [-Wdollar-in-identifier-extension]
   56 |     register_hash(&$);                           \
      |                    ^
<scratch>/codex/chainhash-m2-adjacent/smhasher3/include/hashlib/Hashlib.h:57:12: warning: '$' in identifier [-Wdollar-in-identifier-extension]
   57 |     return $;                                    \
      |            ^
<scratch>/codex/chainhash-m2-adjacent/smhasher3/hashes/clhash.cpp:520:4: warning: '$' in identifier [-Wdollar-in-identifier-extension]
  520 |    $.src_url    = "https://github.com/lemire/clhash",
      |    ^
<scratch>/codex/chainhash-m2-adjacent/smhasher3/hashes/clhash.cpp:521:4: warning: '$' in identifier [-Wdollar-in-identifier-extension]
  521 |    $.src_status = HashFamilyInfo::SRC_STABLEISH
      |    ^
<scratch>/codex/chainhash-m2-adjacent/smhasher3/hashes/clhash.cpp:549:4: warning: '$' in identifier [-Wdollar-in-identifier-extension]
  549 |    $.desc       = "Carryless multiplication hash, without -DBITMIX",
      |    ^
<scratch>/codex/chainhash-m2-adjacent/smhasher3/hashes/clhash.cpp:550:4: warning: '$' in identifier [-Wdollar-in-identifier-extension]
  550 |    $.impl       = "hwclmul",
      |    ^
<scratch>/codex/chainhash-m2-adjacent/smhasher3/hashes/clhash.cpp:551:4: warning: '$' in identifier [-Wdollar-in-identifier-extension]
  551 |    $.hash_flags =
      |    ^
<scratch>/codex/chainhash-m2-adjacent/smhasher3/hashes/clhash.cpp:555:4: warning: '$' in identifier [-Wdollar-in-identifier-extension]
  555 |    $.impl_flags =
      |    ^
<scratch>/codex/chainhash-m2-adjacent/smhasher3/hashes/clhash.cpp:558:4: warning: '$' in identifier [-Wdollar-in-identifier-extension]
  558 |    $.bits = 64,
      |    ^
<scratch>/codex/chainhash-m2-adjacent/smhasher3/hashes/clhash.cpp:559:4: warning: '$' in identifier [-Wdollar-in-identifier-extension]
  559 |    $.verification_LE = 0x2E554CB4,
      |    ^
<scratch>/codex/chainhash-m2-adjacent/smhasher3/hashes/clhash.cpp:560:4: warning: '$' in identifier [-Wdollar-in-identifier-extension]
  560 |    $.verification_BE = 0x4F2B76A1,
      |    ^
<scratch>/codex/chainhash-m2-adjacent/smhasher3/hashes/clhash.cpp:561:4: warning: '$' in identifier [-Wdollar-in-identifier-extension]
  561 |    $.hashfn_native   = CLHashNomix<false>,
      |    ^
<scratch>/codex/chainhash-m2-adjacent/smhasher3/hashes/clhash.cpp:562:4: warning: '$' in identifier [-Wdollar-in-identifier-extension]
  562 |    $.hashfn_bswap    = CLHashNomix<true>,
      |    ^
<scratch>/codex/chainhash-m2-adjacent/smhasher3/hashes/clhash.cpp:563:4: warning: '$' in identifier [-Wdollar-in-identifier-extension]
  563 |    $.seedfn          = clhash_init
      |    ^
17 warnings generated.
[ 33%] Building CXX object CMakeFiles/SMHasher3Hashlib.dir/hashes/discohash.cpp.o
[ 34%] Building CXX object CMakeFiles/SMHasher3Hashlib.dir/hashes/chaskey.cpp.o
[ 34%] Building CXX object CMakeFiles/SMHasher3Hashlib.dir/hashes/siphash.cpp.o
In file included from <scratch>/codex/chainhash-m2-adjacent/smhasher3/hashes/discohash.cpp:28:
<scratch>/codex/chainhash-m2-adjacent/smhasher3/include/hashlib/Hashlib.h:44:20: warning: '$' in identifier [-Wdollar-in-identifier-extension]
   44 |     HashFamilyInfo $(#N);                          \
      |                    ^
<scratch>/codex/chainhash-m2-adjacent/smhasher3/include/hashlib/Hashlib.h:46:12: warning: '$' in identifier [-Wdollar-in-identifier-extension]
   46 |     return $;                                      \
      |            ^
<scratch>/codex/chainhash-m2-adjacent/smhasher3/include/hashlib/Hashlib.h:54:14: warning: '$' in identifier [-Wdollar-in-identifier-extension]
   54 |     HashInfo $(#N, THIS_HASH_FAMILY.name);       \
      |              ^
<scratch>/codex/chainhash-m2-adjacent/smhasher3/include/hashlib/Hashlib.h:56:20: warning: '$' in identifier [-Wdollar-in-identifier-extension]
   56 |     register_hash(&$);                           \
      |                    ^
<scratch>/codex/chainhash-m2-adjacent/smhasher3/include/hashlib/Hashlib.h:57:12: warning: '$' in identifier [-Wdollar-in-identifier-extension]
   57 |     return $;                                    \
      |            ^
<scratch>/codex/chainhash-m2-adjacent/smhasher3/hashes/discohash.cpp:196:4: warning: '$' in identifier [-Wdollar-in-identifier-extension]
  196 |    $.src_url    = "https://github.com/dosyago/discohash",
      |    ^
<scratch>/codex/chainhash-m2-adjacent/smhasher3/hashes/discohash.cpp:197:4: warning: '$' in identifier [-Wdollar-in-identifier-extension]
  197 |    $.src_status = HashFamilyInfo::SRC_STABLEISH
      |    ^
<scratch>/codex/chainhash-m2-adjacent/smhasher3/hashes/discohash.cpp:201:4: warning: '$' in identifier [-Wdollar-in-identifier-extension]
  201 |    $.desc       = "Discohash (aka BEBB4185) v1",
      |    ^
<scratch>/codex/chainhash-m2-adjacent/smhasher3/hashes/discohash.cpp:202:4: warning: '$' in identifier [-Wdollar-in-identifier-extension]
  202 |    $.hash_flags =
      |    ^
<scratch>/codex/chainhash-m2-adjacent/smhasher3/hashes/discohash.cpp:204:4: warning: '$' in identifier [-Wdollar-in-identifier-extension]
  204 |    $.impl_flags =
      |    ^
<scratch>/codex/chainhash-m2-adjacent/smhasher3/hashes/discohash.cpp:209:4: warning: '$' in identifier [-Wdollar-in-identifier-extension]
  209 |    $.bits = 64,
      |    ^
<scratch>/codex/chainhash-m2-adjacent/smhasher3/hashes/discohash.cpp:210:4: warning: '$' in identifier [-Wdollar-in-identifier-extension]
  210 |    $.verification_LE = 0xBEBB4185,
      |    ^
<scratch>/codex/chainhash-m2-adjacent/smhasher3/hashes/discohash.cpp:211:4: warning: '$' in identifier [-Wdollar-in-identifier-extension]
  211 |    $.verification_BE = 0x4B5579AD,
      |    ^
<scratch>/codex/chainhash-m2-adjacent/smhasher3/hashes/discohash.cpp:212:4: warning: '$' in identifier [-Wdollar-in-identifier-extension]
  212 |    $.hashfn_native   = BEBB4185<64, false>,
      |    ^
<scratch>/codex/chainhash-m2-adjacent/smhasher3/hashes/discohash.cpp:213:4: warning: '$' in identifier [-Wdollar-in-identifier-extension]
  213 |    $.hashfn_bswap    = BEBB4185<64, true>
      |    ^
<scratch>/codex/chainhash-m2-adjacent/smhasher3/hashes/discohash.cpp:217:4: warning: '$' in identifier [-Wdollar-in-identifier-extension]
  217 |    $.desc       = "Discohash (aka BEBB4185) v1 - 128-bit",
      |    ^
<scratch>/codex/chainhash-m2-adjacent/smhasher3/hashes/discohash.cpp:218:4: warning: '$' in identifier [-Wdollar-in-identifier-extension]
  218 |    $.hash_flags =
      |    ^
<scratch>/codex/chainhash-m2-adjacent/smhasher3/hashes/discohash.cpp:220:4: warning: '$' in identifier [-Wdollar-in-identifier-extension]
  220 |    $.impl_flags =
      |    ^
<scratch>/codex/chainhash-m2-adjacent/smhasher3/hashes/discohash.cpp:225:4: warning: '$' in identifier [-Wdollar-in-identifier-extension]
  225 |    $.bits = 128,
      |    ^
<scratch>/codex/chainhash-m2-adjacent/smhasher3/hashes/discohash.cpp:226:4: warning: '$' in identifier [-Wdollar-in-identifier-extension]
  226 |    $.verification_LE = 0x05C0460C,
      |    ^
<scratch>/codex/chainhash-m2-adjacent/smhasher3/hashes/discohash.cpp:227:4: warning: '$' in identifier [-Wdollar-in-identifier-extension]
  227 |    $.verification_BE = 0xD0A5D9FD,
      |    ^
<scratch>/codex/chainhash-m2-adjacent/smhasher3/hashes/discohash.cpp:228:4: warning: '$' in identifier [-Wdollar-in-identifier-extension]
  228 |    $.hashfn_native   = BEBB4185<128, false>,
      |    ^
<scratch>/codex/chainhash-m2-adjacent/smhasher3/hashes/discohash.cpp:229:4: warning: '$' in identifier [-Wdollar-in-identifier-extension]
  229 |    $.hashfn_bswap    = BEBB4185<128, true>
      |    ^
<scratch>/codex/chainhash-m2-adjacent/smhasher3/hashes/discohash.cpp:233:4: warning: '$' in identifier [-Wdollar-in-identifier-extension]
  233 |    $.desc       = "Discohash v2",
      |    ^
<scratch>/codex/chainhash-m2-adjacent/smhasher3/hashes/discohash.cpp:234:4: warning: '$' in identifier [-Wdollar-in-identifier-extension]
  234 |    $.hash_flags =
      |    ^
<scratch>/codex/chainhash-m2-adjacent/smhasher3/hashes/discohash.cpp:236:4: warning: '$' in identifier [-Wdollar-in-identifier-extension]
  236 |    $.impl_flags =
      |    ^
<scratch>/codex/chainhash-m2-adjacent/smhasher3/hashes/discohash.cpp:241:4: warning: '$' in identifier [-Wdollar-in-identifier-extension]
  241 |    $.bits = 64,
      |    ^
<scratch>/codex/chainhash-m2-adjacent/smhasher3/hashes/discohash.cpp:242:4: warning: '$' in identifier [-Wdollar-in-identifier-extension]
  242 |    $.verification_LE = 0x8FF45ABF,
      |    ^
<scratch>/codex/chainhash-m2-adjacent/smhasher3/hashes/discohash.cpp:243:4: warning: '$' in identifier [-Wdollar-in-identifier-extension]
  243 |    $.verification_BE = 0x430BECB8,
      |    ^
<scratch>/codex/chainhash-m2-adjacent/smhasher3/hashes/discohash.cpp:244:4: warning: '$' in identifier [-Wdollar-in-identifier-extension]
  244 |    $.hashfn_native   = discohash2<64, false>,
      |    ^
<scratch>/codex/chainhash-m2-adjacent/smhasher3/hashes/discohash.cpp:245:4: warning: '$' in identifier [-Wdollar-in-identifier-extension]
  245 |    $.hashfn_bswap    = discohash2<64, true>
      |    ^
<scratch>/codex/chainhash-m2-adjacent/smhasher3/hashes/discohash.cpp:249:4: warning: '$' in identifier [-Wdollar-in-identifier-extension]
  249 |    $.desc       = "Discohash v2 - 128-bit",
      |    ^
<scratch>/codex/chainhash-m2-adjacent/smhasher3/hashes/discohash.cpp:250:4: warning: '$' in identifier [-Wdollar-in-identifier-extension]
  250 |    $.hash_flags =
      |    ^
<scratch>/codex/chainhash-m2-adjacent/smhasher3/hashes/discohash.cpp:252:4: warning: '$' in identifier [-Wdollar-in-identifier-extension]
  252 |    $.impl_flags =
      |    ^
<scratch>/codex/chainhash-m2-adjacent/smhasher3/hashes/discohash.cpp:257:4: warning: '$' in identifier [-Wdollar-in-identifier-extension]
  257 |    $.bits = 128,
      |    ^
<scratch>/codex/chainhash-m2-adjacent/smhasher3/hashes/discohash.cpp:258:4: warning: '$' in identifier [-Wdollar-in-identifier-extension]
  258 |    $.verification_LE = 0x95E58C14,
      |    ^
<scratch>/codex/chainhash-m2-adjacent/smhasher3/hashes/discohash.cpp:259:4: warning: '$' in identifier [-Wdollar-in-identifier-extension]
  259 |    $.verification_BE = 0xA09C5726,
      |    ^
<scratch>/codex/chainhash-m2-adjacent/smhasher3/hashes/discohash.cpp:260:4: warning: '$' in identifier [-Wdollar-in-identifier-extension]
  260 |    $.hashfn_native   = discohash2<128, false>,
      |    ^
<scratch>/codex/chainhash-m2-adjacent/smhasher3/hashes/discohash.cpp:261:4: warning: '$' in identifier [-Wdollar-in-identifier-extension]
  261 |    $.hashfn_bswap    = discohash2<128, true>
      |    ^
In file included from <scratch>/codex/chainhash-m2-adjacent/smhasher3/hashes/chaskey.cpp:15:
<scratch>/codex/chainhash-m2-adjacent/smhasher3/include/hashlib/Hashlib.h:44:20: warning: '$' in identifier [-Wdollar-in-identifier-extension]
   44 |     HashFamilyInfo $(#N);                          \
      |                    ^
<scratch>/codex/chainhash-m2-adjacent/smhasher3/include/hashlib/Hashlib.h:46:12: warning: '$' in identifier [-Wdollar-in-identifier-extension]
   46 |     return $;                                      \
      |            ^
<scratch>/codex/chainhash-m2-adjacent/smhasher3/include/hashlib/Hashlib.h:54:14: warning: '$' in identifier [-Wdollar-in-identifier-extension]
   54 |     HashInfo $(#N, THIS_HASH_FAMILY.name);       \
      |              ^
<scratch>/codex/chainhash-m2-adjacent/smhasher3/include/hashlib/Hashlib.h:56:20: warning: '$' in identifier [-Wdollar-in-identifier-extension]
   56 |     register_hash(&$);                           \
      |                    ^
<scratch>/codex/chainhash-m2-adjacent/smhasher3/include/hashlib/Hashlib.h:57:12: warning: '$' in identifier [-Wdollar-in-identifier-extension]
   57 |     return $;                                    \
      |            ^
<scratch>/codex/chainhash-m2-adjacent/smhasher3/hashes/chaskey.cpp:262:4: warning: '$' in identifier [-Wdollar-in-identifier-extension]
  262 |    $.src_url    = "http://mouha.be/chaskey/",
      |    ^
<scratch>/codex/chainhash-m2-adjacent/smhasher3/hashes/chaskey.cpp:263:4: warning: '$' in identifier [-Wdollar-in-identifier-extension]
  263 |    $.src_status = HashFamilyInfo::SRC_FROZEN
      |    ^
<scratch>/codex/chainhash-m2-adjacent/smhasher3/hashes/chaskey.cpp:267:4: warning: '$' in identifier [-Wdollar-in-identifier-extension]
  267 |    $.desc       = "Chaskey PRF (12 rounds, 32 bits)",
      |    ^
<scratch>/codex/chainhash-m2-adjacent/smhasher3/hashes/chaskey.cpp:268:4: warning: '$' in identifier [-Wdollar-in-identifier-extension]
  268 |    $.sort_order = 20,
      |    ^
<scratch>/codex/chainhash-m2-adjacent/smhasher3/hashes/chaskey.cpp:269:4: warning: '$' in identifier [-Wdollar-in-identifier-extension]
  269 |    $.hash_flags =
      |    ^
<scratch>/codex/chainhash-m2-adjacent/smhasher3/hashes/chaskey.cpp:273:4: warning: '$' in identifier [-Wdollar-in-identifier-extension]
  273 |    $.impl_flags =
      |    ^
<scratch>/codex/chainhash-m2-adjacent/smhasher3/hashes/chaskey.cpp:278:4: warning: '$' in identifier [-Wdollar-in-identifier-extension]
  278 |    $.bits = 32,
      |    ^
<scratch>/codex/chainhash-m2-adjacent/smhasher3/hashes/chaskey.cpp:279:4: warning: '$' in identifier [-Wdollar-in-identifier-extension]
  279 |    $.verification_LE = 0x672570CB,
      |    ^
<scratch>/codex/chainhash-m2-adjacent/smhasher3/hashes/chaskey.cpp:280:4: warning: '$' in identifier [-Wdollar-in-identifier-extension]
  280 |    $.verification_BE = 0x22B350D2,
      |    ^
<scratch>/codex/chainhash-m2-adjacent/smhasher3/hashes/chaskey.cpp:281:4: warning: '$' in identifier [-Wdollar-in-identifier-extension]
  281 |    $.initfn          = chaskey_selftest,
      |    ^
<scratch>/codex/chainhash-m2-adjacent/smhasher3/hashes/chaskey.cpp:282:4: warning: '$' in identifier [-Wdollar-in-identifier-extension]
  282 |    $.seedfn          = seed_subkeys,
      |    ^
<scratch>/codex/chainhash-m2-adjacent/smhasher3/hashes/chaskey.cpp:283:4: warning: '$' in identifier [-Wdollar-in-identifier-extension]
  283 |    $.hashfn_native   = chaskey<12, 1, false>,
      |    ^
<scratch>/codex/chainhash-m2-adjacent/smhasher3/hashes/chaskey.cpp:284:4: warning: '$' in identifier [-Wdollar-in-identifier-extension]
  284 |    $.hashfn_bswap    = chaskey<12, 1, true>
      |    ^
<scratch>/codex/chainhash-m2-adjacent/smhasher3/hashes/chaskey.cpp:288:4: warning: '$' in identifier [-Wdollar-in-identifier-extension]
  288 |    $.desc       = "Chaskey PRF (12 rounds, 64 bits)",
      |    ^
<scratch>/codex/chainhash-m2-adjacent/smhasher3/hashes/chaskey.cpp:289:4: warning: '$' in identifier [-Wdollar-in-identifier-extension]
  289 |    $.sort_order = 20,
      |    ^
<scratch>/codex/chainhash-m2-adjacent/smhasher3/hashes/chaskey.cpp:290:4: warning: '$' in identifier [-Wdollar-in-identifier-extension]
  290 |    $.hash_flags =
      |    ^
<scratch>/codex/chainhash-m2-adjacent/smhasher3/hashes/chaskey.cpp:294:4: warning: '$' in identifier [-Wdollar-in-identifier-extension]
  294 |    $.impl_flags =
      |    ^
<scratch>/codex/chainhash-m2-adjacent/smhasher3/hashes/chaskey.cpp:299:4: warning: '$' in identifier [-Wdollar-in-identifier-extension]
  299 |    $.bits = 64,
      |    ^
<scratch>/codex/chainhash-m2-adjacent/smhasher3/hashes/chaskey.cpp:300:4: warning: '$' in identifier [-Wdollar-in-identifier-extension]
  300 |    $.verification_LE = 0x919290D6,
      |    ^
<scratch>/codex/chainhash-m2-adjacent/smhasher3/hashes/chaskey.cpp:301:4: warning: '$' in identifier [-Wdollar-in-identifier-extension]
  301 |    $.verification_BE = 0x5D0E8285,
      |    ^
<scratch>/codex/chainhash-m2-adjacent/smhasher3/hashes/chaskey.cpp:302:4: warning: '$' in identifier [-Wdollar-in-identifier-extension]
  302 |    $.initfn          = chaskey_selftest,
      |    ^
<scratch>/codex/chainhash-m2-adjacent/smhasher3/hashes/chaskey.cpp:303:4: warning: '$' in identifier [-Wdollar-in-identifier-extension]
  303 |    $.seedfn          = seed_subkeys,
      |    ^
<scratch>/codex/chainhash-m2-adjacent/smhasher3/hashes/chaskey.cpp:304:4: warning: '$' in identifier [-Wdollar-in-identifier-extension]
  304 |    $.hashfn_native   = chaskey<12, 2, false>,
      |    ^
<scratch>/codex/chainhash-m2-adjacent/smhasher3/hashes/chaskey.cpp:305:4: warning: '$' in identifier [-Wdollar-in-identifier-extension]
  305 |    $.hashfn_bswap    = chaskey<12, 2, true>
      |    ^
<scratch>/codex/chainhash-m2-adjacent/smhasher3/hashes/chaskey.cpp:309:4: warning: '$' in identifier [-Wdollar-in-identifier-extension]
  309 |    $.desc       = "Chaskey PRF (12 rounds, 128 bits)",
      |    ^
<scratch>/codex/chainhash-m2-adjacent/smhasher3/hashes/chaskey.cpp:310:4: warning: '$' in identifier [-Wdollar-in-identifier-extension]
  310 |    $.sort_order = 20,
      |    ^
<scratch>/codex/chainhash-m2-adjacent/smhasher3/hashes/chaskey.cpp:311:4: warning: '$' in identifier [-Wdollar-in-identifier-extension]
  311 |    $.hash_flags =
      |    ^
<scratch>/codex/chainhash-m2-adjacent/smhasher3/hashes/chaskey.cpp:315:4: warning: '$' in identifier [-Wdollar-in-identifier-extension]
  315 |    $.impl_flags =
      |    ^
<scratch>/codex/chainhash-m2-adjacent/smhasher3/hashes/chaskey.cpp:320:4: warning: '$' in identifier [-Wdollar-in-identifier-extension]
  320 |    $.bits = 128,
      |    ^
<scratch>/codex/chainhash-m2-adjacent/smhasher3/hashes/chaskey.cpp:321:4: warning: '$' in identifier [-Wdollar-in-identifier-extension]
  321 |    $.verification_LE = 0x1E983B23,
      |    ^
<scratch>/codex/chainhash-m2-adjacent/smhasher3/hashes/chaskey.cpp:322:4: warning: '$' in identifier [-Wdollar-in-identifier-extension]
  322 |    $.verification_BE = 0xB042962B,
      |    ^
<scratch>/codex/chainhash-m2-adjacent/smhasher3/hashes/chaskey.cpp:323:4: warning: '$' in identifier [-Wdollar-in-identifier-extension]
  323 |    $.initfn          = chaskey_selftest,
      |    ^
<scratch>/codex/chainhash-m2-adjacent/smhasher3/hashes/chaskey.cpp:324:4: warning: '$' in identifier [-Wdollar-in-identifier-extension]
  324 |    $.seedfn          = seed_subkeys,
      |    ^
<scratch>/codex/chainhash-m2-adjacent/smhasher3/hashes/chaskey.cpp:325:4: warning: '$' in identifier [-Wdollar-in-identifier-extension]
  325 |    $.hashfn_native   = chaskey<12, 4, false>,
      |    ^
<scratch>/codex/chainhash-m2-adjacent/smhasher3/hashes/chaskey.cpp:326:4: warning: '$' in identifier [-Wdollar-in-identifier-extension]
  326 |    $.hashfn_bswap    = chaskey<12, 4, true>
      |    ^
<scratch>/codex/chainhash-m2-adjacent/smhasher3/hashes/chaskey.cpp:330:4: warning: '$' in identifier [-Wdollar-in-identifier-extension]
  330 |    $.desc       = "Chaskey PRF (8 rounds, 32 bits)",
      |    ^
<scratch>/codex/chainhash-m2-adjacent/smhasher3/hashes/chaskey.cpp:331:4: warning: '$' in identifier [-Wdollar-in-identifier-extension]
  331 |    $.sort_order = 10,
      |    ^
<scratch>/codex/chainhash-m2-adjacent/smhasher3/hashes/chaskey.cpp:332:4: warning: '$' in identifier [-Wdollar-in-identifier-extension]
  332 |    $.hash_flags =
      |    ^
<scratch>/codex/chainhash-m2-adjacent/smhasher3/hashes/chaskey.cpp:336:4: warning: '$' in identifier [-Wdollar-in-identifier-extension]
  336 |    $.impl_flags =
      |    ^
<scratch>/codex/chainhash-m2-adjacent/smhasher3/hashes/chaskey.cpp:341:4: warning: '$' in identifier [-Wdollar-in-identifier-extension]
  341 |    $.bits = 32,
      |    ^
<scratch>/codex/chainhash-m2-adjacent/smhasher3/hashes/chaskey.cpp:342:4: warning: '$' in identifier [-Wdollar-in-identifier-extension]
  342 |    $.verification_LE = 0xA984B318,
      |    ^
<scratch>/codex/chainhash-m2-adjacent/smhasher3/hashes/chaskey.cpp:343:4: warning: '$' in identifier [-Wdollar-in-identifier-extension]
  343 |    $.verification_BE = 0x23FE2699,
      |    ^
<scratch>/codex/chainhash-m2-adjacent/smhasher3/hashes/chaskey.cpp:344:4: warning: '$' in identifier [-Wdollar-in-identifier-extension]
  344 |    $.initfn          = chaskey_selftest,
      |    ^
<scratch>/codex/chainhash-m2-adjacent/smhasher3/hashes/chaskey.cpp:345:4: warning: '$' in identifier [-Wdollar-in-identifier-extension]
  345 |    $.seedfn          = seed_subkeys,
      |    ^
<scratch>/codex/chainhash-m2-adjacent/smhasher3/hashes/chaskey.cpp:346:4: warning: '$' in identifier [-Wdollar-in-identifier-extension]
  346 |    $.hashfn_native   = chaskey<8, 1, false>,
      |    ^
<scratch>/codex/chainhash-m2-adjacent/smhasher3/hashes/chaskey.cpp:347:4: warning: '$' in identifier [-Wdollar-in-identifier-extension]
  347 |    $.hashfn_bswap    = chaskey<8, 1, true>
      |    ^
<scratch>/codex/chainhash-m2-adjacent/smhasher3/hashes/chaskey.cpp:351:4: warning: '$' in identifier [-Wdollar-in-identifier-extension]
  351 |    $.desc       = "Chaskey PRF (8 rounds, 64 bits)",
      |    ^
<scratch>/codex/chainhash-m2-adjacent/smhasher3/hashes/chaskey.cpp:352:4: warning: '$' in identifier [-Wdollar-in-identifier-extension]
  352 |    $.sort_order = 10,
      |    ^
<scratch>/codex/chainhash-m2-adjacent/smhasher3/hashes/chaskey.cpp:353:4: warning: '$' in identifier [-Wdollar-in-identifier-extension]
  353 |    $.hash_flags =
      |    ^
<scratch>/codex/chainhash-m2-adjacent/smhasher3/hashes/chaskey.cpp:357:4: warning: '$' in identifier [-Wdollar-in-identifier-extension]
  357 |    $.impl_flags =
      |    ^
<scratch>/codex/chainhash-m2-adjacent/smhasher3/hashes/chaskey.cpp:362:4: warning: '$' in identifier [-Wdollar-in-identifier-extension]
  362 |    $.bits = 64,
      |    ^
<scratch>/codex/chainhash-m2-adjacent/smhasher3/hashes/chaskey.cpp:363:4: warning: '$' in identifier [-Wdollar-in-identifier-extension]
  363 |    $.verification_LE = 0x4DA0DD3A,
      |    ^
<scratch>/codex/chainhash-m2-adjacent/smhasher3/hashes/chaskey.cpp:364:4: warning: '$' in identifier [-Wdollar-in-identifier-extension]
  364 |    $.verification_BE = 0x87A85CD2,
      |    ^
<scratch>/codex/chainhash-m2-adjacent/smhasher3/hashes/chaskey.cpp:365:4: warning: '$' in identifier [-Wdollar-in-identifier-extension]
  365 |    $.initfn          = chaskey_selftest,
      |    ^
<scratch>/codex/chainhash-m2-adjacent/smhasher3/hashes/chaskey.cpp:366:4: warning: '$' in identifier [-Wdollar-in-identifier-extension]
  366 |    $.seedfn          = seed_subkeys,
      |    ^
<scratch>/codex/chainhash-m2-adjacent/smhasher3/hashes/chaskey.cpp:367:4: warning: '$' in identifier [-Wdollar-in-identifier-extension]
  367 |    $.hashfn_native   = chaskey<8, 2, false>,
      |    ^
<scratch>/codex/chainhash-m2-adjacent/smhasher3/hashes/chaskey.cpp:368:4: warning: '$' in identifier [-Wdollar-in-identifier-extension]
  368 |    $.hashfn_bswap    = chaskey<8, 2, true>
      |    ^
<scratch>/codex/chainhash-m2-adjacent/smhasher3/hashes/chaskey.cpp:372:4: warning: '$' in identifier [-Wdollar-in-identifier-extension]
  372 |    $.desc       = "Chaskey PRF (8 rounds, 128 bits)",
      |    ^
<scratch>/codex/chainhash-m2-adjacent/smhasher3/hashes/chaskey.cpp:373:4: warning: '$' in identifier [-Wdollar-in-identifier-extension]
  373 |    $.sort_order = 10,
      |    ^
<scratch>/codex/chainhash-m2-adjacent/smhasher3/hashes/chaskey.cpp:374:4: warning: '$' in identifier [-Wdollar-in-identifier-extension]
  374 |    $.hash_flags =
      |    ^
<scratch>/codex/chainhash-m2-adjacent/smhasher3/hashes/chaskey.cpp:378:4: warning: '$' in identifier [-Wdollar-in-identifier-extension]
  378 |    $.impl_flags =
      |    ^
<scratch>/codex/chainhash-m2-adjacent/smhasher3/hashes/chaskey.cpp:383:4: warning: '$' in identifier [-Wdollar-in-identifier-extension]
  383 |    $.bits = 128,
      |    ^
<scratch>/codex/chainhash-m2-adjacent/smhasher3/hashes/chaskey.cpp:384:4: warning: '$' in identifier [-Wdollar-in-identifier-extension]
  384 |    $.verification_LE = 0x48B645E4,
      |    ^
<scratch>/codex/chainhash-m2-adjacent/smhasher3/hashes/chaskey.cpp:385:4: warning: '$' in identifier [-Wdollar-in-identifier-extension]
  385 |    $.verification_BE = 0xB84D00F9,
      |    ^
<scratch>/codex/chainhash-m2-adjacent/smhasher3/hashes/chaskey.cpp:386:4: warning: '$' in identifier [-Wdollar-in-identifier-extension]
  386 |    $.initfn          = chaskey_selftest,
      |    ^
<scratch>/codex/chainhash-m2-adjacent/smhasher3/hashes/chaskey.cpp:387:4: warning: '$' in identifier [-Wdollar-in-identifier-extension]
  387 |    $.seedfn          = seed_subkeys,
      |    ^
<scratch>/codex/chainhash-m2-adjacent/smhasher3/hashes/chaskey.cpp:388:4: warning: '$' in identifier [-Wdollar-in-identifier-extension]
  388 |    $.hashfn_native   = chaskey<8, 4, false>,
      |    ^
<scratch>/codex/chainhash-m2-adjacent/smhasher3/hashes/chaskey.cpp:389:4: warning: '$' in identifier [-Wdollar-in-identifier-extension]
  389 |    $.hashfn_bswap    = chaskey<8, 4, true>
      |    ^
In file included from <scratch>/codex/chainhash-m2-adjacent/smhasher3/hashes/siphash.cpp:29:
<scratch>/codex/chainhash-m2-adjacent/smhasher3/include/hashlib/Hashlib.h:44:20: warning: '$' in identifier [-Wdollar-in-identifier-extension]
   44 |     HashFamilyInfo $(#N);                          \
      |                    ^
<scratch>/codex/chainhash-m2-adjacent/smhasher3/include/hashlib/Hashlib.h:46:12: warning: '$' in identifier [-Wdollar-in-identifier-extension]
   46 |     return $;                                      \
      |            ^
<scratch>/codex/chainhash-m2-adjacent/smhasher3/include/hashlib/Hashlib.h:54:14: warning: '$' in identifier [-Wdollar-in-identifier-extension]
   54 |     HashInfo $(#N, THIS_HASH_FAMILY.name);       \
      |              ^
<scratch>/codex/chainhash-m2-adjacent/smhasher3/include/hashlib/Hashlib.h:56:20: warning: '$' in identifier [-Wdollar-in-identifier-extension]
   56 |     register_hash(&$);                           \
      |                    ^
<scratch>/codex/chainhash-m2-adjacent/smhasher3/include/hashlib/Hashlib.h:57:12: warning: '$' in identifier [-Wdollar-in-identifier-extension]
   57 |     return $;                                    \
      |            ^
<scratch>/codex/chainhash-m2-adjacent/smhasher3/hashes/siphash.cpp:437:4: warning: '$' in identifier [-Wdollar-in-identifier-extension]
  437 |    $.src_url    = "https://github.com/floodyberry/siphash",
      |    ^
<scratch>/codex/chainhash-m2-adjacent/smhasher3/hashes/siphash.cpp:438:4: warning: '$' in identifier [-Wdollar-in-identifier-extension]
  438 |    $.src_status = HashFamilyInfo::SRC_FROZEN
      |    ^
<scratch>/codex/chainhash-m2-adjacent/smhasher3/hashes/siphash.cpp:442:4: warning: '$' in identifier [-Wdollar-in-identifier-extension]
  442 |    $.desc       = "SipHash 2-4",
      |    ^
<scratch>/codex/chainhash-m2-adjacent/smhasher3/hashes/siphash.cpp:443:4: warning: '$' in identifier [-Wdollar-in-identifier-extension]
  443 |    $.impl       = SIP_IMPL_STR,
      |    ^
<scratch>/codex/chainhash-m2-adjacent/smhasher3/hashes/siphash.cpp:444:4: warning: '$' in identifier [-Wdollar-in-identifier-extension]
  444 |    $.hash_flags =
      |    ^
<scratch>/codex/chainhash-m2-adjacent/smhasher3/hashes/siphash.cpp:447:4: warning: '$' in identifier [-Wdollar-in-identifier-extension]
  447 |    $.impl_flags =
      |    ^
<scratch>/codex/chainhash-m2-adjacent/smhasher3/hashes/siphash.cpp:452:4: warning: '$' in identifier [-Wdollar-in-identifier-extension]
  452 |    $.bits = 64,
      |    ^
<scratch>/codex/chainhash-m2-adjacent/smhasher3/hashes/siphash.cpp:453:4: warning: '$' in identifier [-Wdollar-in-identifier-extension]
  453 |    $.verification_LE = 0x57B661ED,
      |    ^
<scratch>/codex/chainhash-m2-adjacent/smhasher3/hashes/siphash.cpp:454:4: warning: '$' in identifier [-Wdollar-in-identifier-extension]
  454 |    $.verification_BE = 0x01B634D0,
      |    ^
<scratch>/codex/chainhash-m2-adjacent/smhasher3/hashes/siphash.cpp:455:4: warning: '$' in identifier [-Wdollar-in-identifier-extension]
  455 |    $.hashfn_native   = SipHash_2_4<false, false>,
      |    ^
<scratch>/codex/chainhash-m2-adjacent/smhasher3/hashes/siphash.cpp:456:4: warning: '$' in identifier [-Wdollar-in-identifier-extension]
  456 |    $.hashfn_bswap    = SipHash_2_4<true, false>
      |    ^
<scratch>/codex/chainhash-m2-adjacent/smhasher3/hashes/siphash.cpp:460:4: warning: '$' in identifier [-Wdollar-in-identifier-extension]
  460 |    $.desc       = "SipHash 2-4, XOR folded down to 32 bits",
      |    ^
<scratch>/codex/chainhash-m2-adjacent/smhasher3/hashes/siphash.cpp:461:4: warning: '$' in identifier [-Wdollar-in-identifier-extension]
  461 |    $.impl       = SIP_IMPL_STR,
      |    ^
<scratch>/codex/chainhash-m2-adjacent/smhasher3/hashes/siphash.cpp:462:4: warning: '$' in identifier [-Wdollar-in-identifier-extension]
  462 |    $.hash_flags =
      |    ^
<scratch>/codex/chainhash-m2-adjacent/smhasher3/hashes/siphash.cpp:465:4: warning: '$' in identifier [-Wdollar-in-identifier-extension]
  465 |    $.impl_flags =
      |    ^
<scratch>/codex/chainhash-m2-adjacent/smhasher3/hashes/siphash.cpp:470:4: warning: '$' in identifier [-Wdollar-in-identifier-extension]
  470 |    $.bits = 32,
      |    ^
<scratch>/codex/chainhash-m2-adjacent/smhasher3/hashes/siphash.cpp:471:4: warning: '$' in identifier [-Wdollar-in-identifier-extension]
  471 |    $.verification_LE = 0xDD46AB1A,
      |    ^
<scratch>/codex/chainhash-m2-adjacent/smhasher3/hashes/siphash.cpp:472:4: warning: '$' in identifier [-Wdollar-in-identifier-extension]
  472 |    $.verification_BE = 0xE5FA5E53,
      |    ^
<scratch>/codex/chainhash-m2-adjacent/smhasher3/hashes/siphash.cpp:473:4: warning: '$' in identifier [-Wdollar-in-identifier-extension]
  473 |    $.hashfn_native   = SipHash_2_4<false, true>,
      |    ^
<scratch>/codex/chainhash-m2-adjacent/smhasher3/hashes/siphash.cpp:474:4: warning: '$' in identifier [-Wdollar-in-identifier-extension]
  474 |    $.hashfn_bswap    = SipHash_2_4<true, true>
      |    ^
<scratch>/codex/chainhash-m2-adjacent/smhasher3/hashes/siphash.cpp:478:4: warning: '$' in identifier [-Wdollar-in-identifier-extension]
  478 |    $.desc       = "SipHash 1-3",
      |    ^
<scratch>/codex/chainhash-m2-adjacent/smhasher3/hashes/siphash.cpp:479:4: warning: '$' in identifier [-Wdollar-in-identifier-extension]
  479 |    $.impl       = SIP_IMPL_STR,
      |    ^
<scratch>/codex/chainhash-m2-adjacent/smhasher3/hashes/siphash.cpp:480:4: warning: '$' in identifier [-Wdollar-in-identifier-extension]
  480 |    $.hash_flags =
      |    ^
<scratch>/codex/chainhash-m2-adjacent/smhasher3/hashes/siphash.cpp:483:4: warning: '$' in identifier [-Wdollar-in-identifier-extension]
  483 |    $.impl_flags =
      |    ^
<scratch>/codex/chainhash-m2-adjacent/smhasher3/hashes/siphash.cpp:488:4: warning: '$' in identifier [-Wdollar-in-identifier-extension]
  488 |    $.bits = 64,
      |    ^
<scratch>/codex/chainhash-m2-adjacent/smhasher3/hashes/siphash.cpp:489:4: warning: '$' in identifier [-Wdollar-in-identifier-extension]
  489 |    $.verification_LE = 0x8936B193,
      |    ^
<scratch>/codex/chainhash-m2-adjacent/smhasher3/hashes/siphash.cpp:490:4: warning: '$' in identifier [-Wdollar-in-identifier-extension]
  490 |    $.verification_BE = 0xBEB90EAC,
      |    ^
<scratch>/codex/chainhash-m2-adjacent/smhasher3/hashes/siphash.cpp:491:4: warning: '$' in identifier [-Wdollar-in-identifier-extension]
  491 |    $.hashfn_native   = SipHash_1_3<false, false>,
      |    ^
<scratch>/codex/chainhash-m2-adjacent/smhasher3/hashes/siphash.cpp:492:4: warning: '$' in identifier [-Wdollar-in-identifier-extension]
  492 |    $.hashfn_bswap    = SipHash_1_3<true, false>
      |    ^
<scratch>/codex/chainhash-m2-adjacent/smhasher3/hashes/siphash.cpp:496:4: warning: '$' in identifier [-Wdollar-in-identifier-extension]
  496 |    $.desc       = "SipHash 1-3, XOR folded down to 32 bits",
      |    ^
<scratch>/codex/chainhash-m2-adjacent/smhasher3/hashes/siphash.cpp:497:4: warning: '$' in identifier [-Wdollar-in-identifier-extension]
  497 |    $.impl       = SIP_IMPL_STR,
      |    ^
<scratch>/codex/chainhash-m2-adjacent/smhasher3/hashes/siphash.cpp:498:4: warning: '$' in identifier [-Wdollar-in-identifier-extension]
  498 |    $.hash_flags =
      |    ^
<scratch>/codex/chainhash-m2-adjacent/smhasher3/hashes/siphash.cpp:501:4: warning: '$' in identifier [-Wdollar-in-identifier-extension]
  501 |    $.impl_flags =
      |    ^
<scratch>/codex/chainhash-m2-adjacent/smhasher3/hashes/siphash.cpp:506:4: warning: '$' in identifier [-Wdollar-in-identifier-extension]
  506 |    $.bits = 32,
      |    ^
<scratch>/codex/chainhash-m2-adjacent/smhasher3/hashes/siphash.cpp:507:4: warning: '$' in identifier [-Wdollar-in-identifier-extension]
  507 |    $.verification_LE = 0xC7BC11F8,
      |    ^
<scratch>/codex/chainhash-m2-adjacent/smhasher3/hashes/siphash.cpp:508:4: warning: '$' in identifier [-Wdollar-in-identifier-extension]
  508 |    $.verification_BE = 0x5FE8339A,
      |    ^
<scratch>/codex/chainhash-m2-adjacent/smhasher3/hashes/siphash.cpp:509:4: warning: '$' in identifier [-Wdollar-in-identifier-extension]
  509 |    $.hashfn_native   = SipHash_1_3<false, true>,
      |    ^
<scratch>/codex/chainhash-m2-adjacent/smhasher3/hashes/siphash.cpp:510:4: warning: '$' in identifier [-Wdollar-in-identifier-extension]
  510 |    $.hashfn_bswap    = SipHash_1_3<true, true>
      |    ^
<scratch>/codex/chainhash-m2-adjacent/smhasher3/hashes/siphash.cpp:514:4: warning: '$' in identifier [-Wdollar-in-identifier-extension]
  514 |    $.desc       = "SipHash half-width version",
      |    ^
<scratch>/codex/chainhash-m2-adjacent/smhasher3/hashes/siphash.cpp:515:4: warning: '$' in identifier [-Wdollar-in-identifier-extension]
  515 |    $.hash_flags =
      |    ^
<scratch>/codex/chainhash-m2-adjacent/smhasher3/hashes/siphash.cpp:517:4: warning: '$' in identifier [-Wdollar-in-identifier-extension]
  517 |    $.impl_flags =
      |    ^
<scratch>/codex/chainhash-m2-adjacent/smhasher3/hashes/siphash.cpp:521:4: warning: '$' in identifier [-Wdollar-in-identifier-extension]
  521 |    $.bits = 32,
      |    ^
<scratch>/codex/chainhash-m2-adjacent/smhasher3/hashes/siphash.cpp:522:4: warning: '$' in identifier [-Wdollar-in-identifier-extension]
  522 |    $.verification_LE = 0xD2BE7FD8,
      |    ^
<scratch>/codex/chainhash-m2-adjacent/smhasher3/hashes/siphash.cpp:523:4: warning: '$' in identifier [-Wdollar-in-identifier-extension]
  523 |    $.verification_BE = 0xEC8BC9AF,
      |    ^
<scratch>/codex/chainhash-m2-adjacent/smhasher3/hashes/siphash.cpp:524:4: warning: '$' in identifier [-Wdollar-in-identifier-extension]
  524 |    $.hashfn_native   = HalfSipHash<false>,
      |    ^
<scratch>/codex/chainhash-m2-adjacent/smhasher3/hashes/siphash.cpp:525:4: warning: '$' in identifier [-Wdollar-in-identifier-extension]
  525 |    $.hashfn_bswap    = HalfSipHash<true>
      |    ^
<scratch>/codex/chainhash-m2-adjacent/smhasher3/hashes/siphash.cpp:529:4: warning: '$' in identifier [-Wdollar-in-identifier-extension]
  529 |    $.desc       = "Damian Gryski's Tiny SipHash variant",
      |    ^
<scratch>/codex/chainhash-m2-adjacent/smhasher3/hashes/siphash.cpp:530:4: warning: '$' in identifier [-Wdollar-in-identifier-extension]
  530 |    $.hash_flags =
      |    ^
<scratch>/codex/chainhash-m2-adjacent/smhasher3/hashes/siphash.cpp:532:4: warning: '$' in identifier [-Wdollar-in-identifier-extension]
  532 |    $.impl_flags =
      |    ^
<scratch>/codex/chainhash-m2-adjacent/smhasher3/hashes/siphash.cpp:535:4: warning: '$' in identifier [-Wdollar-in-identifier-extension]
  535 |    $.bits = 64,
      |    ^
<scratch>/codex/chainhash-m2-adjacent/smhasher3/hashes/siphash.cpp:536:4: warning: '$' in identifier [-Wdollar-in-identifier-extension]
  536 |    $.verification_LE = 0x75C732C0,
      |    ^
<scratch>/codex/chainhash-m2-adjacent/smhasher3/hashes/siphash.cpp:537:4: warning: '$' in identifier [-Wdollar-in-identifier-extension]
  537 |    $.verification_BE = 0xEFE9C35D,
      |    ^
<scratch>/codex/chainhash-m2-adjacent/smhasher3/hashes/siphash.cpp:538:4: warning: '$' in identifier [-Wdollar-in-identifier-extension]
  538 |    $.hashfn_native   = TinySipHash<false>,
      |    ^
<scratch>/codex/chainhash-m2-adjacent/smhasher3/hashes/siphash.cpp:539:4: warning: '$' in identifier [-Wdollar-in-identifier-extension]
  539 |    $.hashfn_bswap    = TinySipHash<true>
      |    ^
39 warnings generated.
[ 35%] Building CXX object CMakeFiles/SMHasher3Tests.dir/tests/TextKeysetTest.cpp.o
59 warnings generated.
[ 36%] Building CXX object CMakeFiles/SMHasher3Tests.dir/tests/PermutationKeysetTest.cpp.o
73 warnings generated.
[ 38%] Building CXX object CMakeFiles/SMHasher3Hashlib.dir/hashes/nmhash.cpp.o
In file included from <scratch>/codex/chainhash-m2-adjacent/smhasher3/hashes/nmhash.cpp:34:
<scratch>/codex/chainhash-m2-adjacent/smhasher3/include/hashlib/Hashlib.h:44:20: warning: '$' in identifier [-Wdollar-in-identifier-extension]
   44 |     HashFamilyInfo $(#N);                          \
      |                    ^
<scratch>/codex/chainhash-m2-adjacent/smhasher3/include/hashlib/Hashlib.h:46:12: warning: '$' in identifier [-Wdollar-in-identifier-extension]
   46 |     return $;                                      \
      |            ^
<scratch>/codex/chainhash-m2-adjacent/smhasher3/include/hashlib/Hashlib.h:54:14: warning: '$' in identifier [-Wdollar-in-identifier-extension]
   54 |     HashInfo $(#N, THIS_HASH_FAMILY.name);       \
      |              ^
<scratch>/codex/chainhash-m2-adjacent/smhasher3/include/hashlib/Hashlib.h:56:20: warning: '$' in identifier [-Wdollar-in-identifier-extension]
   56 |     register_hash(&$);                           \
      |                    ^
<scratch>/codex/chainhash-m2-adjacent/smhasher3/include/hashlib/Hashlib.h:57:12: warning: '$' in identifier [-Wdollar-in-identifier-extension]
   57 |     return $;                                    \
      |            ^
<scratch>/codex/chainhash-m2-adjacent/smhasher3/hashes/nmhash.cpp:762:4: warning: '$' in identifier [-Wdollar-in-identifier-extension]
  762 |    $.src_url    = "https://github.com/gzm55/hash-garage",
      |    ^
<scratch>/codex/chainhash-m2-adjacent/smhasher3/hashes/nmhash.cpp:763:4: warning: '$' in identifier [-Wdollar-in-identifier-extension]
  763 |    $.src_status = HashFamilyInfo::SRC_STABLEISH
      |    ^
<scratch>/codex/chainhash-m2-adjacent/smhasher3/hashes/nmhash.cpp:767:4: warning: '$' in identifier [-Wdollar-in-identifier-extension]
  767 |    $.desc       = "nmhash32 v2",
      |    ^
<scratch>/codex/chainhash-m2-adjacent/smhasher3/hashes/nmhash.cpp:768:4: warning: '$' in identifier [-Wdollar-in-identifier-extension]
  768 |    $.impl       = nmh_impl_str[NMH_VECTOR],
      |    ^
<scratch>/codex/chainhash-m2-adjacent/smhasher3/hashes/nmhash.cpp:769:4: warning: '$' in identifier [-Wdollar-in-identifier-extension]
  769 |    $.hash_flags =
      |    ^
<scratch>/codex/chainhash-m2-adjacent/smhasher3/hashes/nmhash.cpp:772:4: warning: '$' in identifier [-Wdollar-in-identifier-extension]
  772 |    $.impl_flags =
      |    ^
<scratch>/codex/chainhash-m2-adjacent/smhasher3/hashes/nmhash.cpp:778:4: warning: '$' in identifier [-Wdollar-in-identifier-extension]
  778 |    $.bits = 32,
      |    ^
<scratch>/codex/chainhash-m2-adjacent/smhasher3/hashes/nmhash.cpp:779:4: warning: '$' in identifier [-Wdollar-in-identifier-extension]
  779 |    $.verification_LE = 0x12A30553,
      |    ^
<scratch>/codex/chainhash-m2-adjacent/smhasher3/hashes/nmhash.cpp:780:4: warning: '$' in identifier [-Wdollar-in-identifier-extension]
  780 |    $.verification_BE = 0xE3222AC8,
      |    ^
<scratch>/codex/chainhash-m2-adjacent/smhasher3/hashes/nmhash.cpp:781:4: warning: '$' in identifier [-Wdollar-in-identifier-extension]
  781 |    $.hashfn_native   = NMhash<false>,
      |    ^
<scratch>/codex/chainhash-m2-adjacent/smhasher3/hashes/nmhash.cpp:782:4: warning: '$' in identifier [-Wdollar-in-identifier-extension]
  782 |    $.hashfn_bswap    = NMhash<true>
      |    ^
<scratch>/codex/chainhash-m2-adjacent/smhasher3/hashes/nmhash.cpp:786:4: warning: '$' in identifier [-Wdollar-in-identifier-extension]
  786 |    $.desc       = "nmhash32x v2",
      |    ^
<scratch>/codex/chainhash-m2-adjacent/smhasher3/hashes/nmhash.cpp:787:4: warning: '$' in identifier [-Wdollar-in-identifier-extension]
  787 |    $.impl       = nmh_impl_str[NMH_VECTOR],
      |    ^
<scratch>/codex/chainhash-m2-adjacent/smhasher3/hashes/nmhash.cpp:788:4: warning: '$' in identifier [-Wdollar-in-identifier-extension]
  788 |    $.hash_flags =
      |    ^
<scratch>/codex/chainhash-m2-adjacent/smhasher3/hashes/nmhash.cpp:791:4: warning: '$' in identifier [-Wdollar-in-identifier-extension]
  791 |    $.impl_flags =
      |    ^
<scratch>/codex/chainhash-m2-adjacent/smhasher3/hashes/nmhash.cpp:797:4: warning: '$' in identifier [-Wdollar-in-identifier-extension]
  797 |    $.bits = 32,
      |    ^
<scratch>/codex/chainhash-m2-adjacent/smhasher3/hashes/nmhash.cpp:798:4: warning: '$' in identifier [-Wdollar-in-identifier-extension]
  798 |    $.verification_LE = 0xA8580227,
      |    ^
<scratch>/codex/chainhash-m2-adjacent/smhasher3/hashes/nmhash.cpp:799:4: warning: '$' in identifier [-Wdollar-in-identifier-extension]
  799 |    $.verification_BE = 0x83B36886,
      |    ^
<scratch>/codex/chainhash-m2-adjacent/smhasher3/hashes/nmhash.cpp:800:4: warning: '$' in identifier [-Wdollar-in-identifier-extension]
  800 |    $.hashfn_native   = NMhashX<false>,
      |    ^
<scratch>/codex/chainhash-m2-adjacent/smhasher3/hashes/nmhash.cpp:801:4: warning: '$' in identifier [-Wdollar-in-identifier-extension]
  801 |    $.hashfn_bswap    = NMhashX<true>
      |    ^
25 warnings generated.
[ 38%] Building CXX object CMakeFiles/SMHasher3Hashlib.dir/hashes/ascon.cpp.o
[ 38%] Building CXX object CMakeFiles/SMHasher3Tests.dir/tests/SeedTest.cpp.o
In file included from <scratch>/codex/chainhash-m2-adjacent/smhasher3/hashes/ascon.cpp:135:
<scratch>/codex/chainhash-m2-adjacent/smhasher3/include/hashlib/Hashlib.h:44:20: warning: '$' in identifier [-Wdollar-in-identifier-extension]
   44 |     HashFamilyInfo $(#N);                          \
      |                    ^
<scratch>/codex/chainhash-m2-adjacent/smhasher3/include/hashlib/Hashlib.h:46:12: warning: '$' in identifier [-Wdollar-in-identifier-extension]
   46 |     return $;                                      \
      |            ^
<scratch>/codex/chainhash-m2-adjacent/smhasher3/include/hashlib/Hashlib.h:54:14: warning: '$' in identifier [-Wdollar-in-identifier-extension]
   54 |     HashInfo $(#N, THIS_HASH_FAMILY.name);       \
      |              ^
<scratch>/codex/chainhash-m2-adjacent/smhasher3/include/hashlib/Hashlib.h:56:20: warning: '$' in identifier [-Wdollar-in-identifier-extension]
   56 |     register_hash(&$);                           \
      |                    ^
<scratch>/codex/chainhash-m2-adjacent/smhasher3/include/hashlib/Hashlib.h:57:12: warning: '$' in identifier [-Wdollar-in-identifier-extension]
   57 |     return $;                                    \
      |            ^
<scratch>/codex/chainhash-m2-adjacent/smhasher3/hashes/ascon.cpp:393:4: warning: '$' in identifier [-Wdollar-in-identifier-extension]
  393 |    $.src_url    = "https://github.com/ascon/ascon-c",
      |    ^
<scratch>/codex/chainhash-m2-adjacent/smhasher3/hashes/ascon.cpp:394:4: warning: '$' in identifier [-Wdollar-in-identifier-extension]
  394 |    $.src_status = HashFamilyInfo::SRC_STABLEISH
      |    ^
<scratch>/codex/chainhash-m2-adjacent/smhasher3/hashes/ascon.cpp:398:4: warning: '$' in identifier [-Wdollar-in-identifier-extension]
  398 |    $.desc       = "ascon v1.3 (CXOF, 32 bits)",
      |    ^
<scratch>/codex/chainhash-m2-adjacent/smhasher3/hashes/ascon.cpp:399:4: warning: '$' in identifier [-Wdollar-in-identifier-extension]
  399 |    $.hash_flags =
      |    ^
<scratch>/codex/chainhash-m2-adjacent/smhasher3/hashes/ascon.cpp:403:4: warning: '$' in identifier [-Wdollar-in-identifier-extension]
  403 |    $.impl_flags =
      |    ^
<scratch>/codex/chainhash-m2-adjacent/smhasher3/hashes/ascon.cpp:408:4: warning: '$' in identifier [-Wdollar-in-identifier-extension]
  408 |    $.bits = 32,
      |    ^
<scratch>/codex/chainhash-m2-adjacent/smhasher3/hashes/ascon.cpp:409:4: warning: '$' in identifier [-Wdollar-in-identifier-extension]
  409 |    $.verification_LE = 0x890656D0,
      |    ^
<scratch>/codex/chainhash-m2-adjacent/smhasher3/hashes/ascon.cpp:410:4: warning: '$' in identifier [-Wdollar-in-identifier-extension]
  410 |    $.verification_BE = 0x767C165C,
      |    ^
<scratch>/codex/chainhash-m2-adjacent/smhasher3/hashes/ascon.cpp:411:4: warning: '$' in identifier [-Wdollar-in-identifier-extension]
  411 |    $.initfn          = ascon_cxof_selftest,
      |    ^
<scratch>/codex/chainhash-m2-adjacent/smhasher3/hashes/ascon.cpp:412:4: warning: '$' in identifier [-Wdollar-in-identifier-extension]
  412 |    $.seedfn          = ascon_initcxof<false>,
      |    ^
<scratch>/codex/chainhash-m2-adjacent/smhasher3/hashes/ascon.cpp:413:4: warning: '$' in identifier [-Wdollar-in-identifier-extension]
  413 |    $.hashfn_native   = ascon_cxof<32, false, false>,
      |    ^
<scratch>/codex/chainhash-m2-adjacent/smhasher3/hashes/ascon.cpp:414:4: warning: '$' in identifier [-Wdollar-in-identifier-extension]
  414 |    $.hashfn_bswap    = ascon_cxof<32, false, true>
      |    ^
<scratch>/codex/chainhash-m2-adjacent/smhasher3/hashes/ascon.cpp:418:4: warning: '$' in identifier [-Wdollar-in-identifier-extension]
  418 |    $.desc       = "ascon v1.3 (CXOFa, 32 bits)",
      |    ^
<scratch>/codex/chainhash-m2-adjacent/smhasher3/hashes/ascon.cpp:419:4: warning: '$' in identifier [-Wdollar-in-identifier-extension]
  419 |    $.hash_flags =
      |    ^
<scratch>/codex/chainhash-m2-adjacent/smhasher3/hashes/ascon.cpp:423:4: warning: '$' in identifier [-Wdollar-in-identifier-extension]
  423 |    $.impl_flags =
      |    ^
<scratch>/codex/chainhash-m2-adjacent/smhasher3/hashes/ascon.cpp:428:4: warning: '$' in identifier [-Wdollar-in-identifier-extension]
  428 |    $.bits = 32,
      |    ^
<scratch>/codex/chainhash-m2-adjacent/smhasher3/hashes/ascon.cpp:429:4: warning: '$' in identifier [-Wdollar-in-identifier-extension]
  429 |    $.verification_LE = 0x9921AAC3,
      |    ^
<scratch>/codex/chainhash-m2-adjacent/smhasher3/hashes/ascon.cpp:430:4: warning: '$' in identifier [-Wdollar-in-identifier-extension]
  430 |    $.verification_BE = 0xECD5F539,
      |    ^
<scratch>/codex/chainhash-m2-adjacent/smhasher3/hashes/ascon.cpp:431:4: warning: '$' in identifier [-Wdollar-in-identifier-extension]
  431 |    $.initfn          = ascon_cxof_selftest,
      |    ^
<scratch>/codex/chainhash-m2-adjacent/smhasher3/hashes/ascon.cpp:432:4: warning: '$' in identifier [-Wdollar-in-identifier-extension]
  432 |    $.seedfn          = ascon_initcxof<true>,
      |    ^
<scratch>/codex/chainhash-m2-adjacent/smhasher3/hashes/ascon.cpp:433:4: warning: '$' in identifier [-Wdollar-in-identifier-extension]
  433 |    $.hashfn_native   = ascon_cxof<32, true, false>,
      |    ^
<scratch>/codex/chainhash-m2-adjacent/smhasher3/hashes/ascon.cpp:434:4: warning: '$' in identifier [-Wdollar-in-identifier-extension]
  434 |    $.hashfn_bswap    = ascon_cxof<32, true, true>
      |    ^
<scratch>/codex/chainhash-m2-adjacent/smhasher3/hashes/ascon.cpp:438:4: warning: '$' in identifier [-Wdollar-in-identifier-extension]
  438 |    $.desc       = "ascon v1.3 (CXOF, 64 bits)",
      |    ^
<scratch>/codex/chainhash-m2-adjacent/smhasher3/hashes/ascon.cpp:439:4: warning: '$' in identifier [-Wdollar-in-identifier-extension]
  439 |    $.hash_flags =
      |    ^
<scratch>/codex/chainhash-m2-adjacent/smhasher3/hashes/ascon.cpp:443:4: warning: '$' in identifier [-Wdollar-in-identifier-extension]
  443 |    $.impl_flags =
      |    ^
<scratch>/codex/chainhash-m2-adjacent/smhasher3/hashes/ascon.cpp:448:4: warning: '$' in identifier [-Wdollar-in-identifier-extension]
  448 |    $.bits = 64,
      |    ^
<scratch>/codex/chainhash-m2-adjacent/smhasher3/hashes/ascon.cpp:449:4: warning: '$' in identifier [-Wdollar-in-identifier-extension]
  449 |    $.verification_LE = 0xDE139DAD,
      |    ^
<scratch>/codex/chainhash-m2-adjacent/smhasher3/hashes/ascon.cpp:450:4: warning: '$' in identifier [-Wdollar-in-identifier-extension]
  450 |    $.verification_BE = 0x5EDDA2EE,
      |    ^
<scratch>/codex/chainhash-m2-adjacent/smhasher3/hashes/ascon.cpp:451:4: warning: '$' in identifier [-Wdollar-in-identifier-extension]
  451 |    $.initfn          = ascon_cxof_selftest,
      |    ^
<scratch>/codex/chainhash-m2-adjacent/smhasher3/hashes/ascon.cpp:452:4: warning: '$' in identifier [-Wdollar-in-identifier-extension]
  452 |    $.seedfn          = ascon_initcxof<false>,
      |    ^
<scratch>/codex/chainhash-m2-adjacent/smhasher3/hashes/ascon.cpp:453:4: warning: '$' in identifier [-Wdollar-in-identifier-extension]
  453 |    $.hashfn_native   = ascon_cxof<64, false, false>,
      |    ^
<scratch>/codex/chainhash-m2-adjacent/smhasher3/hashes/ascon.cpp:454:4: warning: '$' in identifier [-Wdollar-in-identifier-extension]
  454 |    $.hashfn_bswap    = ascon_cxof<64, false, true>
      |    ^
<scratch>/codex/chainhash-m2-adjacent/smhasher3/hashes/ascon.cpp:458:4: warning: '$' in identifier [-Wdollar-in-identifier-extension]
  458 |    $.desc       = "ascon v1.3 (CXOFa, 64 bits)",
      |    ^
<scratch>/codex/chainhash-m2-adjacent/smhasher3/hashes/ascon.cpp:459:4: warning: '$' in identifier [-Wdollar-in-identifier-extension]
  459 |    $.hash_flags =
      |    ^
<scratch>/codex/chainhash-m2-adjacent/smhasher3/hashes/ascon.cpp:463:4: warning: '$' in identifier [-Wdollar-in-identifier-extension]
  463 |    $.impl_flags =
      |    ^
<scratch>/codex/chainhash-m2-adjacent/smhasher3/hashes/ascon.cpp:468:4: warning: '$' in identifier [-Wdollar-in-identifier-extension]
  468 |    $.bits = 64,
      |    ^
<scratch>/codex/chainhash-m2-adjacent/smhasher3/hashes/ascon.cpp:469:4: warning: '$' in identifier [-Wdollar-in-identifier-extension]
  469 |    $.verification_LE = 0x6AE766D0,
      |    ^
<scratch>/codex/chainhash-m2-adjacent/smhasher3/hashes/ascon.cpp:470:4: warning: '$' in identifier [-Wdollar-in-identifier-extension]
  470 |    $.verification_BE = 0x704FCA71,
      |    ^
<scratch>/codex/chainhash-m2-adjacent/smhasher3/hashes/ascon.cpp:471:4: warning: '$' in identifier [-Wdollar-in-identifier-extension]
  471 |    $.initfn          = ascon_cxof_selftest,
      |    ^
<scratch>/codex/chainhash-m2-adjacent/smhasher3/hashes/ascon.cpp:472:4: warning: '$' in identifier [-Wdollar-in-identifier-extension]
  472 |    $.seedfn          = ascon_initcxof<true>,
      |    ^
<scratch>/codex/chainhash-m2-adjacent/smhasher3/hashes/ascon.cpp:473:4: warning: '$' in identifier [-Wdollar-in-identifier-extension]
  473 |    $.hashfn_native   = ascon_cxof<64, true, false>,
      |    ^
<scratch>/codex/chainhash-m2-adjacent/smhasher3/hashes/ascon.cpp:474:4: warning: '$' in identifier [-Wdollar-in-identifier-extension]
  474 |    $.hashfn_bswap    = ascon_cxof<64, true, true>
      |    ^
<scratch>/codex/chainhash-m2-adjacent/smhasher3/hashes/ascon.cpp:478:4: warning: '$' in identifier [-Wdollar-in-identifier-extension]
  478 |    $.desc       = "ascon v1.3 (CXOF, 128 bits)",
      |    ^
<scratch>/codex/chainhash-m2-adjacent/smhasher3/hashes/ascon.cpp:479:4: warning: '$' in identifier [-Wdollar-in-identifier-extension]
  479 |    $.hash_flags =
      |    ^
<scratch>/codex/chainhash-m2-adjacent/smhasher3/hashes/ascon.cpp:483:4: warning: '$' in identifier [-Wdollar-in-identifier-extension]
  483 |    $.impl_flags =
      |    ^
<scratch>/codex/chainhash-m2-adjacent/smhasher3/hashes/ascon.cpp:488:4: warning: '$' in identifier [-Wdollar-in-identifier-extension]
  488 |    $.bits = 128,
      |    ^
<scratch>/codex/chainhash-m2-adjacent/smhasher3/hashes/ascon.cpp:489:4: warning: '$' in identifier [-Wdollar-in-identifier-extension]
  489 |    $.verification_LE = 0xE10FA58E,
      |    ^
<scratch>/codex/chainhash-m2-adjacent/smhasher3/hashes/ascon.cpp:490:4: warning: '$' in identifier [-Wdollar-in-identifier-extension]
  490 |    $.verification_BE = 0x0357385C,
      |    ^
<scratch>/codex/chainhash-m2-adjacent/smhasher3/hashes/ascon.cpp:491:4: warning: '$' in identifier [-Wdollar-in-identifier-extension]
  491 |    $.initfn          = ascon_cxof_selftest,
      |    ^
<scratch>/codex/chainhash-m2-adjacent/smhasher3/hashes/ascon.cpp:492:4: warning: '$' in identifier [-Wdollar-in-identifier-extension]
  492 |    $.seedfn          = ascon_initcxof<false>,
      |    ^
<scratch>/codex/chainhash-m2-adjacent/smhasher3/hashes/ascon.cpp:493:4: warning: '$' in identifier [-Wdollar-in-identifier-extension]
  493 |    $.hashfn_native   = ascon_cxof<128, false, false>,
      |    ^
<scratch>/codex/chainhash-m2-adjacent/smhasher3/hashes/ascon.cpp:494:4: warning: '$' in identifier [-Wdollar-in-identifier-extension]
  494 |    $.hashfn_bswap    = ascon_cxof<128, false, true>
      |    ^
<scratch>/codex/chainhash-m2-adjacent/smhasher3/hashes/ascon.cpp:498:4: warning: '$' in identifier [-Wdollar-in-identifier-extension]
  498 |    $.desc       = "ascon v1.3 (CXOFa, 128 bits)",
      |    ^
<scratch>/codex/chainhash-m2-adjacent/smhasher3/hashes/ascon.cpp:499:4: warning: '$' in identifier [-Wdollar-in-identifier-extension]
  499 |    $.hash_flags =
      |    ^
<scratch>/codex/chainhash-m2-adjacent/smhasher3/hashes/ascon.cpp:503:4: warning: '$' in identifier [-Wdollar-in-identifier-extension]
  503 |    $.impl_flags =
      |    ^
<scratch>/codex/chainhash-m2-adjacent/smhasher3/hashes/ascon.cpp:508:4: warning: '$' in identifier [-Wdollar-in-identifier-extension]
  508 |    $.bits = 128,
      |    ^
<scratch>/codex/chainhash-m2-adjacent/smhasher3/hashes/ascon.cpp:509:4: warning: '$' in identifier [-Wdollar-in-identifier-extension]
  509 |    $.verification_LE = 0x1BA0187E,
      |    ^
<scratch>/codex/chainhash-m2-adjacent/smhasher3/hashes/ascon.cpp:510:4: warning: '$' in identifier [-Wdollar-in-identifier-extension]
  510 |    $.verification_BE = 0xA9BB7F78,
      |    ^
<scratch>/codex/chainhash-m2-adjacent/smhasher3/hashes/ascon.cpp:511:4: warning: '$' in identifier [-Wdollar-in-identifier-extension]
  511 |    $.initfn          = ascon_cxof_selftest,
      |    ^
<scratch>/codex/chainhash-m2-adjacent/smhasher3/hashes/ascon.cpp:512:4: warning: '$' in identifier [-Wdollar-in-identifier-extension]
  512 |    $.seedfn          = ascon_initcxof<true>,
      |    ^
<scratch>/codex/chainhash-m2-adjacent/smhasher3/hashes/ascon.cpp:513:4: warning: '$' in identifier [-Wdollar-in-identifier-extension]
  513 |    $.hashfn_native   = ascon_cxof<128, true, false>,
      |    ^
<scratch>/codex/chainhash-m2-adjacent/smhasher3/hashes/ascon.cpp:514:4: warning: '$' in identifier [-Wdollar-in-identifier-extension]
  514 |    $.hashfn_bswap    = ascon_cxof<128, true, true>
      |    ^
<scratch>/codex/chainhash-m2-adjacent/smhasher3/hashes/ascon.cpp:518:4: warning: '$' in identifier [-Wdollar-in-identifier-extension]
  518 |    $.desc       = "ascon v1.3 (CXOF, 160 bits)",
      |    ^
<scratch>/codex/chainhash-m2-adjacent/smhasher3/hashes/ascon.cpp:519:4: warning: '$' in identifier [-Wdollar-in-identifier-extension]
  519 |    $.hash_flags =
      |    ^
<scratch>/codex/chainhash-m2-adjacent/smhasher3/hashes/ascon.cpp:523:4: warning: '$' in identifier [-Wdollar-in-identifier-extension]
  523 |    $.impl_flags =
      |    ^
<scratch>/codex/chainhash-m2-adjacent/smhasher3/hashes/ascon.cpp:528:4: warning: '$' in identifier [-Wdollar-in-identifier-extension]
  528 |    $.bits = 160,
      |    ^
<scratch>/codex/chainhash-m2-adjacent/smhasher3/hashes/ascon.cpp:529:4: warning: '$' in identifier [-Wdollar-in-identifier-extension]
  529 |    $.verification_LE = 0x11322E56,
      |    ^
<scratch>/codex/chainhash-m2-adjacent/smhasher3/hashes/ascon.cpp:530:4: warning: '$' in identifier [-Wdollar-in-identifier-extension]
  530 |    $.verification_BE = 0x161721E7,
      |    ^
<scratch>/codex/chainhash-m2-adjacent/smhasher3/hashes/ascon.cpp:531:4: warning: '$' in identifier [-Wdollar-in-identifier-extension]
  531 |    $.initfn          = ascon_cxof_selftest,
      |    ^
<scratch>/codex/chainhash-m2-adjacent/smhasher3/hashes/ascon.cpp:532:4: warning: '$' in identifier [-Wdollar-in-identifier-extension]
  532 |    $.seedfn          = ascon_initcxof<false>,
      |    ^
<scratch>/codex/chainhash-m2-adjacent/smhasher3/hashes/ascon.cpp:533:4: warning: '$' in identifier [-Wdollar-in-identifier-extension]
  533 |    $.hashfn_native   = ascon_cxof<160, false, false>,
      |    ^
<scratch>/codex/chainhash-m2-adjacent/smhasher3/hashes/ascon.cpp:534:4: warning: '$' in identifier [-Wdollar-in-identifier-extension]
  534 |    $.hashfn_bswap    = ascon_cxof<160, false, true>
      |    ^
<scratch>/codex/chainhash-m2-adjacent/smhasher3/hashes/ascon.cpp:538:4: warning: '$' in identifier [-Wdollar-in-identifier-extension]
  538 |    $.desc       = "ascon v1.3 (CXOFa, 160 bits)",
      |    ^
<scratch>/codex/chainhash-m2-adjacent/smhasher3/hashes/ascon.cpp:539:4: warning: '$' in identifier [-Wdollar-in-identifier-extension]
  539 |    $.hash_flags =
      |    ^
<scratch>/codex/chainhash-m2-adjacent/smhasher3/hashes/ascon.cpp:543:4: warning: '$' in identifier [-Wdollar-in-identifier-extension]
  543 |    $.impl_flags =
      |    ^
<scratch>/codex/chainhash-m2-adjacent/smhasher3/hashes/ascon.cpp:548:4: warning: '$' in identifier [-Wdollar-in-identifier-extension]
  548 |    $.bits = 160,
      |    ^
<scratch>/codex/chainhash-m2-adjacent/smhasher3/hashes/ascon.cpp:549:4: warning: '$' in identifier [-Wdollar-in-identifier-extension]
  549 |    $.verification_LE = 0x4C497968,
      |    ^
<scratch>/codex/chainhash-m2-adjacent/smhasher3/hashes/ascon.cpp:550:4: warning: '$' in identifier [-Wdollar-in-identifier-extension]
  550 |    $.verification_BE = 0xD4B0BEE1,
      |    ^
<scratch>/codex/chainhash-m2-adjacent/smhasher3/hashes/ascon.cpp:551:4: warning: '$' in identifier [-Wdollar-in-identifier-extension]
  551 |    $.initfn          = ascon_cxof_selftest,
      |    ^
<scratch>/codex/chainhash-m2-adjacent/smhasher3/hashes/ascon.cpp:552:4: warning: '$' in identifier [-Wdollar-in-identifier-extension]
  552 |    $.seedfn          = ascon_initcxof<true>,
      |    ^
<scratch>/codex/chainhash-m2-adjacent/smhasher3/hashes/ascon.cpp:553:4: warning: '$' in identifier [-Wdollar-in-identifier-extension]
  553 |    $.hashfn_native   = ascon_cxof<160, true, false>,
      |    ^
<scratch>/codex/chainhash-m2-adjacent/smhasher3/hashes/ascon.cpp:554:4: warning: '$' in identifier [-Wdollar-in-identifier-extension]
  554 |    $.hashfn_bswap    = ascon_cxof<160, true, true>
      |    ^
<scratch>/codex/chainhash-m2-adjacent/smhasher3/hashes/ascon.cpp:558:4: warning: '$' in identifier [-Wdollar-in-identifier-extension]
  558 |    $.desc       = "ascon v1.3 (CXOF, 224 bits)",
      |    ^
<scratch>/codex/chainhash-m2-adjacent/smhasher3/hashes/ascon.cpp:559:4: warning: '$' in identifier [-Wdollar-in-identifier-extension]
  559 |    $.hash_flags =
      |    ^
<scratch>/codex/chainhash-m2-adjacent/smhasher3/hashes/ascon.cpp:563:4: warning: '$' in identifier [-Wdollar-in-identifier-extension]
  563 |    $.impl_flags =
      |    ^
<scratch>/codex/chainhash-m2-adjacent/smhasher3/hashes/ascon.cpp:568:4: warning: '$' in identifier [-Wdollar-in-identifier-extension]
  568 |    $.bits = 224,
      |    ^
<scratch>/codex/chainhash-m2-adjacent/smhasher3/hashes/ascon.cpp:569:4: warning: '$' in identifier [-Wdollar-in-identifier-extension]
  569 |    $.verification_LE = 0x785D0A00,
      |    ^
<scratch>/codex/chainhash-m2-adjacent/smhasher3/hashes/ascon.cpp:570:4: warning: '$' in identifier [-Wdollar-in-identifier-extension]
  570 |    $.verification_BE = 0xBA5B0948,
      |    ^
<scratch>/codex/chainhash-m2-adjacent/smhasher3/hashes/ascon.cpp:571:4: warning: '$' in identifier [-Wdollar-in-identifier-extension]
  571 |    $.initfn          = ascon_cxof_selftest,
      |    ^
<scratch>/codex/chainhash-m2-adjacent/smhasher3/hashes/ascon.cpp:572:4: warning: '$' in identifier [-Wdollar-in-identifier-extension]
  572 |    $.seedfn          = ascon_initcxof<false>,
      |    ^
<scratch>/codex/chainhash-m2-adjacent/smhasher3/hashes/ascon.cpp:573:4: warning: '$' in identifier [-Wdollar-in-identifier-extension]
  573 |    $.hashfn_native   = ascon_cxof<224, false, false>,
      |    ^
<scratch>/codex/chainhash-m2-adjacent/smhasher3/hashes/ascon.cpp:574:4: warning: '$' in identifier [-Wdollar-in-identifier-extension]
  574 |    $.hashfn_bswap    = ascon_cxof<224, false, true>
      |    ^
<scratch>/codex/chainhash-m2-adjacent/smhasher3/hashes/ascon.cpp:578:4: warning: '$' in identifier [-Wdollar-in-identifier-extension]
  578 |    $.desc       = "ascon v1.3 (CXOFa, 224 bits)",
      |    ^
<scratch>/codex/chainhash-m2-adjacent/smhasher3/hashes/ascon.cpp:579:4: warning: '$' in identifier [-Wdollar-in-identifier-extension]
  579 |    $.hash_flags =
      |    ^
<scratch>/codex/chainhash-m2-adjacent/smhasher3/hashes/ascon.cpp:583:4: warning: '$' in identifier [-Wdollar-in-identifier-extension]
  583 |    $.impl_flags =
      |    ^
<scratch>/codex/chainhash-m2-adjacent/smhasher3/hashes/ascon.cpp:588:4: warning: '$' in identifier [-Wdollar-in-identifier-extension]
  588 |    $.bits = 224,
      |    ^
<scratch>/codex/chainhash-m2-adjacent/smhasher3/hashes/ascon.cpp:589:4: warning: '$' in identifier [-Wdollar-in-identifier-extension]
  589 |    $.verification_LE = 0x3E72C645,
      |    ^
<scratch>/codex/chainhash-m2-adjacent/smhasher3/hashes/ascon.cpp:590:4: warning: '$' in identifier [-Wdollar-in-identifier-extension]
  590 |    $.verification_BE = 0xE5CEE71E,
      |    ^
<scratch>/codex/chainhash-m2-adjacent/smhasher3/hashes/ascon.cpp:591:4: warning: '$' in identifier [-Wdollar-in-identifier-extension]
  591 |    $.initfn          = ascon_cxof_selftest,
      |    ^
<scratch>/codex/chainhash-m2-adjacent/smhasher3/hashes/ascon.cpp:592:4: warning: '$' in identifier [-Wdollar-in-identifier-extension]
  592 |    $.seedfn          = ascon_initcxof<true>,
      |    ^
<scratch>/codex/chainhash-m2-adjacent/smhasher3/hashes/ascon.cpp:593:4: warning: '$' in identifier [-Wdollar-in-identifier-extension]
  593 |    $.hashfn_native   = ascon_cxof<224, true, false>,
      |    ^
<scratch>/codex/chainhash-m2-adjacent/smhasher3/hashes/ascon.cpp:594:4: warning: '$' in identifier [-Wdollar-in-identifier-extension]
  594 |    $.hashfn_bswap    = ascon_cxof<224, true, true>
      |    ^
<scratch>/codex/chainhash-m2-adjacent/smhasher3/hashes/ascon.cpp:598:4: warning: '$' in identifier [-Wdollar-in-identifier-extension]
  598 |    $.desc       = "ascon v1.3 (CXOF, 256 bits)",
      |    ^
<scratch>/codex/chainhash-m2-adjacent/smhasher3/hashes/ascon.cpp:599:4: warning: '$' in identifier [-Wdollar-in-identifier-extension]
  599 |    $.hash_flags =
      |    ^
<scratch>/codex/chainhash-m2-adjacent/smhasher3/hashes/ascon.cpp:603:4: warning: '$' in identifier [-Wdollar-in-identifier-extension]
  603 |    $.impl_flags =
      |    ^
<scratch>/codex/chainhash-m2-adjacent/smhasher3/hashes/ascon.cpp:608:4: warning: '$' in identifier [-Wdollar-in-identifier-extension]
  608 |    $.bits = 256,
      |    ^
<scratch>/codex/chainhash-m2-adjacent/smhasher3/hashes/ascon.cpp:609:4: warning: '$' in identifier [-Wdollar-in-identifier-extension]
  609 |    $.verification_LE = 0xA5E1BB45,
      |    ^
<scratch>/codex/chainhash-m2-adjacent/smhasher3/hashes/ascon.cpp:610:4: warning: '$' in identifier [-Wdollar-in-identifier-extension]
  610 |    $.verification_BE = 0xA7BE8CF9,
      |    ^
<scratch>/codex/chainhash-m2-adjacent/smhasher3/hashes/ascon.cpp:611:4: warning: '$' in identifier [-Wdollar-in-identifier-extension]
  611 |    $.initfn          = ascon_cxof_selftest,
      |    ^
<scratch>/codex/chainhash-m2-adjacent/smhasher3/hashes/ascon.cpp:612:4: warning: '$' in identifier [-Wdollar-in-identifier-extension]
  612 |    $.seedfn          = ascon_initcxof<false>,
      |    ^
<scratch>/codex/chainhash-m2-adjacent/smhasher3/hashes/ascon.cpp:613:4: warning: '$' in identifier [-Wdollar-in-identifier-extension]
  613 |    $.hashfn_native   = ascon_cxof<256, false, false>,
      |    ^
<scratch>/codex/chainhash-m2-adjacent/smhasher3/hashes/ascon.cpp:614:4: warning: '$' in identifier [-Wdollar-in-identifier-extension]
  614 |    $.hashfn_bswap    = ascon_cxof<256, false, true>
      |    ^
<scratch>/codex/chainhash-m2-adjacent/smhasher3/hashes/ascon.cpp:618:4: warning: '$' in identifier [-Wdollar-in-identifier-extension]
  618 |    $.desc       = "ascon v1.3 (CXOFa, 256 bits)",
      |    ^
<scratch>/codex/chainhash-m2-adjacent/smhasher3/hashes/ascon.cpp:619:4: warning: '$' in identifier [-Wdollar-in-identifier-extension]
  619 |    $.hash_flags =
      |    ^
<scratch>/codex/chainhash-m2-adjacent/smhasher3/hashes/ascon.cpp:623:4: warning: '$' in identifier [-Wdollar-in-identifier-extension]
  623 |    $.impl_flags =
      |    ^
<scratch>/codex/chainhash-m2-adjacent/smhasher3/hashes/ascon.cpp:628:4: warning: '$' in identifier [-Wdollar-in-identifier-extension]
  628 |    $.bits = 256,
      |    ^
<scratch>/codex/chainhash-m2-adjacent/smhasher3/hashes/ascon.cpp:629:4: warning: '$' in identifier [-Wdollar-in-identifier-extension]
  629 |    $.verification_LE = 0xF16DB475,
      |    ^
<scratch>/codex/chainhash-m2-adjacent/smhasher3/hashes/ascon.cpp:630:4: warning: '$' in identifier [-Wdollar-in-identifier-extension]
  630 |    $.verification_BE = 0x079F8C42,
      |    ^
<scratch>/codex/chainhash-m2-adjacent/smhasher3/hashes/ascon.cpp:631:4: warning: '$' in identifier [-Wdollar-in-identifier-extension]
  631 |    $.initfn          = ascon_cxof_selftest,
      |    ^
<scratch>/codex/chainhash-m2-adjacent/smhasher3/hashes/ascon.cpp:632:4: warning: '$' in identifier [-Wdollar-in-identifier-extension]
  632 |    $.seedfn          = ascon_initcxof<true>,
      |    ^
<scratch>/codex/chainhash-m2-adjacent/smhasher3/hashes/ascon.cpp:633:4: warning: '$' in identifier [-Wdollar-in-identifier-extension]
  633 |    $.hashfn_native   = ascon_cxof<256, true, false>,
      |    ^
<scratch>/codex/chainhash-m2-adjacent/smhasher3/hashes/ascon.cpp:634:4: warning: '$' in identifier [-Wdollar-in-identifier-extension]
  634 |    $.hashfn_bswap    = ascon_cxof<256, true, true>
      |    ^
127 warnings generated.
[ 39%] Building CXX object CMakeFiles/SMHasher3Hashlib.dir/hashes/prvhash.cpp.o
In file included from <scratch>/codex/chainhash-m2-adjacent/smhasher3/hashes/prvhash.cpp:28:
<scratch>/codex/chainhash-m2-adjacent/smhasher3/include/hashlib/Hashlib.h:44:20: warning: '$' in identifier [-Wdollar-in-identifier-extension]
   44 |     HashFamilyInfo $(#N);                          \
      |                    ^
<scratch>/codex/chainhash-m2-adjacent/smhasher3/include/hashlib/Hashlib.h:46:12: warning: '$' in identifier [-Wdollar-in-identifier-extension]
   46 |     return $;                                      \
      |            ^
<scratch>/codex/chainhash-m2-adjacent/smhasher3/include/hashlib/Hashlib.h:54:14: warning: '$' in identifier [-Wdollar-in-identifier-extension]
   54 |     HashInfo $(#N, THIS_HASH_FAMILY.name);       \
      |              ^
<scratch>/codex/chainhash-m2-adjacent/smhasher3/include/hashlib/Hashlib.h:56:20: warning: '$' in identifier [-Wdollar-in-identifier-extension]
   56 |     register_hash(&$);                           \
      |                    ^
<scratch>/codex/chainhash-m2-adjacent/smhasher3/include/hashlib/Hashlib.h:57:12: warning: '$' in identifier [-Wdollar-in-identifier-extension]
   57 |     return $;                                    \
      |            ^
<scratch>/codex/chainhash-m2-adjacent/smhasher3/hashes/prvhash.cpp:301:4: warning: '$' in identifier [-Wdollar-in-identifier-extension]
  301 |    $.src_url    = "https://github.com/avaneev/prvhash",
      |    ^
<scratch>/codex/chainhash-m2-adjacent/smhasher3/hashes/prvhash.cpp:302:4: warning: '$' in identifier [-Wdollar-in-identifier-extension]
  302 |    $.src_status = HashFamilyInfo::SRC_ACTIVE
      |    ^
<scratch>/codex/chainhash-m2-adjacent/smhasher3/hashes/prvhash.cpp:306:4: warning: '$' in identifier [-Wdollar-in-identifier-extension]
  306 |    $.desc       = "prvhash64 v4.3.4 64-bit output",
      |    ^
<scratch>/codex/chainhash-m2-adjacent/smhasher3/hashes/prvhash.cpp:307:4: warning: '$' in identifier [-Wdollar-in-identifier-extension]
  307 |    $.hash_flags =
      |    ^
<scratch>/codex/chainhash-m2-adjacent/smhasher3/hashes/prvhash.cpp:309:4: warning: '$' in identifier [-Wdollar-in-identifier-extension]
  309 |    $.impl_flags =
      |    ^
<scratch>/codex/chainhash-m2-adjacent/smhasher3/hashes/prvhash.cpp:316:4: warning: '$' in identifier [-Wdollar-in-identifier-extension]
  316 |    $.bits = 64,
      |    ^
<scratch>/codex/chainhash-m2-adjacent/smhasher3/hashes/prvhash.cpp:317:4: warning: '$' in identifier [-Wdollar-in-identifier-extension]
  317 |    $.verification_LE = 0x1A3F7B06,
      |    ^
<scratch>/codex/chainhash-m2-adjacent/smhasher3/hashes/prvhash.cpp:318:4: warning: '$' in identifier [-Wdollar-in-identifier-extension]
  318 |    $.verification_BE = 0xD8162843,
      |    ^
<scratch>/codex/chainhash-m2-adjacent/smhasher3/hashes/prvhash.cpp:319:4: warning: '$' in identifier [-Wdollar-in-identifier-extension]
  319 |    $.hashfn_native   = prvhash64<false>,
      |    ^
<scratch>/codex/chainhash-m2-adjacent/smhasher3/hashes/prvhash.cpp:320:4: warning: '$' in identifier [-Wdollar-in-identifier-extension]
  320 |    $.hashfn_bswap    = prvhash64<true>
      |    ^
<scratch>/codex/chainhash-m2-adjacent/smhasher3/hashes/prvhash.cpp:324:4: warning: '$' in identifier [-Wdollar-in-identifier-extension]
  324 |    $.desc       = "prvhash64 v4.3.4 128-bit output",
      |    ^
<scratch>/codex/chainhash-m2-adjacent/smhasher3/hashes/prvhash.cpp:325:4: warning: '$' in identifier [-Wdollar-in-identifier-extension]
  325 |    $.hash_flags =
      |    ^
<scratch>/codex/chainhash-m2-adjacent/smhasher3/hashes/prvhash.cpp:327:4: warning: '$' in identifier [-Wdollar-in-identifier-extension]
  327 |    $.impl_flags =
      |    ^
<scratch>/codex/chainhash-m2-adjacent/smhasher3/hashes/prvhash.cpp:334:4: warning: '$' in identifier [-Wdollar-in-identifier-extension]
  334 |    $.bits = 128,
      |    ^
<scratch>/codex/chainhash-m2-adjacent/smhasher3/hashes/prvhash.cpp:335:4: warning: '$' in identifier [-Wdollar-in-identifier-extension]
  335 |    $.verification_LE = 0x316B4D9F,
      |    ^
<scratch>/codex/chainhash-m2-adjacent/smhasher3/hashes/prvhash.cpp:336:4: warning: '$' in identifier [-Wdollar-in-identifier-extension]
  336 |    $.verification_BE = 0xEAAA8308,
      |    ^
<scratch>/codex/chainhash-m2-adjacent/smhasher3/hashes/prvhash.cpp:337:4: warning: '$' in identifier [-Wdollar-in-identifier-extension]
  337 |    $.hashfn_native   = prvhash128<false>,
      |    ^
<scratch>/codex/chainhash-m2-adjacent/smhasher3/hashes/prvhash.cpp:338:4: warning: '$' in identifier [-Wdollar-in-identifier-extension]
  338 |    $.hashfn_bswap    = prvhash128<true>
      |    ^
<scratch>/codex/chainhash-m2-adjacent/smhasher3/hashes/prvhash.cpp:342:4: warning: '$' in identifier [-Wdollar-in-identifier-extension]
  342 |    $.desc       = "prvhash64 v4.3.4 streaming mode 64-bit output",
      |    ^
<scratch>/codex/chainhash-m2-adjacent/smhasher3/hashes/prvhash.cpp:343:4: warning: '$' in identifier [-Wdollar-in-identifier-extension]
  343 |    $.hash_flags =
      |    ^
<scratch>/codex/chainhash-m2-adjacent/smhasher3/hashes/prvhash.cpp:345:4: warning: '$' in identifier [-Wdollar-in-identifier-extension]
  345 |    $.impl_flags =
      |    ^
<scratch>/codex/chainhash-m2-adjacent/smhasher3/hashes/prvhash.cpp:351:4: warning: '$' in identifier [-Wdollar-in-identifier-extension]
  351 |    $.bits = 64,
      |    ^
<scratch>/codex/chainhash-m2-adjacent/smhasher3/hashes/prvhash.cpp:352:4: warning: '$' in identifier [-Wdollar-in-identifier-extension]
  352 |    $.verification_LE = 0x891521D6,
      |    ^
<scratch>/codex/chainhash-m2-adjacent/smhasher3/hashes/prvhash.cpp:353:4: warning: '$' in identifier [-Wdollar-in-identifier-extension]
  353 |    $.verification_BE = 0xD41B8DB5,
      |    ^
<scratch>/codex/chainhash-m2-adjacent/smhasher3/hashes/prvhash.cpp:354:4: warning: '$' in identifier [-Wdollar-in-identifier-extension]
  354 |    $.hashfn_native   = prvhash64s<false>,
      |    ^
<scratch>/codex/chainhash-m2-adjacent/smhasher3/hashes/prvhash.cpp:355:4: warning: '$' in identifier [-Wdollar-in-identifier-extension]
  355 |    $.hashfn_bswap    = prvhash64s<true>
      |    ^
<scratch>/codex/chainhash-m2-adjacent/smhasher3/hashes/prvhash.cpp:359:4: warning: '$' in identifier [-Wdollar-in-identifier-extension]
  359 |    $.desc       = "prvhash64 v4.3.4 streaming mode 128-bit output",
      |    ^
<scratch>/codex/chainhash-m2-adjacent/smhasher3/hashes/prvhash.cpp:360:4: warning: '$' in identifier [-Wdollar-in-identifier-extension]
  360 |    $.hash_flags =
      |    ^
<scratch>/codex/chainhash-m2-adjacent/smhasher3/hashes/prvhash.cpp:362:4: warning: '$' in identifier [-Wdollar-in-identifier-extension]
  362 |    $.impl_flags =
      |    ^
<scratch>/codex/chainhash-m2-adjacent/smhasher3/hashes/prvhash.cpp:368:4: warning: '$' in identifier [-Wdollar-in-identifier-extension]
  368 |    $.bits = 128,
      |    ^
<scratch>/codex/chainhash-m2-adjacent/smhasher3/hashes/prvhash.cpp:369:4: warning: '$' in identifier [-Wdollar-in-identifier-extension]
  369 |    $.verification_LE = 0x0199728A,
      |    ^
<scratch>/codex/chainhash-m2-adjacent/smhasher3/hashes/prvhash.cpp:370:4: warning: '$' in identifier [-Wdollar-in-identifier-extension]
  370 |    $.verification_BE = 0xD2B2DE25,
      |    ^
<scratch>/codex/chainhash-m2-adjacent/smhasher3/hashes/prvhash.cpp:371:4: warning: '$' in identifier [-Wdollar-in-identifier-extension]
  371 |    $.hashfn_native   = prvhash128s<false>,
      |    ^
<scratch>/codex/chainhash-m2-adjacent/smhasher3/hashes/prvhash.cpp:372:4: warning: '$' in identifier [-Wdollar-in-identifier-extension]
  372 |    $.hashfn_bswap    = prvhash128s<true>
      |    ^
39 warnings generated.
[ 40%] Building CXX object CMakeFiles/SMHasher3Hashlib.dir/hashes/vmac.cpp.o
[ 40%] Building CXX object CMakeFiles/SMHasher3Hashlib.dir/hashes/meowhash.cpp.o
In file included from <scratch>/codex/chainhash-m2-adjacent/smhasher3/hashes/vmac.cpp:37:
<scratch>/codex/chainhash-m2-adjacent/smhasher3/include/hashlib/Hashlib.h:44:20: warning: '$' in identifier [-Wdollar-in-identifier-extension]
   44 |     HashFamilyInfo $(#N);                          \
      |                    ^
<scratch>/codex/chainhash-m2-adjacent/smhasher3/include/hashlib/Hashlib.h:46:12: warning: '$' in identifier [-Wdollar-in-identifier-extension]
   46 |     return $;                                      \
      |            ^
<scratch>/codex/chainhash-m2-adjacent/smhasher3/include/hashlib/Hashlib.h:54:14: warning: '$' in identifier [-Wdollar-in-identifier-extension]
   54 |     HashInfo $(#N, THIS_HASH_FAMILY.name);       \
      |              ^
<scratch>/codex/chainhash-m2-adjacent/smhasher3/include/hashlib/Hashlib.h:56:20: warning: '$' in identifier [-Wdollar-in-identifier-extension]
   56 |     register_hash(&$);                           \
      |                    ^
<scratch>/codex/chainhash-m2-adjacent/smhasher3/include/hashlib/Hashlib.h:57:12: warning: '$' in identifier [-Wdollar-in-identifier-extension]
   57 |     return $;                                    \
      |            ^
In file included from <scratch>/codex/chainhash-m2-adjacent/smhasher3/hashes/meowhash.cpp:29:
<scratch>/codex/chainhash-m2-adjacent/smhasher3/include/hashlib/Hashlib.h:44:20: warning: '$' in identifier [-Wdollar-in-identifier-extension]
   44 |     HashFamilyInfo $(#N);                          \
      |                    ^
<scratch>/codex/chainhash-m2-adjacent/smhasher3/include/hashlib/Hashlib.h:46:12: warning: '$' in identifier [-Wdollar-in-identifier-extension]
   46 |     return $;                                      \
      |            ^
<scratch>/codex/chainhash-m2-adjacent/smhasher3/include/hashlib/Hashlib.h:54:14: warning: '$' in identifier [-Wdollar-in-identifier-extension]
   54 |     HashInfo $(#N, THIS_HASH_FAMILY.name);       \
      |              ^
<scratch>/codex/chainhash-m2-adjacent/smhasher3/include/hashlib/Hashlib.h:56:20: warning: '$' in identifier [-Wdollar-in-identifier-extension]
   56 |     register_hash(&$);                           \
      |                    ^
<scratch>/codex/chainhash-m2-adjacent/smhasher3/include/hashlib/Hashlib.h:57:12: warning: '$' in identifier [-Wdollar-in-identifier-extension]
   57 |     return $;                                    \
      |            ^
<scratch>/codex/chainhash-m2-adjacent/smhasher3/hashes/meowhash.cpp:357:4: warning: '$' in identifier [-Wdollar-in-identifier-extension]
  357 |    $.src_url    = "https://github.com/cmuratori/meow_hash",
      |    ^
<scratch>/codex/chainhash-m2-adjacent/smhasher3/hashes/meowhash.cpp:358:4: warning: '$' in identifier [-Wdollar-in-identifier-extension]
  358 |    $.src_status = HashFamilyInfo::SRC_STABLEISH
      |    ^
7 warnings generated.
[ 41%] Building CXX object CMakeFiles/SMHasher3Hashlib.dir/hashes/spookyhash.cpp.o
<scratch>/codex/chainhash-m2-adjacent/smhasher3/hashes/vmac.cpp:626:4: warning: '$' in identifier [-Wdollar-in-identifier-extension]
  626 |    $.src_url    = "https://www.fastcrypto.org/vmac/",
      |    ^
<scratch>/codex/chainhash-m2-adjacent/smhasher3/hashes/vmac.cpp:627:4: warning: '$' in identifier [-Wdollar-in-identifier-extension]
  627 |    $.src_status = HashFamilyInfo::SRC_FROZEN
      |    ^
<scratch>/codex/chainhash-m2-adjacent/smhasher3/hashes/vmac.cpp:631:4: warning: '$' in identifier [-Wdollar-in-identifier-extension]
  631 |    $.desc       = "VHASH low 32 bits, by Ted Krovetz and Wei Dai",
      |    ^
<scratch>/codex/chainhash-m2-adjacent/smhasher3/hashes/vmac.cpp:632:4: warning: '$' in identifier [-Wdollar-in-identifier-extension]
  632 |    $.impl       = VMAC_IMPL_STR,
      |    ^
<scratch>/codex/chainhash-m2-adjacent/smhasher3/hashes/vmac.cpp:633:4: warning: '$' in identifier [-Wdollar-in-identifier-extension]
  633 |    $.hash_flags =
      |    ^
<scratch>/codex/chainhash-m2-adjacent/smhasher3/hashes/vmac.cpp:635:4: warning: '$' in identifier [-Wdollar-in-identifier-extension]
  635 |    $.impl_flags =
      |    ^
<scratch>/codex/chainhash-m2-adjacent/smhasher3/hashes/vmac.cpp:640:4: warning: '$' in identifier [-Wdollar-in-identifier-extension]
  640 |    $.bits = 32,
      |    ^
<scratch>/codex/chainhash-m2-adjacent/smhasher3/hashes/vmac.cpp:641:4: warning: '$' in identifier [-Wdollar-in-identifier-extension]
  641 |    $.verification_LE = 0x613E4735,
      |    ^
<scratch>/codex/chainhash-m2-adjacent/smhasher3/hashes/vmac.cpp:642:4: warning: '$' in identifier [-Wdollar-in-identifier-extension]
  642 |    $.verification_BE = 0x8797E01C,
      |    ^
<scratch>/codex/chainhash-m2-adjacent/smhasher3/hashes/vmac.cpp:643:4: warning: '$' in identifier [-Wdollar-in-identifier-extension]
  643 |    $.hashfn_native   = VHASH32<false>,
      |    ^
<scratch>/codex/chainhash-m2-adjacent/smhasher3/hashes/vmac.cpp:644:4: warning: '$' in identifier [-Wdollar-in-identifier-extension]
  644 |    $.hashfn_bswap    = VHASH32<true>
      |    ^
<scratch>/codex/chainhash-m2-adjacent/smhasher3/hashes/vmac.cpp:648:4: warning: '$' in identifier [-Wdollar-in-identifier-extension]
  648 |    $.desc       = "VHASH, by Ted Krovetz and Wei Dai",
      |    ^
<scratch>/codex/chainhash-m2-adjacent/smhasher3/hashes/vmac.cpp:649:4: warning: '$' in identifier [-Wdollar-in-identifier-extension]
  649 |    $.impl       = VMAC_IMPL_STR,
      |    ^
<scratch>/codex/chainhash-m2-adjacent/smhasher3/hashes/vmac.cpp:650:4: warning: '$' in identifier [-Wdollar-in-identifier-extension]
  650 |    $.hash_flags =
      |    ^
<scratch>/codex/chainhash-m2-adjacent/smhasher3/hashes/vmac.cpp:652:4: warning: '$' in identifier [-Wdollar-in-identifier-extension]
  652 |    $.impl_flags =
      |    ^
<scratch>/codex/chainhash-m2-adjacent/smhasher3/hashes/vmac.cpp:657:4: warning: '$' in identifier [-Wdollar-in-identifier-extension]
  657 |    $.bits = 64,
      |    ^
<scratch>/codex/chainhash-m2-adjacent/smhasher3/hashes/vmac.cpp:658:4: warning: '$' in identifier [-Wdollar-in-identifier-extension]
  658 |    $.verification_LE = 0x7417A00F,
      |    ^
<scratch>/codex/chainhash-m2-adjacent/smhasher3/hashes/vmac.cpp:659:4: warning: '$' in identifier [-Wdollar-in-identifier-extension]
  659 |    $.verification_BE = 0x81C8B066,
      |    ^
<scratch>/codex/chainhash-m2-adjacent/smhasher3/hashes/vmac.cpp:660:4: warning: '$' in identifier [-Wdollar-in-identifier-extension]
  660 |    $.hashfn_native   = VHASH64<false>,
      |    ^
<scratch>/codex/chainhash-m2-adjacent/smhasher3/hashes/vmac.cpp:661:4: warning: '$' in identifier [-Wdollar-in-identifier-extension]
  661 |    $.hashfn_bswap    = VHASH64<true>
      |    ^
25 warnings generated.
[ 42%] Building CXX object CMakeFiles/SMHasher3Tests.dir/tests/SeedZeroesTest.cpp.o
[ 42%] Building CXX object CMakeFiles/SMHasher3Tests.dir/tests/SeedSparseTest.cpp.o
In file included from <scratch>/codex/chainhash-m2-adjacent/smhasher3/hashes/spookyhash.cpp:58:
<scratch>/codex/chainhash-m2-adjacent/smhasher3/include/hashlib/Hashlib.h:44:20: warning: '$' in identifier [-Wdollar-in-identifier-extension]
   44 |     HashFamilyInfo $(#N);                          \
      |                    ^
<scratch>/codex/chainhash-m2-adjacent/smhasher3/include/hashlib/Hashlib.h:46:12: warning: '$' in identifier [-Wdollar-in-identifier-extension]
   46 |     return $;                                      \
      |            ^
<scratch>/codex/chainhash-m2-adjacent/smhasher3/include/hashlib/Hashlib.h:54:14: warning: '$' in identifier [-Wdollar-in-identifier-extension]
   54 |     HashInfo $(#N, THIS_HASH_FAMILY.name);       \
      |              ^
<scratch>/codex/chainhash-m2-adjacent/smhasher3/include/hashlib/Hashlib.h:56:20: warning: '$' in identifier [-Wdollar-in-identifier-extension]
   56 |     register_hash(&$);                           \
      |                    ^
<scratch>/codex/chainhash-m2-adjacent/smhasher3/include/hashlib/Hashlib.h:57:12: warning: '$' in identifier [-Wdollar-in-identifier-extension]
   57 |     return $;                                    \
      |            ^
<scratch>/codex/chainhash-m2-adjacent/smhasher3/hashes/spookyhash.cpp:361:4: warning: '$' in identifier [-Wdollar-in-identifier-extension]
  361 |    $.src_url    = "https://www.burtleburtle.net/bob/hash/spooky.html",
      |    ^
<scratch>/codex/chainhash-m2-adjacent/smhasher3/hashes/spookyhash.cpp:362:4: warning: '$' in identifier [-Wdollar-in-identifier-extension]
  362 |    $.src_status = HashFamilyInfo::SRC_FROZEN
      |    ^
<scratch>/codex/chainhash-m2-adjacent/smhasher3/hashes/spookyhash.cpp:367:4: warning: '$' in identifier [-Wdollar-in-identifier-extension]
  367 |    $.desc       = "SpookyHash v1, 32-bit result",
      |    ^
<scratch>/codex/chainhash-m2-adjacent/smhasher3/hashes/spookyhash.cpp:368:4: warning: '$' in identifier [-Wdollar-in-identifier-extension]
  368 |    $.hash_flags =
      |    ^
<scratch>/codex/chainhash-m2-adjacent/smhasher3/hashes/spookyhash.cpp:370:4: warning: '$' in identifier [-Wdollar-in-identifier-extension]
  370 |    $.impl_flags =
      |    ^
<scratch>/codex/chainhash-m2-adjacent/smhasher3/hashes/spookyhash.cpp:373:4: warning: '$' in identifier [-Wdollar-in-identifier-extension]
  373 |    $.bits = 32,
      |    ^
<scratch>/codex/chainhash-m2-adjacent/smhasher3/hashes/spookyhash.cpp:374:4: warning: '$' in identifier [-Wdollar-in-identifier-extension]
  374 |    $.verification_LE = 0x3F798BBB,
      |    ^
<scratch>/codex/chainhash-m2-adjacent/smhasher3/hashes/spookyhash.cpp:375:4: warning: '$' in identifier [-Wdollar-in-identifier-extension]
  375 |    $.verification_BE = 0x32C8248C,
      |    ^
<scratch>/codex/chainhash-m2-adjacent/smhasher3/hashes/spookyhash.cpp:376:4: warning: '$' in identifier [-Wdollar-in-identifier-extension]
  376 |    $.hashfn_native   = spookyhash<1, 32, false>,
      |    ^
<scratch>/codex/chainhash-m2-adjacent/smhasher3/hashes/spookyhash.cpp:377:4: warning: '$' in identifier [-Wdollar-in-identifier-extension]
  377 |    $.hashfn_bswap    = spookyhash<1, 32, true>
      |    ^
<scratch>/codex/chainhash-m2-adjacent/smhasher3/hashes/spookyhash.cpp:381:4: warning: '$' in identifier [-Wdollar-in-identifier-extension]
  381 |    $.desc       = "SpookyHash v1, 64-bit result",
      |    ^
<scratch>/codex/chainhash-m2-adjacent/smhasher3/hashes/spookyhash.cpp:382:4: warning: '$' in identifier [-Wdollar-in-identifier-extension]
  382 |    $.hash_flags =
      |    ^
<scratch>/codex/chainhash-m2-adjacent/smhasher3/hashes/spookyhash.cpp:384:4: warning: '$' in identifier [-Wdollar-in-identifier-extension]
  384 |    $.impl_flags =
      |    ^
<scratch>/codex/chainhash-m2-adjacent/smhasher3/hashes/spookyhash.cpp:387:4: warning: '$' in identifier [-Wdollar-in-identifier-extension]
  387 |    $.bits = 64,
      |    ^
<scratch>/codex/chainhash-m2-adjacent/smhasher3/hashes/spookyhash.cpp:388:4: warning: '$' in identifier [-Wdollar-in-identifier-extension]
  388 |    $.verification_LE = 0xA7F955F1,
      |    ^
<scratch>/codex/chainhash-m2-adjacent/smhasher3/hashes/spookyhash.cpp:389:4: warning: '$' in identifier [-Wdollar-in-identifier-extension]
  389 |    $.verification_BE = 0xD6BD6D2B,
      |    ^
<scratch>/codex/chainhash-m2-adjacent/smhasher3/hashes/spookyhash.cpp:390:4: warning: '$' in identifier [-Wdollar-in-identifier-extension]
  390 |    $.hashfn_native   = spookyhash<1, 64, false>,
      |    ^
<scratch>/codex/chainhash-m2-adjacent/smhasher3/hashes/spookyhash.cpp:391:4: warning: '$' in identifier [-Wdollar-in-identifier-extension]
  391 |    $.hashfn_bswap    = spookyhash<1, 64, true>
      |    ^
<scratch>/codex/chainhash-m2-adjacent/smhasher3/hashes/spookyhash.cpp:395:4: warning: '$' in identifier [-Wdollar-in-identifier-extension]
  395 |    $.desc       = "SpookyHash v1, 128-bit result",
      |    ^
<scratch>/codex/chainhash-m2-adjacent/smhasher3/hashes/spookyhash.cpp:396:4: warning: '$' in identifier [-Wdollar-in-identifier-extension]
  396 |    $.hash_flags =
      |    ^
<scratch>/codex/chainhash-m2-adjacent/smhasher3/hashes/spookyhash.cpp:398:4: warning: '$' in identifier [-Wdollar-in-identifier-extension]
  398 |    $.impl_flags =
      |    ^
<scratch>/codex/chainhash-m2-adjacent/smhasher3/hashes/spookyhash.cpp:401:4: warning: '$' in identifier [-Wdollar-in-identifier-extension]
  401 |    $.bits = 128,
      |    ^
<scratch>/codex/chainhash-m2-adjacent/smhasher3/hashes/spookyhash.cpp:402:4: warning: '$' in identifier [-Wdollar-in-identifier-extension]
  402 |    $.verification_LE = 0x8D263080,
      |    ^
<scratch>/codex/chainhash-m2-adjacent/smhasher3/hashes/spookyhash.cpp:403:4: warning: '$' in identifier [-Wdollar-in-identifier-extension]
  403 |    $.verification_BE = 0xE9E5572C,
      |    ^
<scratch>/codex/chainhash-m2-adjacent/smhasher3/hashes/spookyhash.cpp:404:4: warning: '$' in identifier [-Wdollar-in-identifier-extension]
  404 |    $.hashfn_native   = spookyhash<1, 128, false>,
      |    ^
<scratch>/codex/chainhash-m2-adjacent/smhasher3/hashes/spookyhash.cpp:405:4: warning: '$' in identifier [-Wdollar-in-identifier-extension]
  405 |    $.hashfn_bswap    = spookyhash<1, 128, true>
      |    ^
<scratch>/codex/chainhash-m2-adjacent/smhasher3/hashes/spookyhash.cpp:409:4: warning: '$' in identifier [-Wdollar-in-identifier-extension]
  409 |    $.desc       = "SpookyHash v2, 32-bit result",
      |    ^
<scratch>/codex/chainhash-m2-adjacent/smhasher3/hashes/spookyhash.cpp:410:4: warning: '$' in identifier [-Wdollar-in-identifier-extension]
  410 |    $.hash_flags =
      |    ^
<scratch>/codex/chainhash-m2-adjacent/smhasher3/hashes/spookyhash.cpp:412:4: warning: '$' in identifier [-Wdollar-in-identifier-extension]
  412 |    $.impl_flags =
      |    ^
<scratch>/codex/chainhash-m2-adjacent/smhasher3/hashes/spookyhash.cpp:415:4: warning: '$' in identifier [-Wdollar-in-identifier-extension]
  415 |    $.bits = 32,
      |    ^
<scratch>/codex/chainhash-m2-adjacent/smhasher3/hashes/spookyhash.cpp:416:4: warning: '$' in identifier [-Wdollar-in-identifier-extension]
  416 |    $.verification_LE = 0xA48BE265,
      |    ^
<scratch>/codex/chainhash-m2-adjacent/smhasher3/hashes/spookyhash.cpp:417:4: warning: '$' in identifier [-Wdollar-in-identifier-extension]
  417 |    $.verification_BE = 0x9742FF7D,
      |    ^
<scratch>/codex/chainhash-m2-adjacent/smhasher3/hashes/spookyhash.cpp:418:4: warning: '$' in identifier [-Wdollar-in-identifier-extension]
  418 |    $.hashfn_native   = spookyhash<2, 32, false>,
      |    ^
<scratch>/codex/chainhash-m2-adjacent/smhasher3/hashes/spookyhash.cpp:419:4: warning: '$' in identifier [-Wdollar-in-identifier-extension]
  419 |    $.hashfn_bswap    = spookyhash<2, 32, true>,
      |    ^
<scratch>/codex/chainhash-m2-adjacent/smhasher3/hashes/spookyhash.cpp:420:4: warning: '$' in identifier [-Wdollar-in-identifier-extension]
  420 |    $.sort_order      = 10
      |    ^
<scratch>/codex/chainhash-m2-adjacent/smhasher3/hashes/spookyhash.cpp:424:4: warning: '$' in identifier [-Wdollar-in-identifier-extension]
  424 |    $.desc       = "SpookyHash v2, 64-bit result",
      |    ^
<scratch>/codex/chainhash-m2-adjacent/smhasher3/hashes/spookyhash.cpp:425:4: warning: '$' in identifier [-Wdollar-in-identifier-extension]
  425 |    $.hash_flags =
      |    ^
<scratch>/codex/chainhash-m2-adjacent/smhasher3/hashes/spookyhash.cpp:427:4: warning: '$' in identifier [-Wdollar-in-identifier-extension]
  427 |    $.impl_flags =
      |    ^
<scratch>/codex/chainhash-m2-adjacent/smhasher3/hashes/spookyhash.cpp:430:4: warning: '$' in identifier [-Wdollar-in-identifier-extension]
  430 |    $.bits = 64,
      |    ^
<scratch>/codex/chainhash-m2-adjacent/smhasher3/hashes/spookyhash.cpp:431:4: warning: '$' in identifier [-Wdollar-in-identifier-extension]
  431 |    $.verification_LE = 0x972C4BDC,
      |    ^
<scratch>/codex/chainhash-m2-adjacent/smhasher3/hashes/spookyhash.cpp:432:4: warning: '$' in identifier [-Wdollar-in-identifier-extension]
  432 |    $.verification_BE = 0x6B914F15,
      |    ^
<scratch>/codex/chainhash-m2-adjacent/smhasher3/hashes/spookyhash.cpp:433:4: warning: '$' in identifier [-Wdollar-in-identifier-extension]
  433 |    $.hashfn_native   = spookyhash<2, 64, false>,
      |    ^
<scratch>/codex/chainhash-m2-adjacent/smhasher3/hashes/spookyhash.cpp:434:4: warning: '$' in identifier [-Wdollar-in-identifier-extension]
  434 |    $.hashfn_bswap    = spookyhash<2, 64, true>,
      |    ^
<scratch>/codex/chainhash-m2-adjacent/smhasher3/hashes/spookyhash.cpp:435:4: warning: '$' in identifier [-Wdollar-in-identifier-extension]
  435 |    $.sort_order      = 10
      |    ^
<scratch>/codex/chainhash-m2-adjacent/smhasher3/hashes/spookyhash.cpp:439:4: warning: '$' in identifier [-Wdollar-in-identifier-extension]
  439 |    $.desc       = "SpookyHash v2, 128-bit result",
      |    ^
<scratch>/codex/chainhash-m2-adjacent/smhasher3/hashes/spookyhash.cpp:440:4: warning: '$' in identifier [-Wdollar-in-identifier-extension]
  440 |    $.hash_flags =
      |    ^
<scratch>/codex/chainhash-m2-adjacent/smhasher3/hashes/spookyhash.cpp:442:4: warning: '$' in identifier [-Wdollar-in-identifier-extension]
  442 |    $.impl_flags =
      |    ^
<scratch>/codex/chainhash-m2-adjacent/smhasher3/hashes/spookyhash.cpp:445:4: warning: '$' in identifier [-Wdollar-in-identifier-extension]
  445 |    $.bits = 128,
      |    ^
<scratch>/codex/chainhash-m2-adjacent/smhasher3/hashes/spookyhash.cpp:446:4: warning: '$' in identifier [-Wdollar-in-identifier-extension]
  446 |    $.verification_LE = 0x893CFCBE,
      |    ^
<scratch>/codex/chainhash-m2-adjacent/smhasher3/hashes/spookyhash.cpp:447:4: warning: '$' in identifier [-Wdollar-in-identifier-extension]
  447 |    $.verification_BE = 0x7C1EA273,
      |    ^
<scratch>/codex/chainhash-m2-adjacent/smhasher3/hashes/spookyhash.cpp:448:4: warning: '$' in identifier [-Wdollar-in-identifier-extension]
  448 |    $.hashfn_native   = spookyhash<2, 128, false>,
      |    ^
<scratch>/codex/chainhash-m2-adjacent/smhasher3/hashes/spookyhash.cpp:449:4: warning: '$' in identifier [-Wdollar-in-identifier-extension]
  449 |    $.hashfn_bswap    = spookyhash<2, 128, true>,
      |    ^
<scratch>/codex/chainhash-m2-adjacent/smhasher3/hashes/spookyhash.cpp:450:4: warning: '$' in identifier [-Wdollar-in-identifier-extension]
  450 |    $.sort_order      = 10
      |    ^
58 warnings generated.
[ 42%] Building CXX object CMakeFiles/SMHasher3Hashlib.dir/hashes/sha2.cpp.o
<scratch>/codex/chainhash-m2-adjacent/smhasher3/tests/SeedZeroesTest.cpp:71:32: warning: format specifies type 'ssize_t' (aka 'long') but the argument has type 'uint64_t' (aka 'unsigned long long') [-Wformat]
   70 |     printf("Keyset 'SeedZeroes' - up to %zd-byte keys, seeds with up to %zd set bits - %zd seeds - %zd hashes\n",
      |                                                                                        ~~~
      |                                                                                        %llu
   71 |             keycount, maxbits, seeds, totalkeys);
      |                                ^~~~~
<scratch>/codex/chainhash-m2-adjacent/smhasher3/tests/SeedZeroesTest.cpp:142:23: note: in instantiation of function template specialization 'SeedZeroKeyImpl<Blob<32>, false>' requested here
  142 |             result &= SeedZeroKeyImpl<hashtype, false>(hinfo, 2, sz, flags);
      |                       ^
<scratch>/codex/chainhash-m2-adjacent/smhasher3/tests/SeedZeroesTest.cpp:153:13: note: in instantiation of function template specialization 'SeedZeroKeyTest<Blob<32>>' requested here
  153 | INSTANTIATE(SeedZeroKeyTest, HASHTYPELIST);
      |             ^
<scratch>/codex/chainhash-m2-adjacent/smhasher3/tests/SeedZeroesTest.cpp:71:39: warning: format specifies type 'ssize_t' (aka 'long') but the argument has type 'uint64_t' (aka 'unsigned long long') [-Wformat]
   70 |     printf("Keyset 'SeedZeroes' - up to %zd-byte keys, seeds with up to %zd set bits - %zd seeds - %zd hashes\n",
      |                                                                                                    ~~~
      |                                                                                                    %llu
   71 |             keycount, maxbits, seeds, totalkeys);
      |                                       ^~~~~~~~~
<scratch>/codex/chainhash-m2-adjacent/smhasher3/tests/SeedZeroesTest.cpp:71:32: warning: format specifies type 'ssize_t' (aka 'long') but the argument has type 'uint64_t' (aka 'unsigned long long') [-Wformat]
   70 |     printf("Keyset 'SeedZeroes' - up to %zd-byte keys, seeds with up to %zd set bits - %zd seeds - %zd hashes\n",
      |                                                                                        ~~~
      |                                                                                        %llu
   71 |             keycount, maxbits, seeds, totalkeys);
      |                                ^~~~~
<scratch>/codex/chainhash-m2-adjacent/smhasher3/tests/SeedZeroesTest.cpp:144:23: note: in instantiation of function template specialization 'SeedZeroKeyImpl<Blob<32>, true>' requested here
  144 |             result &= SeedZeroKeyImpl<hashtype,  true>(hinfo, 2, sz, flags);
      |                       ^
<scratch>/codex/chainhash-m2-adjacent/smhasher3/tests/SeedZeroesTest.cpp:153:13: note: in instantiation of function template specialization 'SeedZeroKeyTest<Blob<32>>' requested here
  153 | INSTANTIATE(SeedZeroKeyTest, HASHTYPELIST);
      |             ^
<scratch>/codex/chainhash-m2-adjacent/smhasher3/tests/SeedZeroesTest.cpp:71:39: warning: format specifies type 'ssize_t' (aka 'long') but the argument has type 'uint64_t' (aka 'unsigned long long') [-Wformat]
   70 |     printf("Keyset 'SeedZeroes' - up to %zd-byte keys, seeds with up to %zd set bits - %zd seeds - %zd hashes\n",
      |                                                                                                    ~~~
      |                                                                                                    %llu
   71 |             keycount, maxbits, seeds, totalkeys);
      |                                       ^~~~~~~~~
<scratch>/codex/chainhash-m2-adjacent/smhasher3/tests/SeedZeroesTest.cpp:71:32: warning: format specifies type 'ssize_t' (aka 'long') but the argument has type 'uint64_t' (aka 'unsigned long long') [-Wformat]
   70 |     printf("Keyset 'SeedZeroes' - up to %zd-byte keys, seeds with up to %zd set bits - %zd seeds - %zd hashes\n",
      |                                                                                        ~~~
      |                                                                                        %llu
   71 |             keycount, maxbits, seeds, totalkeys);
      |                                ^~~~~
<scratch>/codex/chainhash-m2-adjacent/smhasher3/tests/SeedZeroesTest.cpp:142:23: note: in instantiation of function template specialization 'SeedZeroKeyImpl<Blob<64>, false>' requested here
  142 |             result &= SeedZeroKeyImpl<hashtype, false>(hinfo, 2, sz, flags);
      |                       ^
<scratch>/codex/chainhash-m2-adjacent/smhasher3/tests/SeedZeroesTest.cpp:153:13: note: in instantiation of function template specialization 'SeedZeroKeyTest<Blob<64>>' requested here
  153 | INSTANTIATE(SeedZeroKeyTest, HASHTYPELIST);
      |             ^
<scratch>/codex/chainhash-m2-adjacent/smhasher3/tests/SeedZeroesTest.cpp:71:39: warning: format specifies type 'ssize_t' (aka 'long') but the argument has type 'uint64_t' (aka 'unsigned long long') [-Wformat]
   70 |     printf("Keyset 'SeedZeroes' - up to %zd-byte keys, seeds with up to %zd set bits - %zd seeds - %zd hashes\n",
      |                                                                                                    ~~~
      |                                                                                                    %llu
   71 |             keycount, maxbits, seeds, totalkeys);
      |                                       ^~~~~~~~~
<scratch>/codex/chainhash-m2-adjacent/smhasher3/tests/SeedZeroesTest.cpp:71:32: warning: format specifies type 'ssize_t' (aka 'long') but the argument has type 'uint64_t' (aka 'unsigned long long') [-Wformat]
   70 |     printf("Keyset 'SeedZeroes' - up to %zd-byte keys, seeds with up to %zd set bits - %zd seeds - %zd hashes\n",
      |                                                                                        ~~~
      |                                                                                        %llu
   71 |             keycount, maxbits, seeds, totalkeys);
      |                                ^~~~~
<scratch>/codex/chainhash-m2-adjacent/smhasher3/tests/SeedZeroesTest.cpp:144:23: note: in instantiation of function template specialization 'SeedZeroKeyImpl<Blob<64>, true>' requested here
  144 |             result &= SeedZeroKeyImpl<hashtype,  true>(hinfo, 2, sz, flags);
      |                       ^
<scratch>/codex/chainhash-m2-adjacent/smhasher3/tests/SeedZeroesTest.cpp:153:13: note: in instantiation of function template specialization 'SeedZeroKeyTest<Blob<64>>' requested here
  153 | INSTANTIATE(SeedZeroKeyTest, HASHTYPELIST);
      |             ^
<scratch>/codex/chainhash-m2-adjacent/smhasher3/tests/SeedZeroesTest.cpp:71:39: warning: format specifies type 'ssize_t' (aka 'long') but the argument has type 'uint64_t' (aka 'unsigned long long') [-Wformat]
   70 |     printf("Keyset 'SeedZeroes' - up to %zd-byte keys, seeds with up to %zd set bits - %zd seeds - %zd hashes\n",
      |                                                                                                    ~~~
      |                                                                                                    %llu
   71 |             keycount, maxbits, seeds, totalkeys);
      |                                       ^~~~~~~~~
<scratch>/codex/chainhash-m2-adjacent/smhasher3/tests/SeedZeroesTest.cpp:71:32: warning: format specifies type 'ssize_t' (aka 'long') but the argument has type 'uint64_t' (aka 'unsigned long long') [-Wformat]
   70 |     printf("Keyset 'SeedZeroes' - up to %zd-byte keys, seeds with up to %zd set bits - %zd seeds - %zd hashes\n",
      |                                                                                        ~~~
      |                                                                                        %llu
   71 |             keycount, maxbits, seeds, totalkeys);
      |                                ^~~~~
<scratch>/codex/chainhash-m2-adjacent/smhasher3/tests/SeedZeroesTest.cpp:142:23: note: in instantiation of function template specialization 'SeedZeroKeyImpl<Blob<128>, false>' requested here
  142 |             result &= SeedZeroKeyImpl<hashtype, false>(hinfo, 2, sz, flags);
      |                       ^
<scratch>/codex/chainhash-m2-adjacent/smhasher3/tests/SeedZeroesTest.cpp:153:13: note: in instantiation of function template specialization 'SeedZeroKeyTest<Blob<128>>' requested here
  153 | INSTANTIATE(SeedZeroKeyTest, HASHTYPELIST);
      |             ^
<scratch>/codex/chainhash-m2-adjacent/smhasher3/tests/SeedZeroesTest.cpp:71:39: warning: format specifies type 'ssize_t' (aka 'long') but the argument has type 'uint64_t' (aka 'unsigned long long') [-Wformat]
   70 |     printf("Keyset 'SeedZeroes' - up to %zd-byte keys, seeds with up to %zd set bits - %zd seeds - %zd hashes\n",
      |                                                                                                    ~~~
      |                                                                                                    %llu
   71 |             keycount, maxbits, seeds, totalkeys);
      |                                       ^~~~~~~~~
<scratch>/codex/chainhash-m2-adjacent/smhasher3/tests/SeedZeroesTest.cpp:71:32: warning: format specifies type 'ssize_t' (aka 'long') but the argument has type 'uint64_t' (aka 'unsigned long long') [-Wformat]
   70 |     printf("Keyset 'SeedZeroes' - up to %zd-byte keys, seeds with up to %zd set bits - %zd seeds - %zd hashes\n",
      |                                                                                        ~~~
      |                                                                                        %llu
   71 |             keycount, maxbits, seeds, totalkeys);
      |                                ^~~~~
<scratch>/codex/chainhash-m2-adjacent/smhasher3/tests/SeedZeroesTest.cpp:144:23: note: in instantiation of function template specialization 'SeedZeroKeyImpl<Blob<128>, true>' requested here
  144 |             result &= SeedZeroKeyImpl<hashtype,  true>(hinfo, 2, sz, flags);
      |                       ^
<scratch>/codex/chainhash-m2-adjacent/smhasher3/tests/SeedZeroesTest.cpp:153:13: note: in instantiation of function template specialization 'SeedZeroKeyTest<Blob<128>>' requested here
  153 | INSTANTIATE(SeedZeroKeyTest, HASHTYPELIST);
      |             ^
<scratch>/codex/chainhash-m2-adjacent/smhasher3/tests/SeedZeroesTest.cpp:71:39: warning: format specifies type 'ssize_t' (aka 'long') but the argument has type 'uint64_t' (aka 'unsigned long long') [-Wformat]
   70 |     printf("Keyset 'SeedZeroes' - up to %zd-byte keys, seeds with up to %zd set bits - %zd seeds - %zd hashes\n",
      |                                                                                                    ~~~
      |                                                                                                    %llu
   71 |             keycount, maxbits, seeds, totalkeys);
      |                                       ^~~~~~~~~
<scratch>/codex/chainhash-m2-adjacent/smhasher3/tests/SeedZeroesTest.cpp:71:32: warning: format specifies type 'ssize_t' (aka 'long') but the argument has type 'uint64_t' (aka 'unsigned long long') [-Wformat]
   70 |     printf("Keyset 'SeedZeroes' - up to %zd-byte keys, seeds with up to %zd set bits - %zd seeds - %zd hashes\n",
      |                                                                                        ~~~
      |                                                                                        %llu
   71 |             keycount, maxbits, seeds, totalkeys);
      |                                ^~~~~
<scratch>/codex/chainhash-m2-adjacent/smhasher3/tests/SeedZeroesTest.cpp:142:23: note: in instantiation of function template specialization 'SeedZeroKeyImpl<Blob<160>, false>' requested here
  142 |             result &= SeedZeroKeyImpl<hashtype, false>(hinfo, 2, sz, flags);
      |                       ^
<scratch>/codex/chainhash-m2-adjacent/smhasher3/tests/SeedZeroesTest.cpp:153:13: note: in instantiation of function template specialization 'SeedZeroKeyTest<Blob<160>>' requested here
  153 | INSTANTIATE(SeedZeroKeyTest, HASHTYPELIST);
      |             ^
<scratch>/codex/chainhash-m2-adjacent/smhasher3/tests/SeedZeroesTest.cpp:71:39: warning: format specifies type 'ssize_t' (aka 'long') but the argument has type 'uint64_t' (aka 'unsigned long long') [-Wformat]
   70 |     printf("Keyset 'SeedZeroes' - up to %zd-byte keys, seeds with up to %zd set bits - %zd seeds - %zd hashes\n",
      |                                                                                                    ~~~
      |                                                                                                    %llu
   71 |             keycount, maxbits, seeds, totalkeys);
      |                                       ^~~~~~~~~
<scratch>/codex/chainhash-m2-adjacent/smhasher3/tests/SeedZeroesTest.cpp:71:32: warning: format specifies type 'ssize_t' (aka 'long') but the argument has type 'uint64_t' (aka 'unsigned long long') [-Wformat]
   70 |     printf("Keyset 'SeedZeroes' - up to %zd-byte keys, seeds with up to %zd set bits - %zd seeds - %zd hashes\n",
      |                                                                                        ~~~
      |                                                                                        %llu
   71 |             keycount, maxbits, seeds, totalkeys);
      |                                ^~~~~
<scratch>/codex/chainhash-m2-adjacent/smhasher3/tests/SeedZeroesTest.cpp:144:23: note: in instantiation of function template specialization 'SeedZeroKeyImpl<Blob<160>, true>' requested here
  144 |             result &= SeedZeroKeyImpl<hashtype,  true>(hinfo, 2, sz, flags);
      |                       ^
<scratch>/codex/chainhash-m2-adjacent/smhasher3/tests/SeedZeroesTest.cpp:153:13: note: in instantiation of function template specialization 'SeedZeroKeyTest<Blob<160>>' requested here
  153 | INSTANTIATE(SeedZeroKeyTest, HASHTYPELIST);
      |             ^
<scratch>/codex/chainhash-m2-adjacent/smhasher3/tests/SeedZeroesTest.cpp:71:39: warning: format specifies type 'ssize_t' (aka 'long') but the argument has type 'uint64_t' (aka 'unsigned long long') [-Wformat]
   70 |     printf("Keyset 'SeedZeroes' - up to %zd-byte keys, seeds with up to %zd set bits - %zd seeds - %zd hashes\n",
      |                                                                                                    ~~~
      |                                                                                                    %llu
   71 |             keycount, maxbits, seeds, totalkeys);
      |                                       ^~~~~~~~~
<scratch>/codex/chainhash-m2-adjacent/smhasher3/tests/SeedZeroesTest.cpp:71:32: warning: format specifies type 'ssize_t' (aka 'long') but the argument has type 'uint64_t' (aka 'unsigned long long') [-Wformat]
   70 |     printf("Keyset 'SeedZeroes' - up to %zd-byte keys, seeds with up to %zd set bits - %zd seeds - %zd hashes\n",
      |                                                                                        ~~~
      |                                                                                        %llu
   71 |             keycount, maxbits, seeds, totalkeys);
      |                                ^~~~~
<scratch>/codex/chainhash-m2-adjacent/smhasher3/tests/SeedZeroesTest.cpp:142:23: note: in instantiation of function template specialization 'SeedZeroKeyImpl<Blob<224>, false>' requested here
  142 |             result &= SeedZeroKeyImpl<hashtype, false>(hinfo, 2, sz, flags);
      |                       ^
<scratch>/codex/chainhash-m2-adjacent/smhasher3/tests/SeedZeroesTest.cpp:153:13: note: in instantiation of function template specialization 'SeedZeroKeyTest<Blob<224>>' requested here
  153 | INSTANTIATE(SeedZeroKeyTest, HASHTYPELIST);
      |             ^
<scratch>/codex/chainhash-m2-adjacent/smhasher3/tests/SeedZeroesTest.cpp:71:39: warning: format specifies type 'ssize_t' (aka 'long') but the argument has type 'uint64_t' (aka 'unsigned long long') [-Wformat]
   70 |     printf("Keyset 'SeedZeroes' - up to %zd-byte keys, seeds with up to %zd set bits - %zd seeds - %zd hashes\n",
      |                                                                                                    ~~~
      |                                                                                                    %llu
   71 |             keycount, maxbits, seeds, totalkeys);
      |                                       ^~~~~~~~~
<scratch>/codex/chainhash-m2-adjacent/smhasher3/tests/SeedZeroesTest.cpp:71:32: warning: format specifies type 'ssize_t' (aka 'long') but the argument has type 'uint64_t' (aka 'unsigned long long') [-Wformat]
   70 |     printf("Keyset 'SeedZeroes' - up to %zd-byte keys, seeds with up to %zd set bits - %zd seeds - %zd hashes\n",
      |                                                                                        ~~~
      |                                                                                        %llu
   71 |             keycount, maxbits, seeds, totalkeys);
      |                                ^~~~~
<scratch>/codex/chainhash-m2-adjacent/smhasher3/tests/SeedZeroesTest.cpp:144:23: note: in instantiation of function template specialization 'SeedZeroKeyImpl<Blob<224>, true>' requested here
  144 |             result &= SeedZeroKeyImpl<hashtype,  true>(hinfo, 2, sz, flags);
      |                       ^
<scratch>/codex/chainhash-m2-adjacent/smhasher3/tests/SeedZeroesTest.cpp:153:13: note: in instantiation of function template specialization 'SeedZeroKeyTest<Blob<224>>' requested here
  153 | INSTANTIATE(SeedZeroKeyTest, HASHTYPELIST);
      |             ^
<scratch>/codex/chainhash-m2-adjacent/smhasher3/tests/SeedZeroesTest.cpp:71:39: warning: format specifies type 'ssize_t' (aka 'long') but the argument has type 'uint64_t' (aka 'unsigned long long') [-Wformat]
   70 |     printf("Keyset 'SeedZeroes' - up to %zd-byte keys, seeds with up to %zd set bits - %zd seeds - %zd hashes\n",
      |                                                                                                    ~~~
      |                                                                                                    %llu
   71 |             keycount, maxbits, seeds, totalkeys);
      |                                       ^~~~~~~~~
<scratch>/codex/chainhash-m2-adjacent/smhasher3/tests/SeedZeroesTest.cpp:71:32: warning: format specifies type 'ssize_t' (aka 'long') but the argument has type 'uint64_t' (aka 'unsigned long long') [-Wformat]
   70 |     printf("Keyset 'SeedZeroes' - up to %zd-byte keys, seeds with up to %zd set bits - %zd seeds - %zd hashes\n",
      |                                                                                        ~~~
      |                                                                                        %llu
   71 |             keycount, maxbits, seeds, totalkeys);
      |                                ^~~~~
<scratch>/codex/chainhash-m2-adjacent/smhasher3/tests/SeedZeroesTest.cpp:142:23: note: in instantiation of function template specialization 'SeedZeroKeyImpl<Blob<256>, false>' requested here
  142 |             result &= SeedZeroKeyImpl<hashtype, false>(hinfo, 2, sz, flags);
      |                       ^
<scratch>/codex/chainhash-m2-adjacent/smhasher3/tests/SeedZeroesTest.cpp:153:13: note: in instantiation of function template specialization 'SeedZeroKeyTest<Blob<256>>' requested here
  153 | INSTANTIATE(SeedZeroKeyTest, HASHTYPELIST);
      |             ^
<scratch>/codex/chainhash-m2-adjacent/smhasher3/tests/SeedZeroesTest.cpp:71:39: warning: format specifies type 'ssize_t' (aka 'long') but the argument has type 'uint64_t' (aka 'unsigned long long') [-Wformat]
   70 |     printf("Keyset 'SeedZeroes' - up to %zd-byte keys, seeds with up to %zd set bits - %zd seeds - %zd hashes\n",
      |                                                                                                    ~~~
      |                                                                                                    %llu
   71 |             keycount, maxbits, seeds, totalkeys);
      |                                       ^~~~~~~~~
<scratch>/codex/chainhash-m2-adjacent/smhasher3/tests/SeedZeroesTest.cpp:71:32: warning: format specifies type 'ssize_t' (aka 'long') but the argument has type 'uint64_t' (aka 'unsigned long long') [-Wformat]
   70 |     printf("Keyset 'SeedZeroes' - up to %zd-byte keys, seeds with up to %zd set bits - %zd seeds - %zd hashes\n",
      |                                                                                        ~~~
      |                                                                                        %llu
   71 |             keycount, maxbits, seeds, totalkeys);
      |                                ^~~~~
<scratch>/codex/chainhash-m2-adjacent/smhasher3/tests/SeedZeroesTest.cpp:144:23: note: in instantiation of function template specialization 'SeedZeroKeyImpl<Blob<256>, true>' requested here
  144 |             result &= SeedZeroKeyImpl<hashtype,  true>(hinfo, 2, sz, flags);
      |                       ^
<scratch>/codex/chainhash-m2-adjacent/smhasher3/tests/SeedZeroesTest.cpp:153:13: note: in instantiation of function template specialization 'SeedZeroKeyTest<Blob<256>>' requested here
  153 | INSTANTIATE(SeedZeroKeyTest, HASHTYPELIST);
      |             ^
<scratch>/codex/chainhash-m2-adjacent/smhasher3/tests/SeedZeroesTest.cpp:71:39: warning: format specifies type 'ssize_t' (aka 'long') but the argument has type 'uint64_t' (aka 'unsigned long long') [-Wformat]
   70 |     printf("Keyset 'SeedZeroes' - up to %zd-byte keys, seeds with up to %zd set bits - %zd seeds - %zd hashes\n",
      |                                                                                                    ~~~
      |                                                                                                    %llu
   71 |             keycount, maxbits, seeds, totalkeys);
      |                                       ^~~~~~~~~
In file included from <scratch>/codex/chainhash-m2-adjacent/smhasher3/hashes/sha2.cpp:35:
<scratch>/codex/chainhash-m2-adjacent/smhasher3/include/hashlib/Hashlib.h:44:20: warning: '$' in identifier [-Wdollar-in-identifier-extension]
   44 |     HashFamilyInfo $(#N);                          \
      |                    ^
<scratch>/codex/chainhash-m2-adjacent/smhasher3/include/hashlib/Hashlib.h:46:12: warning: '$' in identifier [-Wdollar-in-identifier-extension]
   46 |     return $;                                      \
      |            ^
<scratch>/codex/chainhash-m2-adjacent/smhasher3/include/hashlib/Hashlib.h:54:14: warning: '$' in identifier [-Wdollar-in-identifier-extension]
   54 |     HashInfo $(#N, THIS_HASH_FAMILY.name);       \
      |              ^
<scratch>/codex/chainhash-m2-adjacent/smhasher3/include/hashlib/Hashlib.h:56:20: warning: '$' in identifier [-Wdollar-in-identifier-extension]
   56 |     register_hash(&$);                           \
      |                    ^
<scratch>/codex/chainhash-m2-adjacent/smhasher3/include/hashlib/Hashlib.h:57:12: warning: '$' in identifier [-Wdollar-in-identifier-extension]
   57 |     return $;                                    \
      |            ^
<scratch>/codex/chainhash-m2-adjacent/smhasher3/hashes/sha2.cpp:201:13: warning: 'sprintf' is deprecated: This function is provided for compatibility reasons only.  Due to security concerns inherent in the design of sprintf(3), it is highly recommended that you use snprintf(3) instead. [-Wdeprecated-declarations]
  201 |             sprintf(c, "%02x", digest[i * 4 + j]);
      |             ^
/Library/Developer/CommandLineTools/SDKs/MacOSX.sdk/usr/include/_stdio.h:278:1: note: 'sprintf' has been explicitly marked deprecated here
  278 | __deprecated_msg("This function is provided for compatibility reasons only.  Due to security concerns inherent in the design of sprintf(3), it is highly recommended that you use snprintf(3) instead.")
      | ^
/Library/Developer/CommandLineTools/SDKs/MacOSX.sdk/usr/include/sys/cdefs.h:227:48: note: expanded from macro '__deprecated_msg'
  227 |         #define __deprecated_msg(_msg) __attribute__((__deprecated__(_msg)))
      |                                                       ^
<scratch>/codex/chainhash-m2-adjacent/smhasher3/hashes/sha2.cpp:259:4: warning: '$' in identifier [-Wdollar-in-identifier-extension]
  259 |    $.src_url    = "https://github.com/noloader/SHA-Intrinsics",
      |    ^
<scratch>/codex/chainhash-m2-adjacent/smhasher3/hashes/sha2.cpp:260:4: warning: '$' in identifier [-Wdollar-in-identifier-extension]
  260 |    $.src_status = HashFamilyInfo::SRC_FROZEN
      |    ^
<scratch>/codex/chainhash-m2-adjacent/smhasher3/hashes/sha2.cpp:264:4: warning: '$' in identifier [-Wdollar-in-identifier-extension]
  264 |    $.desc       = "SHA-256, bits 0-63",
      |    ^
<scratch>/codex/chainhash-m2-adjacent/smhasher3/hashes/sha2.cpp:265:4: warning: '$' in identifier [-Wdollar-in-identifier-extension]
  265 |    $.impl       = SHA2_IMPL_STR,
      |    ^
<scratch>/codex/chainhash-m2-adjacent/smhasher3/hashes/sha2.cpp:266:4: warning: '$' in identifier [-Wdollar-in-identifier-extension]
  266 |    $.hash_flags =
      |    ^
<scratch>/codex/chainhash-m2-adjacent/smhasher3/hashes/sha2.cpp:270:4: warning: '$' in identifier [-Wdollar-in-identifier-extension]
  270 |    $.impl_flags =
      |    ^
<scratch>/codex/chainhash-m2-adjacent/smhasher3/hashes/sha2.cpp:276:4: warning: '$' in identifier [-Wdollar-in-identifier-extension]
  276 |    $.bits = 64,
      |    ^
<scratch>/codex/chainhash-m2-adjacent/smhasher3/hashes/sha2.cpp:277:4: warning: '$' in identifier [-Wdollar-in-identifier-extension]
  277 |    $.verification_LE = 0x31C40E74,
      |    ^
<scratch>/codex/chainhash-m2-adjacent/smhasher3/hashes/sha2.cpp:278:4: warning: '$' in identifier [-Wdollar-in-identifier-extension]
  278 |    $.verification_BE = 0x6E81AB0B,
      |    ^
<scratch>/codex/chainhash-m2-adjacent/smhasher3/hashes/sha2.cpp:279:4: warning: '$' in identifier [-Wdollar-in-identifier-extension]
  279 |    $.initfn          = SHA256_test,
      |    ^
<scratch>/codex/chainhash-m2-adjacent/smhasher3/hashes/sha2.cpp:280:4: warning: '$' in identifier [-Wdollar-in-identifier-extension]
  280 |    $.hashfn_native   = SHA256<64, false>,
      |    ^
<scratch>/codex/chainhash-m2-adjacent/smhasher3/hashes/sha2.cpp:281:4: warning: '$' in identifier [-Wdollar-in-identifier-extension]
  281 |    $.hashfn_bswap    = SHA256<64, true>
      |    ^
<scratch>/codex/chainhash-m2-adjacent/smhasher3/hashes/sha2.cpp:285:4: warning: '$' in identifier [-Wdollar-in-identifier-extension]
  285 |    $.desc       = "SHA-256",
      |    ^
<scratch>/codex/chainhash-m2-adjacent/smhasher3/hashes/sha2.cpp:286:4: warning: '$' in identifier [-Wdollar-in-identifier-extension]
  286 |    $.impl       = SHA2_IMPL_STR,
      |    ^
<scratch>/codex/chainhash-m2-adjacent/smhasher3/hashes/sha2.cpp:287:4: warning: '$' in identifier [-Wdollar-in-identifier-extension]
  287 |    $.hash_flags =
      |    ^
<scratch>/codex/chainhash-m2-adjacent/smhasher3/hashes/sha2.cpp:291:4: warning: '$' in identifier [-Wdollar-in-identifier-extension]
  291 |    $.impl_flags =
      |    ^
<scratch>/codex/chainhash-m2-adjacent/smhasher3/hashes/sha2.cpp:297:4: warning: '$' in identifier [-Wdollar-in-identifier-extension]
  297 |    $.bits = 256,
      |    ^
<scratch>/codex/chainhash-m2-adjacent/smhasher3/hashes/sha2.cpp:298:4: warning: '$' in identifier [-Wdollar-in-identifier-extension]
  298 |    $.verification_LE = 0x33BD25DE,
      |    ^
<scratch>/codex/chainhash-m2-adjacent/smhasher3/hashes/sha2.cpp:299:4: warning: '$' in identifier [-Wdollar-in-identifier-extension]
  299 |    $.verification_BE = 0x1643B047,
      |    ^
<scratch>/codex/chainhash-m2-adjacent/smhasher3/hashes/sha2.cpp:300:4: warning: '$' in identifier [-Wdollar-in-identifier-extension]
  300 |    $.initfn          = SHA256_test,
      |    ^
<scratch>/codex/chainhash-m2-adjacent/smhasher3/hashes/sha2.cpp:301:4: warning: '$' in identifier [-Wdollar-in-identifier-extension]
  301 |    $.hashfn_native   = SHA256<256, false>,
      |    ^
<scratch>/codex/chainhash-m2-adjacent/smhasher3/hashes/sha2.cpp:302:4: warning: '$' in identifier [-Wdollar-in-identifier-extension]
  302 |    $.hashfn_bswap    = SHA256<256, true>
      |    ^
<scratch>/codex/chainhash-m2-adjacent/smhasher3/hashes/sha2.cpp:306:4: warning: '$' in identifier [-Wdollar-in-identifier-extension]
  306 |    $.desc       = "SHA-224, bits 0-63",
      |    ^
<scratch>/codex/chainhash-m2-adjacent/smhasher3/hashes/sha2.cpp:307:4: warning: '$' in identifier [-Wdollar-in-identifier-extension]
  307 |    $.impl       = SHA2_IMPL_STR,
      |    ^
<scratch>/codex/chainhash-m2-adjacent/smhasher3/hashes/sha2.cpp:308:4: warning: '$' in identifier [-Wdollar-in-identifier-extension]
  308 |    $.hash_flags =
      |    ^
<scratch>/codex/chainhash-m2-adjacent/smhasher3/hashes/sha2.cpp:312:4: warning: '$' in identifier [-Wdollar-in-identifier-extension]
  312 |    $.impl_flags =
      |    ^
<scratch>/codex/chainhash-m2-adjacent/smhasher3/hashes/sha2.cpp:318:4: warning: '$' in identifier [-Wdollar-in-identifier-extension]
  318 |    $.bits = 64,
      |    ^
<scratch>/codex/chainhash-m2-adjacent/smhasher3/hashes/sha2.cpp:319:4: warning: '$' in identifier [-Wdollar-in-identifier-extension]
  319 |    $.verification_LE = 0x36C55CA5,
      |    ^
<scratch>/codex/chainhash-m2-adjacent/smhasher3/hashes/sha2.cpp:320:4: warning: '$' in identifier [-Wdollar-in-identifier-extension]
  320 |    $.verification_BE = 0x8C3C0B2A,
      |    ^
<scratch>/codex/chainhash-m2-adjacent/smhasher3/hashes/sha2.cpp:321:4: warning: '$' in identifier [-Wdollar-in-identifier-extension]
  321 |    $.initfn          = SHA256_test,
      |    ^
<scratch>/codex/chainhash-m2-adjacent/smhasher3/hashes/sha2.cpp:322:4: warning: '$' in identifier [-Wdollar-in-identifier-extension]
  322 |    $.hashfn_native   = SHA224<64, false>,
      |    ^
<scratch>/codex/chainhash-m2-adjacent/smhasher3/hashes/sha2.cpp:323:4: warning: '$' in identifier [-Wdollar-in-identifier-extension]
  323 |    $.hashfn_bswap    = SHA224<64, true>
      |    ^
<scratch>/codex/chainhash-m2-adjacent/smhasher3/hashes/sha2.cpp:327:4: warning: '$' in identifier [-Wdollar-in-identifier-extension]
  327 |    $.desc       = "SHA-224",
      |    ^
<scratch>/codex/chainhash-m2-adjacent/smhasher3/hashes/sha2.cpp:328:4: warning: '$' in identifier [-Wdollar-in-identifier-extension]
  328 |    $.impl       = SHA2_IMPL_STR,
      |    ^
<scratch>/codex/chainhash-m2-adjacent/smhasher3/hashes/sha2.cpp:329:4: warning: '$' in identifier [-Wdollar-in-identifier-extension]
  329 |    $.hash_flags =
      |    ^
<scratch>/codex/chainhash-m2-adjacent/smhasher3/hashes/sha2.cpp:333:4: warning: '$' in identifier [-Wdollar-in-identifier-extension]
  333 |    $.impl_flags =
      |    ^
<scratch>/codex/chainhash-m2-adjacent/smhasher3/hashes/sha2.cpp:339:4: warning: '$' in identifier [-Wdollar-in-identifier-extension]
  339 |    $.bits = 224,
      |    ^
<scratch>/codex/chainhash-m2-adjacent/smhasher3/hashes/sha2.cpp:340:4: warning: '$' in identifier [-Wdollar-in-identifier-extension]
  340 |    $.verification_LE = 0x6BA219E5,
      |    ^
<scratch>/codex/chainhash-m2-adjacent/smhasher3/hashes/sha2.cpp:341:4: warning: '$' in identifier [-Wdollar-in-identifier-extension]
  341 |    $.verification_BE = 0x56F30297,
      |    ^
<scratch>/codex/chainhash-m2-adjacent/smhasher3/hashes/sha2.cpp:342:4: warning: '$' in identifier [-Wdollar-in-identifier-extension]
  342 |    $.initfn          = SHA256_test,
      |    ^
<scratch>/codex/chainhash-m2-adjacent/smhasher3/hashes/sha2.cpp:343:4: warning: '$' in identifier [-Wdollar-in-identifier-extension]
  343 |    $.hashfn_native   = SHA224<224, false>,
      |    ^
<scratch>/codex/chainhash-m2-adjacent/smhasher3/hashes/sha2.cpp:344:4: warning: '$' in identifier [-Wdollar-in-identifier-extension]
  344 |    $.hashfn_bswap    = SHA224<224, true>
      |    ^
48 warnings generated.
[ 44%] Building CXX object CMakeFiles/SMHasher3Hashlib.dir/hashes/rainstorm.cpp.o
In file included from <scratch>/codex/chainhash-m2-adjacent/smhasher3/hashes/rainstorm.cpp:24:
<scratch>/codex/chainhash-m2-adjacent/smhasher3/include/hashlib/Hashlib.h:44:20: warning: '$' in identifier [-Wdollar-in-identifier-extension]
   44 |     HashFamilyInfo $(#N);                          \
      |                    ^
<scratch>/codex/chainhash-m2-adjacent/smhasher3/include/hashlib/Hashlib.h:46:12: warning: '$' in identifier [-Wdollar-in-identifier-extension]
   46 |     return $;                                      \
      |            ^
<scratch>/codex/chainhash-m2-adjacent/smhasher3/include/hashlib/Hashlib.h:54:14: warning: '$' in identifier [-Wdollar-in-identifier-extension]
   54 |     HashInfo $(#N, THIS_HASH_FAMILY.name);       \
      |              ^
<scratch>/codex/chainhash-m2-adjacent/smhasher3/include/hashlib/Hashlib.h:56:20: warning: '$' in identifier [-Wdollar-in-identifier-extension]
   56 |     register_hash(&$);                           \
      |                    ^
<scratch>/codex/chainhash-m2-adjacent/smhasher3/include/hashlib/Hashlib.h:57:12: warning: '$' in identifier [-Wdollar-in-identifier-extension]
   57 |     return $;                                    \
      |            ^
<scratch>/codex/chainhash-m2-adjacent/smhasher3/hashes/rainstorm.cpp:153:4: warning: '$' in identifier [-Wdollar-in-identifier-extension]
  153 |    $.src_url    = "https://github.com/dosyago/rain",
      |    ^
<scratch>/codex/chainhash-m2-adjacent/smhasher3/hashes/rainstorm.cpp:154:4: warning: '$' in identifier [-Wdollar-in-identifier-extension]
  154 |    $.src_status = HashFamilyInfo::SRC_STABLEISH
      |    ^
<scratch>/codex/chainhash-m2-adjacent/smhasher3/hashes/rainstorm.cpp:158:4: warning: '$' in identifier [-Wdollar-in-identifier-extension]
  158 |    $.desc       = "Rainstorm v3.7.1",
      |    ^
<scratch>/codex/chainhash-m2-adjacent/smhasher3/hashes/rainstorm.cpp:159:4: warning: '$' in identifier [-Wdollar-in-identifier-extension]
  159 |    $.impl_flags =
      |    ^
<scratch>/codex/chainhash-m2-adjacent/smhasher3/hashes/rainstorm.cpp:163:4: warning: '$' in identifier [-Wdollar-in-identifier-extension]
  163 |    $.bits = 64,
      |    ^
<scratch>/codex/chainhash-m2-adjacent/smhasher3/hashes/rainstorm.cpp:164:4: warning: '$' in identifier [-Wdollar-in-identifier-extension]
  164 |    $.verification_LE = 0xCECC05CE,
      |    ^
<scratch>/codex/chainhash-m2-adjacent/smhasher3/hashes/rainstorm.cpp:165:4: warning: '$' in identifier [-Wdollar-in-identifier-extension]
  165 |    $.verification_BE = 0xAE017C49,
      |    ^
<scratch>/codex/chainhash-m2-adjacent/smhasher3/hashes/rainstorm.cpp:166:4: warning: '$' in identifier [-Wdollar-in-identifier-extension]
  166 |    $.hashfn_native   = rainstorm<64, false>,
      |    ^
<scratch>/codex/chainhash-m2-adjacent/smhasher3/hashes/rainstorm.cpp:167:4: warning: '$' in identifier [-Wdollar-in-identifier-extension]
  167 |    $.hashfn_bswap    = rainstorm<64, true>
      |    ^
<scratch>/codex/chainhash-m2-adjacent/smhasher3/hashes/rainstorm.cpp:171:4: warning: '$' in identifier [-Wdollar-in-identifier-extension]
  171 |    $.desc       = "Rainstorm 128-bit v3.7.1",
      |    ^
<scratch>/codex/chainhash-m2-adjacent/smhasher3/hashes/rainstorm.cpp:172:4: warning: '$' in identifier [-Wdollar-in-identifier-extension]
  172 |    $.impl_flags =
      |    ^
<scratch>/codex/chainhash-m2-adjacent/smhasher3/hashes/rainstorm.cpp:176:4: warning: '$' in identifier [-Wdollar-in-identifier-extension]
  176 |    $.bits = 128,
      |    ^
<scratch>/codex/chainhash-m2-adjacent/smhasher3/hashes/rainstorm.cpp:177:4: warning: '$' in identifier [-Wdollar-in-identifier-extension]
  177 |    $.verification_LE = 0xD6D12547,
      |    ^
<scratch>/codex/chainhash-m2-adjacent/smhasher3/hashes/rainstorm.cpp:178:4: warning: '$' in identifier [-Wdollar-in-identifier-extension]
  178 |    $.verification_BE = 0x2808847F,
      |    ^
<scratch>/codex/chainhash-m2-adjacent/smhasher3/hashes/rainstorm.cpp:179:4: warning: '$' in identifier [-Wdollar-in-identifier-extension]
  179 |    $.hashfn_native   = rainstorm<128, false>,
      |    ^
<scratch>/codex/chainhash-m2-adjacent/smhasher3/hashes/rainstorm.cpp:180:4: warning: '$' in identifier [-Wdollar-in-identifier-extension]
  180 |    $.hashfn_bswap    = rainstorm<128, true>
      |    ^
<scratch>/codex/chainhash-m2-adjacent/smhasher3/hashes/rainstorm.cpp:184:4: warning: '$' in identifier [-Wdollar-in-identifier-extension]
  184 |    $.desc       = "Rainstorm 256-bit v3.7.1",
      |    ^
<scratch>/codex/chainhash-m2-adjacent/smhasher3/hashes/rainstorm.cpp:185:4: warning: '$' in identifier [-Wdollar-in-identifier-extension]
  185 |    $.impl_flags =
      |    ^
<scratch>/codex/chainhash-m2-adjacent/smhasher3/hashes/rainstorm.cpp:189:4: warning: '$' in identifier [-Wdollar-in-identifier-extension]
  189 |    $.bits = 256,
      |    ^
<scratch>/codex/chainhash-m2-adjacent/smhasher3/hashes/rainstorm.cpp:190:4: warning: '$' in identifier [-Wdollar-in-identifier-extension]
  190 |    $.verification_LE = 0x72D3356F,
      |    ^
<scratch>/codex/chainhash-m2-adjacent/smhasher3/hashes/rainstorm.cpp:191:4: warning: '$' in identifier [-Wdollar-in-identifier-extension]
  191 |    $.verification_BE = 0xCDE69A9D,
      |    ^
<scratch>/codex/chainhash-m2-adjacent/smhasher3/hashes/rainstorm.cpp:192:4: warning: '$' in identifier [-Wdollar-in-identifier-extension]
  192 |    $.hashfn_native   = rainstorm<256, false>,
      |    ^
<scratch>/codex/chainhash-m2-adjacent/smhasher3/hashes/rainstorm.cpp:193:4: warning: '$' in identifier [-Wdollar-in-identifier-extension]
  193 |    $.hashfn_bswap    = rainstorm<256, true>
      |    ^
24 warnings generated.
[ 45%] Building CXX object CMakeFiles/SMHasher3Hashlib.dir/hashes/sha1.cpp.o
28 warnings generated.
[ 45%] Building CXX object CMakeFiles/SMHasher3Hashlib.dir/hashes/farsh.cpp.o
[ 46%] Building CXX object CMakeFiles/SMHasher3Tests.dir/tests/SeedBitflipTest.cpp.o
In file included from <scratch>/codex/chainhash-m2-adjacent/smhasher3/hashes/sha1.cpp:40:
<scratch>/codex/chainhash-m2-adjacent/smhasher3/include/hashlib/Hashlib.h:44:20: warning: '$' in identifier [-Wdollar-in-identifier-extension]
   44 |     HashFamilyInfo $(#N);                          \
      |                    ^
<scratch>/codex/chainhash-m2-adjacent/smhasher3/include/hashlib/Hashlib.h:46:12: warning: '$' in identifier [-Wdollar-in-identifier-extension]
   46 |     return $;                                      \
      |            ^
<scratch>/codex/chainhash-m2-adjacent/smhasher3/include/hashlib/Hashlib.h:54:14: warning: '$' in identifier [-Wdollar-in-identifier-extension]
   54 |     HashInfo $(#N, THIS_HASH_FAMILY.name);       \
      |              ^
<scratch>/codex/chainhash-m2-adjacent/smhasher3/include/hashlib/Hashlib.h:56:20: warning: '$' in identifier [-Wdollar-in-identifier-extension]
   56 |     register_hash(&$);                           \
      |                    ^
<scratch>/codex/chainhash-m2-adjacent/smhasher3/include/hashlib/Hashlib.h:57:12: warning: '$' in identifier [-Wdollar-in-identifier-extension]
   57 |     return $;                                    \
      |            ^
<scratch>/codex/chainhash-m2-adjacent/smhasher3/hashes/sha1.cpp:186:13: warning: 'sprintf' is deprecated: This function is provided for compatibility reasons only.  Due to security concerns inherent in the design of sprintf(3), it is highly recommended that you use snprintf(3) instead. [-Wdeprecated-declarations]
  186 |             sprintf(c, "%02X", digest[i * 4 + j]);
      |             ^
/Library/Developer/CommandLineTools/SDKs/MacOSX.sdk/usr/include/_stdio.h:278:1: note: 'sprintf' has been explicitly marked deprecated here
  278 | __deprecated_msg("This function is provided for compatibility reasons only.  Due to security concerns inherent in the design of sprintf(3), it is highly recommended that you use snprintf(3) instead.")
      | ^
/Library/Developer/CommandLineTools/SDKs/MacOSX.sdk/usr/include/sys/cdefs.h:227:48: note: expanded from macro '__deprecated_msg'
  227 |         #define __deprecated_msg(_msg) __attribute__((__deprecated__(_msg)))
      |                                                       ^
<scratch>/codex/chainhash-m2-adjacent/smhasher3/hashes/sha1.cpp:189:9: warning: 'sprintf' is deprecated: This function is provided for compatibility reasons only.  Due to security concerns inherent in the design of sprintf(3), it is highly recommended that you use snprintf(3) instead. [-Wdeprecated-declarations]
  189 |         sprintf(c, " ");
      |         ^
/Library/Developer/CommandLineTools/SDKs/MacOSX.sdk/usr/include/_stdio.h:278:1: note: 'sprintf' has been explicitly marked deprecated here
  278 | __deprecated_msg("This function is provided for compatibility reasons only.  Due to security concerns inherent in the design of sprintf(3), it is highly recommended that you use snprintf(3) instead.")
      | ^
/Library/Developer/CommandLineTools/SDKs/MacOSX.sdk/usr/include/sys/cdefs.h:227:48: note: expanded from macro '__deprecated_msg'
  227 |         #define __deprecated_msg(_msg) __attribute__((__deprecated__(_msg)))
      |                                                       ^
<scratch>/codex/chainhash-m2-adjacent/smhasher3/hashes/sha1.cpp:245:4: warning: '$' in identifier [-Wdollar-in-identifier-extension]
  245 |    $.src_url    = "https://github.com/noloader/SHA-Intrinsics",
      |    ^
<scratch>/codex/chainhash-m2-adjacent/smhasher3/hashes/sha1.cpp:246:4: warning: '$' in identifier [-Wdollar-in-identifier-extension]
  246 |    $.src_status = HashFamilyInfo::SRC_FROZEN
      |    ^
<scratch>/codex/chainhash-m2-adjacent/smhasher3/hashes/sha1.cpp:250:4: warning: '$' in identifier [-Wdollar-in-identifier-extension]
  250 |    $.desc       = "SHA-1, bits 0-31",
      |    ^
<scratch>/codex/chainhash-m2-adjacent/smhasher3/hashes/sha1.cpp:251:4: warning: '$' in identifier [-Wdollar-in-identifier-extension]
  251 |    $.impl       = SHA1_IMPL_STR,
      |    ^
<scratch>/codex/chainhash-m2-adjacent/smhasher3/hashes/sha1.cpp:252:4: warning: '$' in identifier [-Wdollar-in-identifier-extension]
  252 |    $.hash_flags =
      |    ^
<scratch>/codex/chainhash-m2-adjacent/smhasher3/hashes/sha1.cpp:257:4: warning: '$' in identifier [-Wdollar-in-identifier-extension]
  257 |    $.impl_flags =
      |    ^
<scratch>/codex/chainhash-m2-adjacent/smhasher3/hashes/sha1.cpp:263:4: warning: '$' in identifier [-Wdollar-in-identifier-extension]
  263 |    $.bits = 32,
      |    ^
<scratch>/codex/chainhash-m2-adjacent/smhasher3/hashes/sha1.cpp:264:4: warning: '$' in identifier [-Wdollar-in-identifier-extension]
  264 |    $.verification_LE = 0xF0E4D9E9,
      |    ^
<scratch>/codex/chainhash-m2-adjacent/smhasher3/hashes/sha1.cpp:265:4: warning: '$' in identifier [-Wdollar-in-identifier-extension]
  265 |    $.verification_BE = 0xE00EF4D6,
      |    ^
<scratch>/codex/chainhash-m2-adjacent/smhasher3/hashes/sha1.cpp:266:4: warning: '$' in identifier [-Wdollar-in-identifier-extension]
  266 |    $.initfn          = SHA1_test,
      |    ^
<scratch>/codex/chainhash-m2-adjacent/smhasher3/hashes/sha1.cpp:267:4: warning: '$' in identifier [-Wdollar-in-identifier-extension]
  267 |    $.hashfn_native   = SHA1<32, false>,
      |    ^
<scratch>/codex/chainhash-m2-adjacent/smhasher3/hashes/sha1.cpp:268:4: warning: '$' in identifier [-Wdollar-in-identifier-extension]
  268 |    $.hashfn_bswap    = SHA1<32, true>
      |    ^
<scratch>/codex/chainhash-m2-adjacent/smhasher3/hashes/sha1.cpp:272:4: warning: '$' in identifier [-Wdollar-in-identifier-extension]
  272 |    $.desc       = "SHA-1, bits 0-63",
      |    ^
<scratch>/codex/chainhash-m2-adjacent/smhasher3/hashes/sha1.cpp:273:4: warning: '$' in identifier [-Wdollar-in-identifier-extension]
  273 |    $.impl       = SHA1_IMPL_STR,
      |    ^
<scratch>/codex/chainhash-m2-adjacent/smhasher3/hashes/sha1.cpp:274:4: warning: '$' in identifier [-Wdollar-in-identifier-extension]
  274 |    $.hash_flags =
      |    ^
<scratch>/codex/chainhash-m2-adjacent/smhasher3/hashes/sha1.cpp:279:4: warning: '$' in identifier [-Wdollar-in-identifier-extension]
  279 |    $.impl_flags =
      |    ^
<scratch>/codex/chainhash-m2-adjacent/smhasher3/hashes/sha1.cpp:285:4: warning: '$' in identifier [-Wdollar-in-identifier-extension]
  285 |    $.bits = 64,
      |    ^
<scratch>/codex/chainhash-m2-adjacent/smhasher3/hashes/sha1.cpp:286:4: warning: '$' in identifier [-Wdollar-in-identifier-extension]
  286 |    $.verification_LE = 0x36801ECB,
      |    ^
<scratch>/codex/chainhash-m2-adjacent/smhasher3/hashes/sha1.cpp:287:4: warning: '$' in identifier [-Wdollar-in-identifier-extension]
  287 |    $.verification_BE = 0xFC26F4C7,
      |    ^
<scratch>/codex/chainhash-m2-adjacent/smhasher3/hashes/sha1.cpp:288:4: warning: '$' in identifier [-Wdollar-in-identifier-extension]
  288 |    $.initfn          = SHA1_test,
      |    ^
<scratch>/codex/chainhash-m2-adjacent/smhasher3/hashes/sha1.cpp:289:4: warning: '$' in identifier [-Wdollar-in-identifier-extension]
  289 |    $.hashfn_native   = SHA1<64, false>,
      |    ^
<scratch>/codex/chainhash-m2-adjacent/smhasher3/hashes/sha1.cpp:290:4: warning: '$' in identifier [-Wdollar-in-identifier-extension]
  290 |    $.hashfn_bswap    = SHA1<64, true>
      |    ^
<scratch>/codex/chainhash-m2-adjacent/smhasher3/hashes/sha1.cpp:294:4: warning: '$' in identifier [-Wdollar-in-identifier-extension]
  294 |    $.desc       = "SHA-1",
      |    ^
<scratch>/codex/chainhash-m2-adjacent/smhasher3/hashes/sha1.cpp:295:4: warning: '$' in identifier [-Wdollar-in-identifier-extension]
  295 |    $.impl       = SHA1_IMPL_STR,
      |    ^
<scratch>/codex/chainhash-m2-adjacent/smhasher3/hashes/sha1.cpp:296:4: warning: '$' in identifier [-Wdollar-in-identifier-extension]
  296 |    $.hash_flags =
      |    ^
<scratch>/codex/chainhash-m2-adjacent/smhasher3/hashes/sha1.cpp:301:4: warning: '$' in identifier [-Wdollar-in-identifier-extension]
  301 |    $.impl_flags =
      |    ^
<scratch>/codex/chainhash-m2-adjacent/smhasher3/hashes/sha1.cpp:307:4: warning: '$' in identifier [-Wdollar-in-identifier-extension]
  307 |    $.bits = 128,
      |    ^
<scratch>/codex/chainhash-m2-adjacent/smhasher3/hashes/sha1.cpp:308:4: warning: '$' in identifier [-Wdollar-in-identifier-extension]
  308 |    $.verification_LE = 0xE444A591,
      |    ^
<scratch>/codex/chainhash-m2-adjacent/smhasher3/hashes/sha1.cpp:309:4: warning: '$' in identifier [-Wdollar-in-identifier-extension]
  309 |    $.verification_BE = 0x35E00C29,
      |    ^
<scratch>/codex/chainhash-m2-adjacent/smhasher3/hashes/sha1.cpp:310:4: warning: '$' in identifier [-Wdollar-in-identifier-extension]
  310 |    $.initfn          = SHA1_test,
      |    ^
<scratch>/codex/chainhash-m2-adjacent/smhasher3/hashes/sha1.cpp:311:4: warning: '$' in identifier [-Wdollar-in-identifier-extension]
  311 |    $.hashfn_native   = SHA1<128, false>,
      |    ^
<scratch>/codex/chainhash-m2-adjacent/smhasher3/hashes/sha1.cpp:312:4: warning: '$' in identifier [-Wdollar-in-identifier-extension]
  312 |    $.hashfn_bswap    = SHA1<128, true>
      |    ^
In file included from <scratch>/codex/chainhash-m2-adjacent/smhasher3/hashes/farsh.cpp:28:
<scratch>/codex/chainhash-m2-adjacent/smhasher3/include/hashlib/Hashlib.h:44:20: warning: '$' in identifier [-Wdollar-in-identifier-extension]
   44 |     HashFamilyInfo $(#N);                          \
      |                    ^
<scratch>/codex/chainhash-m2-adjacent/smhasher3/include/hashlib/Hashlib.h:46:12: warning: '$' in identifier [-Wdollar-in-identifier-extension]
   46 |     return $;                                      \
      |            ^
<scratch>/codex/chainhash-m2-adjacent/smhasher3/include/hashlib/Hashlib.h:54:14: warning: '$' in identifier [-Wdollar-in-identifier-extension]
   54 |     HashInfo $(#N, THIS_HASH_FAMILY.name);       \
      |              ^
<scratch>/codex/chainhash-m2-adjacent/smhasher3/include/hashlib/Hashlib.h:56:20: warning: '$' in identifier [-Wdollar-in-identifier-extension]
   56 |     register_hash(&$);                           \
      |                    ^
<scratch>/codex/chainhash-m2-adjacent/smhasher3/include/hashlib/Hashlib.h:57:12: warning: '$' in identifier [-Wdollar-in-identifier-extension]
   57 |     return $;                                    \
      |            ^
<scratch>/codex/chainhash-m2-adjacent/smhasher3/hashes/farsh.cpp:272:4: warning: '$' in identifier [-Wdollar-in-identifier-extension]
  272 |    $.src_url    = "https://github.com/Bulat-Ziganshin/FARSH",
      |    ^
<scratch>/codex/chainhash-m2-adjacent/smhasher3/hashes/farsh.cpp:273:4: warning: '$' in identifier [-Wdollar-in-identifier-extension]
  273 |    $.src_status = HashFamilyInfo::SRC_FROZEN
      |    ^
<scratch>/codex/chainhash-m2-adjacent/smhasher3/hashes/farsh.cpp:277:4: warning: '$' in identifier [-Wdollar-in-identifier-extension]
  277 |    $.desc       = "FARSH 32-bit (1 hash output)",
      |    ^
<scratch>/codex/chainhash-m2-adjacent/smhasher3/hashes/farsh.cpp:278:4: warning: '$' in identifier [-Wdollar-in-identifier-extension]
  278 |    $.impl       = FARSH_IMPL_STR,
      |    ^
<scratch>/codex/chainhash-m2-adjacent/smhasher3/hashes/farsh.cpp:279:4: warning: '$' in identifier [-Wdollar-in-identifier-extension]
  279 |    $.hash_flags =
      |    ^
<scratch>/codex/chainhash-m2-adjacent/smhasher3/hashes/farsh.cpp:281:4: warning: '$' in identifier [-Wdollar-in-identifier-extension]
  281 |    $.impl_flags =
      |    ^
<scratch>/codex/chainhash-m2-adjacent/smhasher3/hashes/farsh.cpp:285:4: warning: '$' in identifier [-Wdollar-in-identifier-extension]
  285 |    $.bits = 32,
      |    ^
<scratch>/codex/chainhash-m2-adjacent/smhasher3/hashes/farsh.cpp:286:4: warning: '$' in identifier [-Wdollar-in-identifier-extension]
  286 |    $.verification_LE = 0xBCDE332C,
      |    ^
<scratch>/codex/chainhash-m2-adjacent/smhasher3/hashes/farsh.cpp:287:4: warning: '$' in identifier [-Wdollar-in-identifier-extension]
  287 |    $.verification_BE = 0x1AD2B744,
      |    ^
<scratch>/codex/chainhash-m2-adjacent/smhasher3/hashes/farsh.cpp:288:4: warning: '$' in identifier [-Wdollar-in-identifier-extension]
  288 |    $.hashfn_native   = farsh<false, false, 1>,
      |    ^
<scratch>/codex/chainhash-m2-adjacent/smhasher3/hashes/farsh.cpp:289:4: warning: '$' in identifier [-Wdollar-in-identifier-extension]
  289 |    $.hashfn_bswap    = farsh<false, true, 1>,
      |    ^
<scratch>/codex/chainhash-m2-adjacent/smhasher3/hashes/farsh.cpp:290:4: warning: '$' in identifier [-Wdollar-in-identifier-extension]
  290 |    $.badseeddesc     = "All seeds collide on keys of all zero bytes of length < 8"
      |    ^
<scratch>/codex/chainhash-m2-adjacent/smhasher3/hashes/farsh.cpp:294:4: warning: '$' in identifier [-Wdollar-in-identifier-extension]
  294 |    $.desc       = "FARSH 32-bit (1 hash output, tweaked to include key len)",
      |    ^
<scratch>/codex/chainhash-m2-adjacent/smhasher3/hashes/farsh.cpp:295:4: warning: '$' in identifier [-Wdollar-in-identifier-extension]
  295 |    $.impl       = FARSH_IMPL_STR,
      |    ^
<scratch>/codex/chainhash-m2-adjacent/smhasher3/hashes/farsh.cpp:296:4: warning: '$' in identifier [-Wdollar-in-identifier-extension]
  296 |    $.hash_flags =
      |    ^
<scratch>/codex/chainhash-m2-adjacent/smhasher3/hashes/farsh.cpp:298:4: warning: '$' in identifier [-Wdollar-in-identifier-extension]
  298 |    $.impl_flags =
      |    ^
<scratch>/codex/chainhash-m2-adjacent/smhasher3/hashes/farsh.cpp:301:4: warning: '$' in identifier [-Wdollar-in-identifier-extension]
  301 |    $.bits = 32,
      |    ^
<scratch>/codex/chainhash-m2-adjacent/smhasher3/hashes/farsh.cpp:302:4: warning: '$' in identifier [-Wdollar-in-identifier-extension]
  302 |    $.verification_LE = 0x866BC8B2,
      |    ^
<scratch>/codex/chainhash-m2-adjacent/smhasher3/hashes/farsh.cpp:303:4: warning: '$' in identifier [-Wdollar-in-identifier-extension]
  303 |    $.verification_BE = 0x96B4B444,
      |    ^
<scratch>/codex/chainhash-m2-adjacent/smhasher3/hashes/farsh.cpp:304:4: warning: '$' in identifier [-Wdollar-in-identifier-extension]
  304 |    $.hashfn_native   = farsh<true, false, 1>,
      |    ^
<scratch>/codex/chainhash-m2-adjacent/smhasher3/hashes/farsh.cpp:305:4: warning: '$' in identifier [-Wdollar-in-identifier-extension]
  305 |    $.hashfn_bswap    = farsh<true, true, 1>
      |    ^
<scratch>/codex/chainhash-m2-adjacent/smhasher3/hashes/farsh.cpp:309:4: warning: '$' in identifier [-Wdollar-in-identifier-extension]
  309 |    $.desc       = "FARSH 64-bit (2 hash outputs)",
      |    ^
<scratch>/codex/chainhash-m2-adjacent/smhasher3/hashes/farsh.cpp:310:4: warning: '$' in identifier [-Wdollar-in-identifier-extension]
  310 |    $.impl       = FARSH_IMPL_STR,
      |    ^
<scratch>/codex/chainhash-m2-adjacent/smhasher3/hashes/farsh.cpp:311:4: warning: '$' in identifier [-Wdollar-in-identifier-extension]
  311 |    $.hash_flags =
      |    ^
<scratch>/codex/chainhash-m2-adjacent/smhasher3/hashes/farsh.cpp:313:4: warning: '$' in identifier [-Wdollar-in-identifier-extension]
  313 |    $.impl_flags =
      |    ^
<scratch>/codex/chainhash-m2-adjacent/smhasher3/hashes/farsh.cpp:317:4: warning: '$' in identifier [-Wdollar-in-identifier-extension]
  317 |    $.bits = 64,
      |    ^
<scratch>/codex/chainhash-m2-adjacent/smhasher3/hashes/farsh.cpp:318:4: warning: '$' in identifier [-Wdollar-in-identifier-extension]
  318 |    $.verification_LE = 0xDE2FDAEE,
      |    ^
<scratch>/codex/chainhash-m2-adjacent/smhasher3/hashes/farsh.cpp:319:4: warning: '$' in identifier [-Wdollar-in-identifier-extension]
  319 |    $.verification_BE = 0xEFE7812E,
      |    ^
<scratch>/codex/chainhash-m2-adjacent/smhasher3/hashes/farsh.cpp:320:4: warning: '$' in identifier [-Wdollar-in-identifier-extension]
  320 |    $.hashfn_native   = farsh<false, false, 2>,
      |    ^
<scratch>/codex/chainhash-m2-adjacent/smhasher3/hashes/farsh.cpp:321:4: warning: '$' in identifier [-Wdollar-in-identifier-extension]
  321 |    $.hashfn_bswap    = farsh<false, true, 2>,
      |    ^
<scratch>/codex/chainhash-m2-adjacent/smhasher3/hashes/farsh.cpp:322:4: warning: '$' in identifier [-Wdollar-in-identifier-extension]
  322 |    $.badseeddesc     = "All seeds collide on keys of all zero bytes of length < 8"
      |    ^
<scratch>/codex/chainhash-m2-adjacent/smhasher3/hashes/farsh.cpp:326:4: warning: '$' in identifier [-Wdollar-in-identifier-extension]
  326 |    $.desc       = "FARSH 64-bit (2 hash outputs, tweaked to include key len)",
      |    ^
<scratch>/codex/chainhash-m2-adjacent/smhasher3/hashes/farsh.cpp:327:4: warning: '$' in identifier [-Wdollar-in-identifier-extension]
  327 |    $.impl       = FARSH_IMPL_STR,
      |    ^
<scratch>/codex/chainhash-m2-adjacent/smhasher3/hashes/farsh.cpp:328:4: warning: '$' in identifier [-Wdollar-in-identifier-extension]
  328 |    $.hash_flags =
      |    ^
<scratch>/codex/chainhash-m2-adjacent/smhasher3/hashes/farsh.cpp:330:4: warning: '$' in identifier [-Wdollar-in-identifier-extension]
  330 |    $.impl_flags =
      |    ^
<scratch>/codex/chainhash-m2-adjacent/smhasher3/hashes/farsh.cpp:333:4: warning: '$' in identifier [-Wdollar-in-identifier-extension]
  333 |    $.bits = 64,
      |    ^
<scratch>/codex/chainhash-m2-adjacent/smhasher3/hashes/farsh.cpp:334:4: warning: '$' in identifier [-Wdollar-in-identifier-extension]
  334 |    $.verification_LE = 0x0EB4FFC9,
      |    ^
<scratch>/codex/chainhash-m2-adjacent/smhasher3/hashes/farsh.cpp:335:4: warning: '$' in identifier [-Wdollar-in-identifier-extension]
  335 |    $.verification_BE = 0xEC8F46D4,
      |    ^
<scratch>/codex/chainhash-m2-adjacent/smhasher3/hashes/farsh.cpp:336:4: warning: '$' in identifier [-Wdollar-in-identifier-extension]
  336 |    $.hashfn_native   = farsh<true, false, 2>,
      |    ^
<scratch>/codex/chainhash-m2-adjacent/smhasher3/hashes/farsh.cpp:337:4: warning: '$' in identifier [-Wdollar-in-identifier-extension]
  337 |    $.hashfn_bswap    = farsh<true, true, 2>
      |    ^
<scratch>/codex/chainhash-m2-adjacent/smhasher3/hashes/farsh.cpp:341:4: warning: '$' in identifier [-Wdollar-in-identifier-extension]
  341 |    $.desc       = "FARSH 128-bit (4 hash outputs)",
      |    ^
<scratch>/codex/chainhash-m2-adjacent/smhasher3/hashes/farsh.cpp:342:4: warning: '$' in identifier [-Wdollar-in-identifier-extension]
  342 |    $.impl       = FARSH_IMPL_STR,
      |    ^
<scratch>/codex/chainhash-m2-adjacent/smhasher3/hashes/farsh.cpp:343:4: warning: '$' in identifier [-Wdollar-in-identifier-extension]
  343 |    $.hash_flags =
      |    ^
<scratch>/codex/chainhash-m2-adjacent/smhasher3/hashes/farsh.cpp:345:4: warning: '$' in identifier [-Wdollar-in-identifier-extension]
  345 |    $.impl_flags =
      |    ^
<scratch>/codex/chainhash-m2-adjacent/smhasher3/hashes/farsh.cpp:350:4: warning: '$' in identifier [-Wdollar-in-identifier-extension]
  350 |    $.bits = 128,
      |    ^
<scratch>/codex/chainhash-m2-adjacent/smhasher3/hashes/farsh.cpp:351:4: warning: '$' in identifier [-Wdollar-in-identifier-extension]
  351 |    $.verification_LE = 0x82B6CBEC,
      |    ^
<scratch>/codex/chainhash-m2-adjacent/smhasher3/hashes/farsh.cpp:352:4: warning: '$' in identifier [-Wdollar-in-identifier-extension]
  352 |    $.verification_BE = 0x51150D39,
      |    ^
<scratch>/codex/chainhash-m2-adjacent/smhasher3/hashes/farsh.cpp:353:4: warning: '$' in identifier [-Wdollar-in-identifier-extension]
  353 |    $.hashfn_native   = farsh<false, false, 4>,
      |    ^
<scratch>/codex/chainhash-m2-adjacent/smhasher3/hashes/farsh.cpp:354:4: warning: '$' in identifier [-Wdollar-in-identifier-extension]
  354 |    $.hashfn_bswap    = farsh<false, true, 4>,
      |    ^
<scratch>/codex/chainhash-m2-adjacent/smhasher3/hashes/farsh.cpp:355:4: warning: '$' in identifier [-Wdollar-in-identifier-extension]
  355 |    $.badseeddesc     = "All seeds collide on keys of all zero bytes of length < 8"
      |    ^
<scratch>/codex/chainhash-m2-adjacent/smhasher3/hashes/farsh.cpp:359:4: warning: '$' in identifier [-Wdollar-in-identifier-extension]
  359 |    $.desc       = "FARSH 128-bit (4 hash outputs, tweaked to include key len)",
      |    ^
<scratch>/codex/chainhash-m2-adjacent/smhasher3/hashes/farsh.cpp:360:4: warning: '$' in identifier [-Wdollar-in-identifier-extension]
  360 |    $.impl       = FARSH_IMPL_STR,
      |    ^
<scratch>/codex/chainhash-m2-adjacent/smhasher3/hashes/farsh.cpp:361:4: warning: '$' in identifier [-Wdollar-in-identifier-extension]
  361 |    $.hash_flags =
      |    ^
<scratch>/codex/chainhash-m2-adjacent/smhasher3/hashes/farsh.cpp:363:4: warning: '$' in identifier [-Wdollar-in-identifier-extension]
  363 |    $.impl_flags =
      |    ^
<scratch>/codex/chainhash-m2-adjacent/smhasher3/hashes/farsh.cpp:367:4: warning: '$' in identifier [-Wdollar-in-identifier-extension]
  367 |    $.bits = 128,
      |    ^
<scratch>/codex/chainhash-m2-adjacent/smhasher3/hashes/farsh.cpp:368:4: warning: '$' in identifier [-Wdollar-in-identifier-extension]
  368 |    $.verification_LE = 0x302E1139,
      |    ^
<scratch>/codex/chainhash-m2-adjacent/smhasher3/hashes/farsh.cpp:369:4: warning: '$' in identifier [-Wdollar-in-identifier-extension]
  369 |    $.verification_BE = 0x7006F129,
      |    ^
<scratch>/codex/chainhash-m2-adjacent/smhasher3/hashes/farsh.cpp:370:4: warning: '$' in identifier [-Wdollar-in-identifier-extension]
  370 |    $.hashfn_native   = farsh<true, false, 4>,
      |    ^
<scratch>/codex/chainhash-m2-adjacent/smhasher3/hashes/farsh.cpp:371:4: warning: '$' in identifier [-Wdollar-in-identifier-extension]
  371 |    $.hashfn_bswap    = farsh<true, true, 4>
      |    ^
<scratch>/codex/chainhash-m2-adjacent/smhasher3/hashes/farsh.cpp:375:4: warning: '$' in identifier [-Wdollar-in-identifier-extension]
  375 |    $.desc       = "FARSH 256-bit (8 hash outputs)",
      |    ^
<scratch>/codex/chainhash-m2-adjacent/smhasher3/hashes/farsh.cpp:376:4: warning: '$' in identifier [-Wdollar-in-identifier-extension]
  376 |    $.impl       = FARSH_IMPL_STR,
      |    ^
<scratch>/codex/chainhash-m2-adjacent/smhasher3/hashes/farsh.cpp:377:4: warning: '$' in identifier [-Wdollar-in-identifier-extension]
  377 |    $.hash_flags =
      |    ^
<scratch>/codex/chainhash-m2-adjacent/smhasher3/hashes/farsh.cpp:379:4: warning: '$' in identifier [-Wdollar-in-identifier-extension]
  379 |    $.impl_flags =
      |    ^
<scratch>/codex/chainhash-m2-adjacent/smhasher3/hashes/farsh.cpp:384:4: warning: '$' in identifier [-Wdollar-in-identifier-extension]
  384 |    $.bits = 256,
      |    ^
<scratch>/codex/chainhash-m2-adjacent/smhasher3/hashes/farsh.cpp:385:4: warning: '$' in identifier [-Wdollar-in-identifier-extension]
  385 |    $.verification_LE = 0xFEBEA0BC,
      |    ^
<scratch>/codex/chainhash-m2-adjacent/smhasher3/hashes/farsh.cpp:386:4: warning: '$' in identifier [-Wdollar-in-identifier-extension]
  386 |    $.verification_BE = 0x75FAC191,
      |    ^
<scratch>/codex/chainhash-m2-adjacent/smhasher3/hashes/farsh.cpp:387:4: warning: '$' in identifier [-Wdollar-in-identifier-extension]
  387 |    $.hashfn_native   = farsh<false, false, 8>,
      |    ^
<scratch>/codex/chainhash-m2-adjacent/smhasher3/hashes/farsh.cpp:388:4: warning: '$' in identifier [-Wdollar-in-identifier-extension]
  388 |    $.hashfn_bswap    = farsh<false, true, 8>,
      |    ^
<scratch>/codex/chainhash-m2-adjacent/smhasher3/hashes/farsh.cpp:389:4: warning: '$' in identifier [-Wdollar-in-identifier-extension]
  389 |    $.badseeddesc     = "All seeds collide on keys of all zero bytes of length < 8"
      |    ^
<scratch>/codex/chainhash-m2-adjacent/smhasher3/hashes/farsh.cpp:393:4: warning: '$' in identifier [-Wdollar-in-identifier-extension]
  393 |    $.desc       = "FARSH 256-bit (8 hash outputs, tweaked to include key len)",
      |    ^
<scratch>/codex/chainhash-m2-adjacent/smhasher3/hashes/farsh.cpp:394:4: warning: '$' in identifier [-Wdollar-in-identifier-extension]
  394 |    $.impl       = FARSH_IMPL_STR,
      |    ^
<scratch>/codex/chainhash-m2-adjacent/smhasher3/hashes/farsh.cpp:395:4: warning: '$' in identifier [-Wdollar-in-identifier-extension]
  395 |    $.hash_flags =
      |    ^
<scratch>/codex/chainhash-m2-adjacent/smhasher3/hashes/farsh.cpp:397:4: warning: '$' in identifier [-Wdollar-in-identifier-extension]
  397 |    $.impl_flags =
      |    ^
<scratch>/codex/chainhash-m2-adjacent/smhasher3/hashes/farsh.cpp:401:4: warning: '$' in identifier [-Wdollar-in-identifier-extension]
  401 |    $.bits = 256,
      |    ^
<scratch>/codex/chainhash-m2-adjacent/smhasher3/hashes/farsh.cpp:402:4: warning: '$' in identifier [-Wdollar-in-identifier-extension]
  402 |    $.verification_LE = 0x7A9B846A,
      |    ^
<scratch>/codex/chainhash-m2-adjacent/smhasher3/hashes/farsh.cpp:403:4: warning: '$' in identifier [-Wdollar-in-identifier-extension]
  403 |    $.verification_BE = 0x1CC7641F,
      |    ^
<scratch>/codex/chainhash-m2-adjacent/smhasher3/hashes/farsh.cpp:404:4: warning: '$' in identifier [-Wdollar-in-identifier-extension]
  404 |    $.hashfn_native   = farsh<true, false, 8>,
      |    ^
<scratch>/codex/chainhash-m2-adjacent/smhasher3/hashes/farsh.cpp:405:4: warning: '$' in identifier [-Wdollar-in-identifier-extension]
  405 |    $.hashfn_bswap    = farsh<true, true, 8>
      |    ^
39 warnings generated.
[ 47%] Building CXX object CMakeFiles/SMHasher3Tests.dir/tests/SeedDifferentialTest.cpp.o
83 warnings generated.
[ 48%] Building CXX object CMakeFiles/SMHasher3Hashlib.dir/hashes/hasshe2.cpp.o
In file included from <scratch>/codex/chainhash-m2-adjacent/smhasher3/hashes/hasshe2.cpp:32:
<scratch>/codex/chainhash-m2-adjacent/smhasher3/include/hashlib/Hashlib.h:44:20: warning: '$' in identifier [-Wdollar-in-identifier-extension]
   44 |     HashFamilyInfo $(#N);                          \
      |                    ^
<scratch>/codex/chainhash-m2-adjacent/smhasher3/include/hashlib/Hashlib.h:46:12: warning: '$' in identifier [-Wdollar-in-identifier-extension]
   46 |     return $;                                      \
      |            ^
<scratch>/codex/chainhash-m2-adjacent/smhasher3/include/hashlib/Hashlib.h:54:14: warning: '$' in identifier [-Wdollar-in-identifier-extension]
   54 |     HashInfo $(#N, THIS_HASH_FAMILY.name);       \
      |              ^
<scratch>/codex/chainhash-m2-adjacent/smhasher3/include/hashlib/Hashlib.h:56:20: warning: '$' in identifier [-Wdollar-in-identifier-extension]
   56 |     register_hash(&$);                           \
      |                    ^
<scratch>/codex/chainhash-m2-adjacent/smhasher3/include/hashlib/Hashlib.h:57:12: warning: '$' in identifier [-Wdollar-in-identifier-extension]
   57 |     return $;                                    \
      |            ^
<scratch>/codex/chainhash-m2-adjacent/smhasher3/hashes/hasshe2.cpp:288:4: warning: '$' in identifier [-Wdollar-in-identifier-extension]
  288 |    $.src_url    = "http://cessu.blogspot.com/2008/11/hashing-with-sse2-revisited-or-my-hash.html",
      |    ^
<scratch>/codex/chainhash-m2-adjacent/smhasher3/hashes/hasshe2.cpp:289:4: warning: '$' in identifier [-Wdollar-in-identifier-extension]
  289 |    $.src_status = HashFamilyInfo::SRC_FROZEN
      |    ^
<scratch>/codex/chainhash-m2-adjacent/smhasher3/hashes/hasshe2.cpp:293:4: warning: '$' in identifier [-Wdollar-in-identifier-extension]
  293 |    $.desc       = "hasshe2 (SSE2-oriented hash)",
      |    ^
<scratch>/codex/chainhash-m2-adjacent/smhasher3/hashes/hasshe2.cpp:294:4: warning: '$' in identifier [-Wdollar-in-identifier-extension]
  294 |    $.impl       = HASSHE2_IMPL_STR,
      |    ^
<scratch>/codex/chainhash-m2-adjacent/smhasher3/hashes/hasshe2.cpp:295:4: warning: '$' in identifier [-Wdollar-in-identifier-extension]
  295 |    $.hash_flags =
      |    ^
<scratch>/codex/chainhash-m2-adjacent/smhasher3/hashes/hasshe2.cpp:297:4: warning: '$' in identifier [-Wdollar-in-identifier-extension]
  297 |    $.impl_flags =
      |    ^
<scratch>/codex/chainhash-m2-adjacent/smhasher3/hashes/hasshe2.cpp:302:4: warning: '$' in identifier [-Wdollar-in-identifier-extension]
  302 |    $.bits = 256,
      |    ^
<scratch>/codex/chainhash-m2-adjacent/smhasher3/hashes/hasshe2.cpp:303:4: warning: '$' in identifier [-Wdollar-in-identifier-extension]
  303 |    $.verification_LE = 0x68CBC5F1,
      |    ^
<scratch>/codex/chainhash-m2-adjacent/smhasher3/hashes/hasshe2.cpp:304:4: warning: '$' in identifier [-Wdollar-in-identifier-extension]
  304 |    $.verification_BE = 0x562ECEB4,
      |    ^
<scratch>/codex/chainhash-m2-adjacent/smhasher3/hashes/hasshe2.cpp:305:4: warning: '$' in identifier [-Wdollar-in-identifier-extension]
  305 |    $.hashfn_native   = Hasshe2<true, false>,
      |    ^
<scratch>/codex/chainhash-m2-adjacent/smhasher3/hashes/hasshe2.cpp:306:4: warning: '$' in identifier [-Wdollar-in-identifier-extension]
  306 |    $.hashfn_bswap    = Hasshe2<true, true>,
      |    ^
<scratch>/codex/chainhash-m2-adjacent/smhasher3/hashes/hasshe2.cpp:307:4: warning: '$' in identifier [-Wdollar-in-identifier-extension]
  307 |    $.badseeddesc     = "All seeds collide on keys of all zero bytes when (len/16) is constant."
      |    ^
<scratch>/codex/chainhash-m2-adjacent/smhasher3/hashes/hasshe2.cpp:311:4: warning: '$' in identifier [-Wdollar-in-identifier-extension]
  311 |    $.desc       = "hasshe2 (SSE2-oriented hash, tweaked to mix len into hash)",
      |    ^
<scratch>/codex/chainhash-m2-adjacent/smhasher3/hashes/hasshe2.cpp:312:4: warning: '$' in identifier [-Wdollar-in-identifier-extension]
  312 |    $.impl       = HASSHE2_IMPL_STR,
      |    ^
<scratch>/codex/chainhash-m2-adjacent/smhasher3/hashes/hasshe2.cpp:313:4: warning: '$' in identifier [-Wdollar-in-identifier-extension]
  313 |    $.hash_flags =
      |    ^
<scratch>/codex/chainhash-m2-adjacent/smhasher3/hashes/hasshe2.cpp:315:4: warning: '$' in identifier [-Wdollar-in-identifier-extension]
  315 |    $.impl_flags =
      |    ^
<scratch>/codex/chainhash-m2-adjacent/smhasher3/hashes/hasshe2.cpp:319:4: warning: '$' in identifier [-Wdollar-in-identifier-extension]
  319 |    $.bits = 256,
      |    ^
<scratch>/codex/chainhash-m2-adjacent/smhasher3/hashes/hasshe2.cpp:320:4: warning: '$' in identifier [-Wdollar-in-identifier-extension]
  320 |    $.verification_LE = 0x7FE1B096,
      |    ^
<scratch>/codex/chainhash-m2-adjacent/smhasher3/hashes/hasshe2.cpp:321:4: warning: '$' in identifier [-Wdollar-in-identifier-extension]
  321 |    $.verification_BE = 0x917658B8,
      |    ^
<scratch>/codex/chainhash-m2-adjacent/smhasher3/hashes/hasshe2.cpp:322:4: warning: '$' in identifier [-Wdollar-in-identifier-extension]
  322 |    $.hashfn_native   = Hasshe2<false, false>,
      |    ^
<scratch>/codex/chainhash-m2-adjacent/smhasher3/hashes/hasshe2.cpp:323:4: warning: '$' in identifier [-Wdollar-in-identifier-extension]
  323 |    $.hashfn_bswap    = Hasshe2<false, true>
      |    ^
26 warnings generated.
[ 48%] Building CXX object CMakeFiles/SMHasher3Hashlib.dir/hashes/perlhashes.cpp.o
In file included from <scratch>/codex/chainhash-m2-adjacent/smhasher3/hashes/perlhashes.cpp:21:
<scratch>/codex/chainhash-m2-adjacent/smhasher3/include/hashlib/Hashlib.h:44:20: warning: '$' in identifier [-Wdollar-in-identifier-extension]
   44 |     HashFamilyInfo $(#N);                          \
      |                    ^
<scratch>/codex/chainhash-m2-adjacent/smhasher3/include/hashlib/Hashlib.h:46:12: warning: '$' in identifier [-Wdollar-in-identifier-extension]
   46 |     return $;                                      \
      |            ^
<scratch>/codex/chainhash-m2-adjacent/smhasher3/include/hashlib/Hashlib.h:54:14: warning: '$' in identifier [-Wdollar-in-identifier-extension]
   54 |     HashInfo $(#N, THIS_HASH_FAMILY.name);       \
      |              ^
<scratch>/codex/chainhash-m2-adjacent/smhasher3/include/hashlib/Hashlib.h:56:20: warning: '$' in identifier [-Wdollar-in-identifier-extension]
   56 |     register_hash(&$);                           \
      |                    ^
<scratch>/codex/chainhash-m2-adjacent/smhasher3/include/hashlib/Hashlib.h:57:12: warning: '$' in identifier [-Wdollar-in-identifier-extension]
   57 |     return $;                                    \
      |            ^
<scratch>/codex/chainhash-m2-adjacent/smhasher3/hashes/perlhashes.cpp:755:4: warning: '$' in identifier [-Wdollar-in-identifier-extension]
  755 |    $.src_url    = "https://github.com/Perl/perl5/hv_func.h",
      |    ^
<scratch>/codex/chainhash-m2-adjacent/smhasher3/hashes/perlhashes.cpp:756:4: warning: '$' in identifier [-Wdollar-in-identifier-extension]
  756 |    $.src_status = HashFamilyInfo::SRC_STABLEISH
      |    ^
<scratch>/codex/chainhash-m2-adjacent/smhasher3/hashes/perlhashes.cpp:760:4: warning: '$' in identifier [-Wdollar-in-identifier-extension]
  760 |    $.desc            = "djb2 OAAT hash (from old perl5 code)",
      |    ^
<scratch>/codex/chainhash-m2-adjacent/smhasher3/hashes/perlhashes.cpp:761:4: warning: '$' in identifier [-Wdollar-in-identifier-extension]
  761 |    $.hash_flags      =
      |    ^
<scratch>/codex/chainhash-m2-adjacent/smhasher3/hashes/perlhashes.cpp:763:4: warning: '$' in identifier [-Wdollar-in-identifier-extension]
  763 |    $.impl_flags      =
      |    ^
<scratch>/codex/chainhash-m2-adjacent/smhasher3/hashes/perlhashes.cpp:766:4: warning: '$' in identifier [-Wdollar-in-identifier-extension]
  766 |    $.bits            = 32,
      |    ^
<scratch>/codex/chainhash-m2-adjacent/smhasher3/hashes/perlhashes.cpp:767:4: warning: '$' in identifier [-Wdollar-in-identifier-extension]
  767 |    $.verification_LE = 0x4962CBAB,
      |    ^
<scratch>/codex/chainhash-m2-adjacent/smhasher3/hashes/perlhashes.cpp:768:4: warning: '$' in identifier [-Wdollar-in-identifier-extension]
  768 |    $.verification_BE = 0xCBC1BFB3,
      |    ^
<scratch>/codex/chainhash-m2-adjacent/smhasher3/hashes/perlhashes.cpp:769:4: warning: '$' in identifier [-Wdollar-in-identifier-extension]
  769 |    $.hashfn_native   = perl_djb2<false>,
      |    ^
<scratch>/codex/chainhash-m2-adjacent/smhasher3/hashes/perlhashes.cpp:770:4: warning: '$' in identifier [-Wdollar-in-identifier-extension]
  770 |    $.hashfn_bswap    = perl_djb2<true>
      |    ^
<scratch>/codex/chainhash-m2-adjacent/smhasher3/hashes/perlhashes.cpp:774:4: warning: '$' in identifier [-Wdollar-in-identifier-extension]
  774 |    $.desc            = "sdbm OAAT hash (from old perl5 code)",
      |    ^
<scratch>/codex/chainhash-m2-adjacent/smhasher3/hashes/perlhashes.cpp:775:4: warning: '$' in identifier [-Wdollar-in-identifier-extension]
  775 |    $.hash_flags      =
      |    ^
<scratch>/codex/chainhash-m2-adjacent/smhasher3/hashes/perlhashes.cpp:777:4: warning: '$' in identifier [-Wdollar-in-identifier-extension]
  777 |    $.impl_flags      =
      |    ^
<scratch>/codex/chainhash-m2-adjacent/smhasher3/hashes/perlhashes.cpp:780:4: warning: '$' in identifier [-Wdollar-in-identifier-extension]
  780 |    $.bits            = 32,
      |    ^
<scratch>/codex/chainhash-m2-adjacent/smhasher3/hashes/perlhashes.cpp:781:4: warning: '$' in identifier [-Wdollar-in-identifier-extension]
  781 |    $.verification_LE = 0xD973311D,
      |    ^
<scratch>/codex/chainhash-m2-adjacent/smhasher3/hashes/perlhashes.cpp:782:4: warning: '$' in identifier [-Wdollar-in-identifier-extension]
  782 |    $.verification_BE = 0xA3228EF6,
      |    ^
<scratch>/codex/chainhash-m2-adjacent/smhasher3/hashes/perlhashes.cpp:783:4: warning: '$' in identifier [-Wdollar-in-identifier-extension]
  783 |    $.hashfn_native   = perl_sdbm<false>,
      |    ^
<scratch>/codex/chainhash-m2-adjacent/smhasher3/hashes/perlhashes.cpp:784:4: warning: '$' in identifier [-Wdollar-in-identifier-extension]
  784 |    $.hashfn_bswap    = perl_sdbm<true>
      |    ^
<scratch>/codex/chainhash-m2-adjacent/smhasher3/hashes/perlhashes.cpp:788:4: warning: '$' in identifier [-Wdollar-in-identifier-extension]
  788 |    $.desc            = "Bob Jenkins' OAAT hash (from old perl5 code)",
      |    ^
<scratch>/codex/chainhash-m2-adjacent/smhasher3/hashes/perlhashes.cpp:789:4: warning: '$' in identifier [-Wdollar-in-identifier-extension]
  789 |    $.hash_flags      =
      |    ^
<scratch>/codex/chainhash-m2-adjacent/smhasher3/hashes/perlhashes.cpp:791:4: warning: '$' in identifier [-Wdollar-in-identifier-extension]
  791 |    $.impl_flags      =
      |    ^
<scratch>/codex/chainhash-m2-adjacent/smhasher3/hashes/perlhashes.cpp:794:4: warning: '$' in identifier [-Wdollar-in-identifier-extension]
  794 |    $.bits            = 32,
      |    ^
<scratch>/codex/chainhash-m2-adjacent/smhasher3/hashes/perlhashes.cpp:795:4: warning: '$' in identifier [-Wdollar-in-identifier-extension]
  795 |    $.verification_LE = 0xE3ED0E54,
      |    ^
<scratch>/codex/chainhash-m2-adjacent/smhasher3/hashes/perlhashes.cpp:796:4: warning: '$' in identifier [-Wdollar-in-identifier-extension]
  796 |    $.verification_BE = 0xA83E99BF,
      |    ^
<scratch>/codex/chainhash-m2-adjacent/smhasher3/hashes/perlhashes.cpp:797:4: warning: '$' in identifier [-Wdollar-in-identifier-extension]
  797 |    $.hashfn_native   = perl_jenkins<false>,
      |    ^
<scratch>/codex/chainhash-m2-adjacent/smhasher3/hashes/perlhashes.cpp:798:4: warning: '$' in identifier [-Wdollar-in-identifier-extension]
  798 |    $.hashfn_bswap    = perl_jenkins<true>
      |    ^
<scratch>/codex/chainhash-m2-adjacent/smhasher3/hashes/perlhashes.cpp:802:4: warning: '$' in identifier [-Wdollar-in-identifier-extension]
  802 |    $.desc       = "Bob Jenkins' OAAT hash (\"old\" version from old perl5 code)",
      |    ^
<scratch>/codex/chainhash-m2-adjacent/smhasher3/hashes/perlhashes.cpp:803:4: warning: '$' in identifier [-Wdollar-in-identifier-extension]
  803 |    $.hash_flags =
      |    ^
<scratch>/codex/chainhash-m2-adjacent/smhasher3/hashes/perlhashes.cpp:805:4: warning: '$' in identifier [-Wdollar-in-identifier-extension]
  805 |    $.impl_flags =
      |    ^
<scratch>/codex/chainhash-m2-adjacent/smhasher3/hashes/perlhashes.cpp:809:4: warning: '$' in identifier [-Wdollar-in-identifier-extension]
  809 |    $.bits = 32,
      |    ^
<scratch>/codex/chainhash-m2-adjacent/smhasher3/hashes/perlhashes.cpp:810:4: warning: '$' in identifier [-Wdollar-in-identifier-extension]
  810 |    $.verification_LE = 0xEE05869B,
      |    ^
<scratch>/codex/chainhash-m2-adjacent/smhasher3/hashes/perlhashes.cpp:811:4: warning: '$' in identifier [-Wdollar-in-identifier-extension]
  811 |    $.verification_BE = 0x691105C0,
      |    ^
<scratch>/codex/chainhash-m2-adjacent/smhasher3/hashes/perlhashes.cpp:812:4: warning: '$' in identifier [-Wdollar-in-identifier-extension]
  812 |    $.hashfn_native   = perl_jenkins_old<false>,
      |    ^
<scratch>/codex/chainhash-m2-adjacent/smhasher3/hashes/perlhashes.cpp:813:4: warning: '$' in identifier [-Wdollar-in-identifier-extension]
  813 |    $.hashfn_bswap    = perl_jenkins_old<true>
      |    ^
<scratch>/codex/chainhash-m2-adjacent/smhasher3/hashes/perlhashes.cpp:817:4: warning: '$' in identifier [-Wdollar-in-identifier-extension]
  817 |    $.desc       = "Bob Jenkins' OAAT hash (\"hard\" version from old perl5 code)",
      |    ^
<scratch>/codex/chainhash-m2-adjacent/smhasher3/hashes/perlhashes.cpp:818:4: warning: '$' in identifier [-Wdollar-in-identifier-extension]
  818 |    $.hash_flags =
      |    ^
<scratch>/codex/chainhash-m2-adjacent/smhasher3/hashes/perlhashes.cpp:820:4: warning: '$' in identifier [-Wdollar-in-identifier-extension]
  820 |    $.impl_flags =
      |    ^
<scratch>/codex/chainhash-m2-adjacent/smhasher3/hashes/perlhashes.cpp:823:4: warning: '$' in identifier [-Wdollar-in-identifier-extension]
  823 |    $.bits = 32,
      |    ^
<scratch>/codex/chainhash-m2-adjacent/smhasher3/hashes/perlhashes.cpp:824:4: warning: '$' in identifier [-Wdollar-in-identifier-extension]
  824 |    $.verification_LE = 0x1C216B25,
      |    ^
<scratch>/codex/chainhash-m2-adjacent/smhasher3/hashes/perlhashes.cpp:825:4: warning: '$' in identifier [-Wdollar-in-identifier-extension]
  825 |    $.verification_BE = 0x3B326068,
      |    ^
<scratch>/codex/chainhash-m2-adjacent/smhasher3/hashes/perlhashes.cpp:826:4: warning: '$' in identifier [-Wdollar-in-identifier-extension]
  826 |    $.hashfn_native   = perl_jenkins_hard<false>,
      |    ^
<scratch>/codex/chainhash-m2-adjacent/smhasher3/hashes/perlhashes.cpp:827:4: warning: '$' in identifier [-Wdollar-in-identifier-extension]
  827 |    $.hashfn_bswap    = perl_jenkins_hard<true>
      |    ^
[ 50%] Building CXX object CMakeFiles/SMHasher3Hashlib.dir/hashes/beamsplitter.cpp.o
<scratch>/codex/chainhash-m2-adjacent/smhasher3/hashes/perlhashes.cpp:831:4: warning: '$' in identifier [-Wdollar-in-identifier-extension]
  831 |    $.desc       = "Stadtx hash from perl5",
      |    ^
<scratch>/codex/chainhash-m2-adjacent/smhasher3/hashes/perlhashes.cpp:832:4: warning: '$' in identifier [-Wdollar-in-identifier-extension]
  832 |    $.hash_flags =
      |    ^
<scratch>/codex/chainhash-m2-adjacent/smhasher3/hashes/perlhashes.cpp:834:4: warning: '$' in identifier [-Wdollar-in-identifier-extension]
  834 |    $.impl_flags =
      |    ^
<scratch>/codex/chainhash-m2-adjacent/smhasher3/hashes/perlhashes.cpp:838:4: warning: '$' in identifier [-Wdollar-in-identifier-extension]
  838 |    $.bits = 64,
      |    ^
<scratch>/codex/chainhash-m2-adjacent/smhasher3/hashes/perlhashes.cpp:839:4: warning: '$' in identifier [-Wdollar-in-identifier-extension]
  839 |    $.verification_LE = 0xD983938D,
      |    ^
<scratch>/codex/chainhash-m2-adjacent/smhasher3/hashes/perlhashes.cpp:840:4: warning: '$' in identifier [-Wdollar-in-identifier-extension]
  840 |    $.verification_BE = 0x876FCA1E,
      |    ^
<scratch>/codex/chainhash-m2-adjacent/smhasher3/hashes/perlhashes.cpp:841:4: warning: '$' in identifier [-Wdollar-in-identifier-extension]
  841 |    $.hashfn_native   = perl_stadtx<false>,
      |    ^
<scratch>/codex/chainhash-m2-adjacent/smhasher3/hashes/perlhashes.cpp:842:4: warning: '$' in identifier [-Wdollar-in-identifier-extension]
  842 |    $.hashfn_bswap    = perl_stadtx<true>,
      |    ^
<scratch>/codex/chainhash-m2-adjacent/smhasher3/hashes/perlhashes.cpp:843:4: warning: '$' in identifier [-Wdollar-in-identifier-extension]
  843 |    $.seedfn          = stadtx_reseed
      |    ^
<scratch>/codex/chainhash-m2-adjacent/smhasher3/hashes/perlhashes.cpp:847:4: warning: '$' in identifier [-Wdollar-in-identifier-extension]
  847 |    $.desc       = "Zaphod32 hash from perl5",
      |    ^
<scratch>/codex/chainhash-m2-adjacent/smhasher3/hashes/perlhashes.cpp:848:4: warning: '$' in identifier [-Wdollar-in-identifier-extension]
  848 |    $.hash_flags =
      |    ^
<scratch>/codex/chainhash-m2-adjacent/smhasher3/hashes/perlhashes.cpp:850:4: warning: '$' in identifier [-Wdollar-in-identifier-extension]
  850 |    $.impl_flags =
      |    ^
<scratch>/codex/chainhash-m2-adjacent/smhasher3/hashes/perlhashes.cpp:854:4: warning: '$' in identifier [-Wdollar-in-identifier-extension]
  854 |    $.bits = 32,
      |    ^
<scratch>/codex/chainhash-m2-adjacent/smhasher3/hashes/perlhashes.cpp:855:4: warning: '$' in identifier [-Wdollar-in-identifier-extension]
  855 |    $.verification_LE = 0x2DC19200,
      |    ^
<scratch>/codex/chainhash-m2-adjacent/smhasher3/hashes/perlhashes.cpp:856:4: warning: '$' in identifier [-Wdollar-in-identifier-extension]
  856 |    $.verification_BE = 0xF329D3E4,
      |    ^
<scratch>/codex/chainhash-m2-adjacent/smhasher3/hashes/perlhashes.cpp:857:4: warning: '$' in identifier [-Wdollar-in-identifier-extension]
  857 |    $.hashfn_native   = perl_zaphod32<false>,
      |    ^
<scratch>/codex/chainhash-m2-adjacent/smhasher3/hashes/perlhashes.cpp:858:4: warning: '$' in identifier [-Wdollar-in-identifier-extension]
  858 |    $.hashfn_bswap    = perl_zaphod32<true>,
      |    ^
<scratch>/codex/chainhash-m2-adjacent/smhasher3/hashes/perlhashes.cpp:859:4: warning: '$' in identifier [-Wdollar-in-identifier-extension]
  859 |    $.seedfn          = zaphod32_seedfn<0, true>
      |    ^
<scratch>/codex/chainhash-m2-adjacent/smhasher3/hashes/perlhashes.cpp:863:4: warning: '$' in identifier [-Wdollar-in-identifier-extension]
  863 |    $.desc       = "Zaphod32 hash with sbox32 and 96-bit seeding from perl5",
      |    ^
<scratch>/codex/chainhash-m2-adjacent/smhasher3/hashes/perlhashes.cpp:864:4: warning: '$' in identifier [-Wdollar-in-identifier-extension]
  864 |    $.hash_flags =
      |    ^
<scratch>/codex/chainhash-m2-adjacent/smhasher3/hashes/perlhashes.cpp:867:4: warning: '$' in identifier [-Wdollar-in-identifier-extension]
  867 |    $.impl_flags =
      |    ^
<scratch>/codex/chainhash-m2-adjacent/smhasher3/hashes/perlhashes.cpp:871:4: warning: '$' in identifier [-Wdollar-in-identifier-extension]
  871 |    $.bits = 32,
      |    ^
<scratch>/codex/chainhash-m2-adjacent/smhasher3/hashes/perlhashes.cpp:872:4: warning: '$' in identifier [-Wdollar-in-identifier-extension]
  872 |    $.verification_LE = 0x0A4EA902,
      |    ^
<scratch>/codex/chainhash-m2-adjacent/smhasher3/hashes/perlhashes.cpp:873:4: warning: '$' in identifier [-Wdollar-in-identifier-extension]
  873 |    $.verification_BE = 0xE3F5379A,
      |    ^
<scratch>/codex/chainhash-m2-adjacent/smhasher3/hashes/perlhashes.cpp:874:4: warning: '$' in identifier [-Wdollar-in-identifier-extension]
  874 |    $.hashfn_native   = perl_zaphod32_sbox<false>,
      |    ^
<scratch>/codex/chainhash-m2-adjacent/smhasher3/hashes/perlhashes.cpp:875:4: warning: '$' in identifier [-Wdollar-in-identifier-extension]
  875 |    $.hashfn_bswap    = perl_zaphod32_sbox<true>,
      |    ^
<scratch>/codex/chainhash-m2-adjacent/smhasher3/hashes/perlhashes.cpp:876:4: warning: '$' in identifier [-Wdollar-in-identifier-extension]
  876 |    $.seedfn          = zaphod32_seedfn<96, true>
      |    ^
<scratch>/codex/chainhash-m2-adjacent/smhasher3/hashes/perlhashes.cpp:880:4: warning: '$' in identifier [-Wdollar-in-identifier-extension]
  880 |    $.desc       = "Zaphod32 hash with sbox32 and old 128-bit seeding from perl5",
      |    ^
<scratch>/codex/chainhash-m2-adjacent/smhasher3/hashes/perlhashes.cpp:881:4: warning: '$' in identifier [-Wdollar-in-identifier-extension]
  881 |    $.hash_flags =
      |    ^
<scratch>/codex/chainhash-m2-adjacent/smhasher3/hashes/perlhashes.cpp:884:4: warning: '$' in identifier [-Wdollar-in-identifier-extension]
  884 |    $.impl_flags =
      |    ^
<scratch>/codex/chainhash-m2-adjacent/smhasher3/hashes/perlhashes.cpp:888:4: warning: '$' in identifier [-Wdollar-in-identifier-extension]
  888 |    $.bits = 32,
      |    ^
<scratch>/codex/chainhash-m2-adjacent/smhasher3/hashes/perlhashes.cpp:889:4: warning: '$' in identifier [-Wdollar-in-identifier-extension]
  889 |    $.verification_LE = 0x2E897A7E,
      |    ^
<scratch>/codex/chainhash-m2-adjacent/smhasher3/hashes/perlhashes.cpp:890:4: warning: '$' in identifier [-Wdollar-in-identifier-extension]
  890 |    $.verification_BE = 0x376C0E97,
      |    ^
<scratch>/codex/chainhash-m2-adjacent/smhasher3/hashes/perlhashes.cpp:891:4: warning: '$' in identifier [-Wdollar-in-identifier-extension]
  891 |    $.hashfn_native   = perl_zaphod32_sbox<false>,
      |    ^
<scratch>/codex/chainhash-m2-adjacent/smhasher3/hashes/perlhashes.cpp:892:4: warning: '$' in identifier [-Wdollar-in-identifier-extension]
  892 |    $.hashfn_bswap    = perl_zaphod32_sbox<true>,
      |    ^
<scratch>/codex/chainhash-m2-adjacent/smhasher3/hashes/perlhashes.cpp:893:4: warning: '$' in identifier [-Wdollar-in-identifier-extension]
  893 |    $.seedfn          = zaphod32_seedfn<128, true>
      |    ^
<scratch>/codex/chainhash-m2-adjacent/smhasher3/hashes/perlhashes.cpp:897:4: warning: '$' in identifier [-Wdollar-in-identifier-extension]
  897 |    $.desc       = "Zaphod32 hash with sbox32 and 128-bit seeding from perl5",
      |    ^
<scratch>/codex/chainhash-m2-adjacent/smhasher3/hashes/perlhashes.cpp:898:4: warning: '$' in identifier [-Wdollar-in-identifier-extension]
  898 |    $.hash_flags =
      |    ^
<scratch>/codex/chainhash-m2-adjacent/smhasher3/hashes/perlhashes.cpp:901:4: warning: '$' in identifier [-Wdollar-in-identifier-extension]
  901 |    $.impl_flags =
      |    ^
<scratch>/codex/chainhash-m2-adjacent/smhasher3/hashes/perlhashes.cpp:905:4: warning: '$' in identifier [-Wdollar-in-identifier-extension]
  905 |    $.bits = 32,
      |    ^
<scratch>/codex/chainhash-m2-adjacent/smhasher3/hashes/perlhashes.cpp:906:4: warning: '$' in identifier [-Wdollar-in-identifier-extension]
  906 |    $.verification_LE = 0x1C203149,
      |    ^
<scratch>/codex/chainhash-m2-adjacent/smhasher3/hashes/perlhashes.cpp:907:4: warning: '$' in identifier [-Wdollar-in-identifier-extension]
  907 |    $.verification_BE = 0x40D72B66,
      |    ^
<scratch>/codex/chainhash-m2-adjacent/smhasher3/hashes/perlhashes.cpp:908:4: warning: '$' in identifier [-Wdollar-in-identifier-extension]
  908 |    $.hashfn_native   = perl_zaphod32_sbox<false>,
      |    ^
<scratch>/codex/chainhash-m2-adjacent/smhasher3/hashes/perlhashes.cpp:909:4: warning: '$' in identifier [-Wdollar-in-identifier-extension]
  909 |    $.hashfn_bswap    = perl_zaphod32_sbox<true>,
      |    ^
<scratch>/codex/chainhash-m2-adjacent/smhasher3/hashes/perlhashes.cpp:910:4: warning: '$' in identifier [-Wdollar-in-identifier-extension]
  910 |    $.seedfn          = zaphod32_seedfn<128, false>
      |    ^
92 warnings generated.
[ 51%] Building CXX object CMakeFiles/SMHasher3Hashlib.dir/hashes/khashv.cpp.o
In file included from <scratch>/codex/chainhash-m2-adjacent/smhasher3/hashes/beamsplitter.cpp:28:
<scratch>/codex/chainhash-m2-adjacent/smhasher3/include/hashlib/Hashlib.h:44:20: warning: '$' in identifier [-Wdollar-in-identifier-extension]
   44 |     HashFamilyInfo $(#N);                          \
      |                    ^
<scratch>/codex/chainhash-m2-adjacent/smhasher3/include/hashlib/Hashlib.h:46:12: warning: '$' in identifier [-Wdollar-in-identifier-extension]
   46 |     return $;                                      \
      |            ^
<scratch>/codex/chainhash-m2-adjacent/smhasher3/include/hashlib/Hashlib.h:54:14: warning: '$' in identifier [-Wdollar-in-identifier-extension]
   54 |     HashInfo $(#N, THIS_HASH_FAMILY.name);       \
      |              ^
<scratch>/codex/chainhash-m2-adjacent/smhasher3/include/hashlib/Hashlib.h:56:20: warning: '$' in identifier [-Wdollar-in-identifier-extension]
   56 |     register_hash(&$);                           \
      |                    ^
<scratch>/codex/chainhash-m2-adjacent/smhasher3/include/hashlib/Hashlib.h:57:12: warning: '$' in identifier [-Wdollar-in-identifier-extension]
   57 |     return $;                                    \
      |            ^
<scratch>/codex/chainhash-m2-adjacent/smhasher3/hashes/beamsplitter.cpp:419:4: warning: '$' in identifier [-Wdollar-in-identifier-extension]
  419 |    $.src_url    = "https://github.com/crisdosyago/beamsplitter",
      |    ^
<scratch>/codex/chainhash-m2-adjacent/smhasher3/hashes/beamsplitter.cpp:420:4: warning: '$' in identifier [-Wdollar-in-identifier-extension]
  420 |    $.src_status = HashFamilyInfo::SRC_STABLEISH
      |    ^
<scratch>/codex/chainhash-m2-adjacent/smhasher3/hashes/beamsplitter.cpp:427:4: warning: '$' in identifier [-Wdollar-in-identifier-extension]
  427 |    $.desc       = "A possibly universal hash made with a 10x64 s-box",
      |    ^
<scratch>/codex/chainhash-m2-adjacent/smhasher3/hashes/beamsplitter.cpp:428:4: warning: '$' in identifier [-Wdollar-in-identifier-extension]
  428 |    $.hash_flags =
      |    ^
<scratch>/codex/chainhash-m2-adjacent/smhasher3/hashes/beamsplitter.cpp:431:4: warning: '$' in identifier [-Wdollar-in-identifier-extension]
  431 |    $.impl_flags =
      |    ^
<scratch>/codex/chainhash-m2-adjacent/smhasher3/hashes/beamsplitter.cpp:435:4: warning: '$' in identifier [-Wdollar-in-identifier-extension]
  435 |    $.bits = 64,
      |    ^
<scratch>/codex/chainhash-m2-adjacent/smhasher3/hashes/beamsplitter.cpp:436:4: warning: '$' in identifier [-Wdollar-in-identifier-extension]
  436 |    $.verification_LE = 0x1BDF358B,
      |    ^
<scratch>/codex/chainhash-m2-adjacent/smhasher3/hashes/beamsplitter.cpp:437:4: warning: '$' in identifier [-Wdollar-in-identifier-extension]
  437 |    $.verification_BE = 0x4791907E,
      |    ^
<scratch>/codex/chainhash-m2-adjacent/smhasher3/hashes/beamsplitter.cpp:438:4: warning: '$' in identifier [-Wdollar-in-identifier-extension]
  438 |    $.hashfn_native   = beamsplitter_64<false>,
      |    ^
<scratch>/codex/chainhash-m2-adjacent/smhasher3/hashes/beamsplitter.cpp:439:4: warning: '$' in identifier [-Wdollar-in-identifier-extension]
  439 |    $.hashfn_bswap    = beamsplitter_64<true>
      |    ^
[ 51%] Building CXX object CMakeFiles/SMHasher3Hashlib.dir/hashes/polymur.cpp.o
In file included from <scratch>/codex/chainhash-m2-adjacent/smhasher3/hashes/khashv.cpp:28:
<scratch>/codex/chainhash-m2-adjacent/smhasher3/include/hashlib/Hashlib.h:44:20: warning: '$' in identifier [-Wdollar-in-identifier-extension]
   44 |     HashFamilyInfo $(#N);                          \
      |                    ^
<scratch>/codex/chainhash-m2-adjacent/smhasher3/include/hashlib/Hashlib.h:46:12: warning: '$' in identifier [-Wdollar-in-identifier-extension]
   46 |     return $;                                      \
      |            ^
<scratch>/codex/chainhash-m2-adjacent/smhasher3/include/hashlib/Hashlib.h:54:14: warning: '$' in identifier [-Wdollar-in-identifier-extension]
   54 |     HashInfo $(#N, THIS_HASH_FAMILY.name);       \
      |              ^
<scratch>/codex/chainhash-m2-adjacent/smhasher3/include/hashlib/Hashlib.h:56:20: warning: '$' in identifier [-Wdollar-in-identifier-extension]
   56 |     register_hash(&$);                           \
      |                    ^
<scratch>/codex/chainhash-m2-adjacent/smhasher3/include/hashlib/Hashlib.h:57:12: warning: '$' in identifier [-Wdollar-in-identifier-extension]
   57 |     return $;                                    \
      |            ^
In file included from <scratch>/codex/chainhash-m2-adjacent/smhasher3/hashes/khashv.cpp:82:
<scratch>/codex/chainhash-m2-adjacent/smhasher3/hashes/khashv/hash-portable.h:204:29: warning: suggest braces around initialization of subobject [-Wmissing-braces]
  204 |     khashvBlock tmp     = { 0 };
      |                             ^
      |                             {}
<scratch>/codex/chainhash-m2-adjacent/smhasher3/hashes/khashv.cpp:116:4: warning: '$' in identifier [-Wdollar-in-identifier-extension]
  116 |    $.src_url    = "https://github.com/Keith-Cancel/k-hashv",
      |    ^
<scratch>/codex/chainhash-m2-adjacent/smhasher3/hashes/khashv.cpp:117:4: warning: '$' in identifier [-Wdollar-in-identifier-extension]
  117 |    $.src_status = HashFamilyInfo::SRC_ACTIVE
      |    ^
<scratch>/codex/chainhash-m2-adjacent/smhasher3/hashes/khashv.cpp:121:4: warning: '$' in identifier [-Wdollar-in-identifier-extension]
  121 |    $.desc       = "K-Hashv vectorizable, 32-bit output",
      |    ^
<scratch>/codex/chainhash-m2-adjacent/smhasher3/hashes/khashv.cpp:122:4: warning: '$' in identifier [-Wdollar-in-identifier-extension]
  122 |    $.impl       = KHASH_IMPL_STR,
      |    ^
<scratch>/codex/chainhash-m2-adjacent/smhasher3/hashes/khashv.cpp:123:4: warning: '$' in identifier [-Wdollar-in-identifier-extension]
  123 |    $.hash_flags =
      |    ^
<scratch>/codex/chainhash-m2-adjacent/smhasher3/hashes/khashv.cpp:126:4: warning: '$' in identifier [-Wdollar-in-identifier-extension]
  126 |    $.impl_flags =
      |    ^
<scratch>/codex/chainhash-m2-adjacent/smhasher3/hashes/khashv.cpp:130:4: warning: '$' in identifier [-Wdollar-in-identifier-extension]
  130 |    $.bits = 32,
      |    ^
<scratch>/codex/chainhash-m2-adjacent/smhasher3/hashes/khashv.cpp:131:4: warning: '$' in identifier [-Wdollar-in-identifier-extension]
  131 |    $.verification_LE = 0x2FBC65F8,
      |    ^
<scratch>/codex/chainhash-m2-adjacent/smhasher3/hashes/khashv.cpp:132:4: warning: '$' in identifier [-Wdollar-in-identifier-extension]
  132 |    $.verification_BE = 0x2FBC65F8,
      |    ^
<scratch>/codex/chainhash-m2-adjacent/smhasher3/hashes/khashv.cpp:133:4: warning: '$' in identifier [-Wdollar-in-identifier-extension]
  133 |    $.seedfn          = khashv32_init_seed,
      |    ^
<scratch>/codex/chainhash-m2-adjacent/smhasher3/hashes/khashv.cpp:134:4: warning: '$' in identifier [-Wdollar-in-identifier-extension]
  134 |    $.hashfn_native   = khashv32_test,
      |    ^
<scratch>/codex/chainhash-m2-adjacent/smhasher3/hashes/khashv.cpp:135:4: warning: '$' in identifier [-Wdollar-in-identifier-extension]
  135 |    $.hashfn_bswap    = khashv32_test
      |    ^
<scratch>/codex/chainhash-m2-adjacent/smhasher3/hashes/khashv.cpp:139:5: warning: '$' in identifier [-Wdollar-in-identifier-extension]
  139 |     $.desc       = "K-Hashv vectorizable, 64-bit output",
      |     ^
<scratch>/codex/chainhash-m2-adjacent/smhasher3/hashes/khashv.cpp:140:5: warning: '$' in identifier [-Wdollar-in-identifier-extension]
  140 |     $.impl       = KHASH_IMPL_STR,
      |     ^
<scratch>/codex/chainhash-m2-adjacent/smhasher3/hashes/khashv.cpp:141:5: warning: '$' in identifier [-Wdollar-in-identifier-extension]
  141 |     $.hash_flags =
      |     ^
<scratch>/codex/chainhash-m2-adjacent/smhasher3/hashes/khashv.cpp:144:5: warning: '$' in identifier [-Wdollar-in-identifier-extension]
  144 |     $.impl_flags =
      |     ^
<scratch>/codex/chainhash-m2-adjacent/smhasher3/hashes/khashv.cpp:148:5: warning: '$' in identifier [-Wdollar-in-identifier-extension]
  148 |     $.bits = 64,
      |     ^
<scratch>/codex/chainhash-m2-adjacent/smhasher3/hashes/khashv.cpp:149:5: warning: '$' in identifier [-Wdollar-in-identifier-extension]
  149 |     $.verification_LE = 0x8598BACD,
      |     ^
<scratch>/codex/chainhash-m2-adjacent/smhasher3/hashes/khashv.cpp:150:5: warning: '$' in identifier [-Wdollar-in-identifier-extension]
  150 |     $.verification_BE = 0x8598BACD,
      |     ^
<scratch>/codex/chainhash-m2-adjacent/smhasher3/hashes/khashv.cpp:151:5: warning: '$' in identifier [-Wdollar-in-identifier-extension]
  151 |     $.seedfn          = khashv64_init_seed,
      |     ^
<scratch>/codex/chainhash-m2-adjacent/smhasher3/hashes/khashv.cpp:152:5: warning: '$' in identifier [-Wdollar-in-identifier-extension]
  152 |     $.hashfn_native   = khashv64_test,
      |     ^
<scratch>/codex/chainhash-m2-adjacent/smhasher3/hashes/khashv.cpp:153:5: warning: '$' in identifier [-Wdollar-in-identifier-extension]
  153 |     $.hashfn_bswap    = khashv64_test
      |     ^
15 warnings generated.
[ 51%] Building CXX object CMakeFiles/SMHasher3Tests.dir/tests/SeedBlockLenTest.cpp.o
28 warnings generated.
[ 52%] Building CXX object CMakeFiles/SMHasher3Hashlib.dir/hashes/jodyhash.cpp.o
In file included from <scratch>/codex/chainhash-m2-adjacent/smhasher3/hashes/polymur.cpp:27:
<scratch>/codex/chainhash-m2-adjacent/smhasher3/include/hashlib/Hashlib.h:44:20: warning: '$' in identifier [-Wdollar-in-identifier-extension]
   44 |     HashFamilyInfo $(#N);                          \
      |                    ^
<scratch>/codex/chainhash-m2-adjacent/smhasher3/include/hashlib/Hashlib.h:46:12: warning: '$' in identifier [-Wdollar-in-identifier-extension]
   46 |     return $;                                      \
      |            ^
<scratch>/codex/chainhash-m2-adjacent/smhasher3/include/hashlib/Hashlib.h:54:14: warning: '$' in identifier [-Wdollar-in-identifier-extension]
   54 |     HashInfo $(#N, THIS_HASH_FAMILY.name);       \
      |              ^
<scratch>/codex/chainhash-m2-adjacent/smhasher3/include/hashlib/Hashlib.h:56:20: warning: '$' in identifier [-Wdollar-in-identifier-extension]
   56 |     register_hash(&$);                           \
      |                    ^
<scratch>/codex/chainhash-m2-adjacent/smhasher3/include/hashlib/Hashlib.h:57:12: warning: '$' in identifier [-Wdollar-in-identifier-extension]
   57 |     return $;                                    \
      |            ^
<scratch>/codex/chainhash-m2-adjacent/smhasher3/hashes/polymur.cpp:246:4: warning: '$' in identifier [-Wdollar-in-identifier-extension]
  246 |    $.src_url    = "https://github.com/orlp/polymur-hash",
      |    ^
<scratch>/codex/chainhash-m2-adjacent/smhasher3/hashes/polymur.cpp:247:4: warning: '$' in identifier [-Wdollar-in-identifier-extension]
  247 |    $.src_status = HashFamilyInfo::SRC_STABLEISH
      |    ^
<scratch>/codex/chainhash-m2-adjacent/smhasher3/hashes/polymur.cpp:251:4: warning: '$' in identifier [-Wdollar-in-identifier-extension]
  251 |    $.desc            = "Polymur Hash (using polymur_init_params_from_seed)",
      |    ^
<scratch>/codex/chainhash-m2-adjacent/smhasher3/hashes/polymur.cpp:252:4: warning: '$' in identifier [-Wdollar-in-identifier-extension]
  252 |    $.hash_flags      =
      |    ^
<scratch>/codex/chainhash-m2-adjacent/smhasher3/hashes/polymur.cpp:254:4: warning: '$' in identifier [-Wdollar-in-identifier-extension]
  254 |    $.impl_flags      =
      |    ^
<scratch>/codex/chainhash-m2-adjacent/smhasher3/hashes/polymur.cpp:257:4: warning: '$' in identifier [-Wdollar-in-identifier-extension]
  257 |    $.bits            = 64,
      |    ^
<scratch>/codex/chainhash-m2-adjacent/smhasher3/hashes/polymur.cpp:258:4: warning: '$' in identifier [-Wdollar-in-identifier-extension]
  258 |    $.verification_LE = 0x0722B1A7,
      |    ^
<scratch>/codex/chainhash-m2-adjacent/smhasher3/hashes/polymur.cpp:259:4: warning: '$' in identifier [-Wdollar-in-identifier-extension]
  259 |    $.verification_BE = 0x830CF404,
      |    ^
<scratch>/codex/chainhash-m2-adjacent/smhasher3/hashes/polymur.cpp:260:4: warning: '$' in identifier [-Wdollar-in-identifier-extension]
  260 |    $.seedfn          = polymur_init_params_from_seed,
      |    ^
<scratch>/codex/chainhash-m2-adjacent/smhasher3/hashes/polymur.cpp:261:4: warning: '$' in identifier [-Wdollar-in-identifier-extension]
  261 |    $.hashfn_native   = PolymurHash<false, false>,
      |    ^
<scratch>/codex/chainhash-m2-adjacent/smhasher3/hashes/polymur.cpp:262:4: warning: '$' in identifier [-Wdollar-in-identifier-extension]
  262 |    $.hashfn_bswap    = PolymurHash<true, false>
      |    ^
<scratch>/codex/chainhash-m2-adjacent/smhasher3/hashes/polymur.cpp:266:4: warning: '$' in identifier [-Wdollar-in-identifier-extension]
  266 |    $.desc            = "Polymur Hash (using seed as tweak)",
      |    ^
<scratch>/codex/chainhash-m2-adjacent/smhasher3/hashes/polymur.cpp:267:4: warning: '$' in identifier [-Wdollar-in-identifier-extension]
  267 |    $.hash_flags      =
      |    ^
<scratch>/codex/chainhash-m2-adjacent/smhasher3/hashes/polymur.cpp:269:4: warning: '$' in identifier [-Wdollar-in-identifier-extension]
  269 |    $.impl_flags      =
      |    ^
<scratch>/codex/chainhash-m2-adjacent/smhasher3/hashes/polymur.cpp:272:4: warning: '$' in identifier [-Wdollar-in-identifier-extension]
  272 |    $.bits            = 64,
      |    ^
<scratch>/codex/chainhash-m2-adjacent/smhasher3/hashes/polymur.cpp:273:4: warning: '$' in identifier [-Wdollar-in-identifier-extension]
  273 |    $.verification_LE = 0x95CFB54D,
      |    ^
<scratch>/codex/chainhash-m2-adjacent/smhasher3/hashes/polymur.cpp:274:4: warning: '$' in identifier [-Wdollar-in-identifier-extension]
  274 |    $.verification_BE = 0xEE893701,
      |    ^
<scratch>/codex/chainhash-m2-adjacent/smhasher3/hashes/polymur.cpp:275:4: warning: '$' in identifier [-Wdollar-in-identifier-extension]
  275 |    $.initfn          = polymur_init_params_from_zero,
      |    ^
<scratch>/codex/chainhash-m2-adjacent/smhasher3/hashes/polymur.cpp:276:4: warning: '$' in identifier [-Wdollar-in-identifier-extension]
  276 |    $.hashfn_native   = PolymurHash<false, true>,
      |    ^
<scratch>/codex/chainhash-m2-adjacent/smhasher3/hashes/polymur.cpp:277:4: warning: '$' in identifier [-Wdollar-in-identifier-extension]
  277 |    $.hashfn_bswap    = PolymurHash<true, true>
      |    ^
25 warnings generated.
[ 53%] Building CXX object CMakeFiles/SMHasher3Tests.dir/tests/SeedBlockOffsetTest.cpp.o
In file included from <scratch>/codex/chainhash-m2-adjacent/smhasher3/hashes/jodyhash.cpp:28:
<scratch>/codex/chainhash-m2-adjacent/smhasher3/include/hashlib/Hashlib.h:44:20: warning: '$' in identifier [-Wdollar-in-identifier-extension]
   44 |     HashFamilyInfo $(#N);                          \
      |                    ^
<scratch>/codex/chainhash-m2-adjacent/smhasher3/include/hashlib/Hashlib.h:46:12: warning: '$' in identifier [-Wdollar-in-identifier-extension]
   46 |     return $;                                      \
      |            ^
<scratch>/codex/chainhash-m2-adjacent/smhasher3/include/hashlib/Hashlib.h:54:14: warning: '$' in identifier [-Wdollar-in-identifier-extension]
   54 |     HashInfo $(#N, THIS_HASH_FAMILY.name);       \
      |              ^
<scratch>/codex/chainhash-m2-adjacent/smhasher3/include/hashlib/Hashlib.h:56:20: warning: '$' in identifier [-Wdollar-in-identifier-extension]
   56 |     register_hash(&$);                           \
      |                    ^
<scratch>/codex/chainhash-m2-adjacent/smhasher3/include/hashlib/Hashlib.h:57:12: warning: '$' in identifier [-Wdollar-in-identifier-extension]
   57 |     return $;                                    \
      |            ^
<scratch>/codex/chainhash-m2-adjacent/smhasher3/hashes/jodyhash.cpp:148:4: warning: '$' in identifier [-Wdollar-in-identifier-extension]
  148 |    $.src_url    = "https://codeberg.org/jbruchon/jodyhash",
      |    ^
<scratch>/codex/chainhash-m2-adjacent/smhasher3/hashes/jodyhash.cpp:149:4: warning: '$' in identifier [-Wdollar-in-identifier-extension]
  149 |    $.src_status = HashFamilyInfo::SRC_STABLEISH
      |    ^
<scratch>/codex/chainhash-m2-adjacent/smhasher3/hashes/jodyhash.cpp:153:4: warning: '$' in identifier [-Wdollar-in-identifier-extension]
  153 |    $.desc       = "jodyhash v7.3, 32-bit",
      |    ^
<scratch>/codex/chainhash-m2-adjacent/smhasher3/hashes/jodyhash.cpp:154:4: warning: '$' in identifier [-Wdollar-in-identifier-extension]
  154 |    $.hash_flags =
      |    ^
<scratch>/codex/chainhash-m2-adjacent/smhasher3/hashes/jodyhash.cpp:156:4: warning: '$' in identifier [-Wdollar-in-identifier-extension]
  156 |    $.impl_flags =
      |    ^
<scratch>/codex/chainhash-m2-adjacent/smhasher3/hashes/jodyhash.cpp:162:4: warning: '$' in identifier [-Wdollar-in-identifier-extension]
  162 |    $.bits = 32,
      |    ^
<scratch>/codex/chainhash-m2-adjacent/smhasher3/hashes/jodyhash.cpp:163:4: warning: '$' in identifier [-Wdollar-in-identifier-extension]
  163 |    $.verification_LE = 0x0B6C88D6,
      |    ^
<scratch>/codex/chainhash-m2-adjacent/smhasher3/hashes/jodyhash.cpp:164:4: warning: '$' in identifier [-Wdollar-in-identifier-extension]
  164 |    $.verification_BE = 0x3CA56359,
      |    ^
<scratch>/codex/chainhash-m2-adjacent/smhasher3/hashes/jodyhash.cpp:165:4: warning: '$' in identifier [-Wdollar-in-identifier-extension]
  165 |    $.hashfn_native   = jodyhash32<false>,
      |    ^
<scratch>/codex/chainhash-m2-adjacent/smhasher3/hashes/jodyhash.cpp:166:4: warning: '$' in identifier [-Wdollar-in-identifier-extension]
  166 |    $.hashfn_bswap    = jodyhash32<true>
      |    ^
<scratch>/codex/chainhash-m2-adjacent/smhasher3/hashes/jodyhash.cpp:170:4: warning: '$' in identifier [-Wdollar-in-identifier-extension]
  170 |    $.desc       = "jodyhash v7.3, 64-bit",
      |    ^
<scratch>/codex/chainhash-m2-adjacent/smhasher3/hashes/jodyhash.cpp:171:4: warning: '$' in identifier [-Wdollar-in-identifier-extension]
  171 |    $.impl       = JODY_IMPL_STR,
      |    ^
<scratch>/codex/chainhash-m2-adjacent/smhasher3/hashes/jodyhash.cpp:172:4: warning: '$' in identifier [-Wdollar-in-identifier-extension]
  172 |    $.hash_flags =
      |    ^
<scratch>/codex/chainhash-m2-adjacent/smhasher3/hashes/jodyhash.cpp:174:4: warning: '$' in identifier [-Wdollar-in-identifier-extension]
  174 |    $.impl_flags =
      |    ^
<scratch>/codex/chainhash-m2-adjacent/smhasher3/hashes/jodyhash.cpp:179:4: warning: '$' in identifier [-Wdollar-in-identifier-extension]
  179 |    $.bits = 64,
      |    ^
<scratch>/codex/chainhash-m2-adjacent/smhasher3/hashes/jodyhash.cpp:180:4: warning: '$' in identifier [-Wdollar-in-identifier-extension]
  180 |    $.verification_LE = 0xC1CBFA34,
      |    ^
<scratch>/codex/chainhash-m2-adjacent/smhasher3/hashes/jodyhash.cpp:181:4: warning: '$' in identifier [-Wdollar-in-identifier-extension]
  181 |    $.verification_BE = 0x93494125,
      |    ^
<scratch>/codex/chainhash-m2-adjacent/smhasher3/hashes/jodyhash.cpp:182:4: warning: '$' in identifier [-Wdollar-in-identifier-extension]
  182 |    $.hashfn_native   = jodyhash64<false>,
      |    ^
<scratch>/codex/chainhash-m2-adjacent/smhasher3/hashes/jodyhash.cpp:183:4: warning: '$' in identifier [-Wdollar-in-identifier-extension]
  183 |    $.hashfn_bswap    = jodyhash64<true>
      |    ^
<scratch>/codex/chainhash-m2-adjacent/smhasher3/tests/SeedBlockLenTest.cpp:141:27: warning: format specifies type 'long long' but the argument has type 'size_t' (aka 'unsigned long') [-Wformat]
  140 |     printf("Keyset 'SeedBlockLen' - %2zd-byte keys with block at offsets %s - %" PRId64 " hashes\n",
      |                                                                               ~~~~~~~~~
  141 |             keylen, pbuf, totaltests);
      |                           ^~~~~~~~~~
<scratch>/codex/chainhash-m2-adjacent/smhasher3/tests/SeedBlockLenTest.cpp:225:19: note: in instantiation of function template specialization 'SeedBlockLenTest_Impl1<Blob<32>, 4UL>' requested here
  225 |         result &= SeedBlockLenTest_Impl1<hashtype, blocklen>(hinfo, minoffset,
      |                   ^
<scratch>/codex/chainhash-m2-adjacent/smhasher3/tests/SeedBlockLenTest.cpp:234:13: note: in instantiation of function template specialization 'SeedBlockLenTest<Blob<32>>' requested here
  234 | INSTANTIATE(SeedBlockLenTest, HASHTYPELIST);
      |             ^
<scratch>/codex/chainhash-m2-adjacent/smhasher3/tests/SeedBlockLenTest.cpp:141:27: warning: format specifies type 'long long' but the argument has type 'size_t' (aka 'unsigned long') [-Wformat]
  140 |     printf("Keyset 'SeedBlockLen' - %2zd-byte keys with block at offsets %s - %" PRId64 " hashes\n",
      |                                                                               ~~~~~~~~~
  141 |             keylen, pbuf, totaltests);
      |                           ^~~~~~~~~~
<scratch>/codex/chainhash-m2-adjacent/smhasher3/tests/SeedBlockLenTest.cpp:225:19: note: in instantiation of function template specialization 'SeedBlockLenTest_Impl1<Blob<64>, 4UL>' requested here
  225 |         result &= SeedBlockLenTest_Impl1<hashtype, blocklen>(hinfo, minoffset,
      |                   ^
<scratch>/codex/chainhash-m2-adjacent/smhasher3/tests/SeedBlockLenTest.cpp:234:13: note: in instantiation of function template specialization 'SeedBlockLenTest<Blob<64>>' requested here
  234 | INSTANTIATE(SeedBlockLenTest, HASHTYPELIST);
      |             ^
24 warnings generated.
<scratch>/codex/chainhash-m2-adjacent/smhasher3/tests/SeedBlockLenTest.cpp:141:27: warning: format specifies type 'long long' but the argument has type 'size_t' (aka 'unsigned long') [-Wformat]
  140 |     printf("Keyset 'SeedBlockLen' - %2zd-byte keys with block at offsets %s - %" PRId64 " hashes\n",
      |                                                                               ~~~~~~~~~
  141 |             keylen, pbuf, totaltests);
      |                           ^~~~~~~~~~
<scratch>/codex/chainhash-m2-adjacent/smhasher3/tests/SeedBlockLenTest.cpp:225:19: note: in instantiation of function template specialization 'SeedBlockLenTest_Impl1<Blob<128>, 4UL>' requested here
  225 |         result &= SeedBlockLenTest_Impl1<hashtype, blocklen>(hinfo, minoffset,
      |                   ^
<scratch>/codex/chainhash-m2-adjacent/smhasher3/tests/SeedBlockLenTest.cpp:234:13: note: in instantiation of function template specialization 'SeedBlockLenTest<Blob<128>>' requested here
  234 | INSTANTIATE(SeedBlockLenTest, HASHTYPELIST);
      |             ^
[ 54%] Building CXX object CMakeFiles/SMHasher3Hashlib.dir/hashes/poly_mersenne.cpp.o
<scratch>/codex/chainhash-m2-adjacent/smhasher3/tests/SeedBlockLenTest.cpp:141:27: warning: format specifies type 'long long' but the argument has type 'size_t' (aka 'unsigned long') [-Wformat]
  140 |     printf("Keyset 'SeedBlockLen' - %2zd-byte keys with block at offsets %s - %" PRId64 " hashes\n",
      |                                                                               ~~~~~~~~~
  141 |             keylen, pbuf, totaltests);
      |                           ^~~~~~~~~~
<scratch>/codex/chainhash-m2-adjacent/smhasher3/tests/SeedBlockLenTest.cpp:225:19: note: in instantiation of function template specialization 'SeedBlockLenTest_Impl1<Blob<160>, 4UL>' requested here
  225 |         result &= SeedBlockLenTest_Impl1<hashtype, blocklen>(hinfo, minoffset,
      |                   ^
<scratch>/codex/chainhash-m2-adjacent/smhasher3/tests/SeedBlockLenTest.cpp:234:13: note: in instantiation of function template specialization 'SeedBlockLenTest<Blob<160>>' requested here
  234 | INSTANTIATE(SeedBlockLenTest, HASHTYPELIST);
      |             ^
<scratch>/codex/chainhash-m2-adjacent/smhasher3/tests/SeedBlockLenTest.cpp:141:27: warning: format specifies type 'long long' but the argument has type 'size_t' (aka 'unsigned long') [-Wformat]
  140 |     printf("Keyset 'SeedBlockLen' - %2zd-byte keys with block at offsets %s - %" PRId64 " hashes\n",
      |                                                                               ~~~~~~~~~
  141 |             keylen, pbuf, totaltests);
      |                           ^~~~~~~~~~
<scratch>/codex/chainhash-m2-adjacent/smhasher3/tests/SeedBlockLenTest.cpp:225:19: note: in instantiation of function template specialization 'SeedBlockLenTest_Impl1<Blob<224>, 4UL>' requested here
  225 |         result &= SeedBlockLenTest_Impl1<hashtype, blocklen>(hinfo, minoffset,
      |                   ^
<scratch>/codex/chainhash-m2-adjacent/smhasher3/tests/SeedBlockLenTest.cpp:234:13: note: in instantiation of function template specialization 'SeedBlockLenTest<Blob<224>>' requested here
  234 | INSTANTIATE(SeedBlockLenTest, HASHTYPELIST);
      |             ^
<scratch>/codex/chainhash-m2-adjacent/smhasher3/tests/SeedBlockLenTest.cpp:141:27: warning: format specifies type 'long long' but the argument has type 'size_t' (aka 'unsigned long') [-Wformat]
  140 |     printf("Keyset 'SeedBlockLen' - %2zd-byte keys with block at offsets %s - %" PRId64 " hashes\n",
      |                                                                               ~~~~~~~~~
  141 |             keylen, pbuf, totaltests);
      |                           ^~~~~~~~~~
<scratch>/codex/chainhash-m2-adjacent/smhasher3/tests/SeedBlockLenTest.cpp:225:19: note: in instantiation of function template specialization 'SeedBlockLenTest_Impl1<Blob<256>, 4UL>' requested here
  225 |         result &= SeedBlockLenTest_Impl1<hashtype, blocklen>(hinfo, minoffset,
      |                   ^
<scratch>/codex/chainhash-m2-adjacent/smhasher3/tests/SeedBlockLenTest.cpp:234:13: note: in instantiation of function template specialization 'SeedBlockLenTest<Blob<256>>' requested here
  234 | INSTANTIATE(SeedBlockLenTest, HASHTYPELIST);
      |             ^
<scratch>/codex/chainhash-m2-adjacent/smhasher3/tests/SeedBlockOffsetTest.cpp:124:50: warning: format specifies type 'long long' but the argument has type 'size_t' (aka 'unsigned long') [-Wformat]
  123 |     printf("Keyset 'SeedBlockOffset' - [%zd..%zd]-byte keys with block at offset %zd - %" PRId64 " hashes\n",
      |                                                                                        ~~~~~~~~~
  124 |             keylen_min, keylen_max, blockoffset, totaltests);
      |                                                  ^~~~~~~~~~
<scratch>/codex/chainhash-m2-adjacent/smhasher3/tests/SeedBlockOffsetTest.cpp:199:19: note: in instantiation of function template specialization 'SeedBlockOffsetTest_Impl1<Blob<32>, 4UL>' requested here
  199 |         result &= SeedBlockOffsetTest_Impl1<hashtype, blocklen>(hinfo, minkeylen,
      |                   ^
<scratch>/codex/chainhash-m2-adjacent/smhasher3/tests/SeedBlockOffsetTest.cpp:208:13: note: in instantiation of function template specialization 'SeedBlockOffsetTest<Blob<32>>' requested here
  208 | INSTANTIATE(SeedBlockOffsetTest, HASHTYPELIST);
      |             ^
<scratch>/codex/chainhash-m2-adjacent/smhasher3/tests/SeedBlockOffsetTest.cpp:124:50: warning: format specifies type 'long long' but the argument has type 'size_t' (aka 'unsigned long') [-Wformat]
  123 |     printf("Keyset 'SeedBlockOffset' - [%zd..%zd]-byte keys with block at offset %zd - %" PRId64 " hashes\n",
      |                                                                                        ~~~~~~~~~
  124 |             keylen_min, keylen_max, blockoffset, totaltests);
      |                                                  ^~~~~~~~~~
<scratch>/codex/chainhash-m2-adjacent/smhasher3/tests/SeedBlockOffsetTest.cpp:199:19: note: in instantiation of function template specialization 'SeedBlockOffsetTest_Impl1<Blob<64>, 4UL>' requested here
  199 |         result &= SeedBlockOffsetTest_Impl1<hashtype, blocklen>(hinfo, minkeylen,
      |                   ^
<scratch>/codex/chainhash-m2-adjacent/smhasher3/tests/SeedBlockOffsetTest.cpp:208:13: note: in instantiation of function template specialization 'SeedBlockOffsetTest<Blob<64>>' requested here
  208 | INSTANTIATE(SeedBlockOffsetTest, HASHTYPELIST);
      |             ^
<scratch>/codex/chainhash-m2-adjacent/smhasher3/tests/SeedBlockOffsetTest.cpp:124:50: warning: format specifies type 'long long' but the argument has type 'size_t' (aka 'unsigned long') [-Wformat]
  123 |     printf("Keyset 'SeedBlockOffset' - [%zd..%zd]-byte keys with block at offset %zd - %" PRId64 " hashes\n",
      |                                                                                        ~~~~~~~~~
  124 |             keylen_min, keylen_max, blockoffset, totaltests);
      |                                                  ^~~~~~~~~~
<scratch>/codex/chainhash-m2-adjacent/smhasher3/tests/SeedBlockOffsetTest.cpp:199:19: note: in instantiation of function template specialization 'SeedBlockOffsetTest_Impl1<Blob<128>, 4UL>' requested here
  199 |         result &= SeedBlockOffsetTest_Impl1<hashtype, blocklen>(hinfo, minkeylen,
      |                   ^
<scratch>/codex/chainhash-m2-adjacent/smhasher3/tests/SeedBlockOffsetTest.cpp:208:13: note: in instantiation of function template specialization 'SeedBlockOffsetTest<Blob<128>>' requested here
  208 | INSTANTIATE(SeedBlockOffsetTest, HASHTYPELIST);
      |             ^
<scratch>/codex/chainhash-m2-adjacent/smhasher3/tests/SeedBlockOffsetTest.cpp:124:50: warning: format specifies type 'long long' but the argument has type 'size_t' (aka 'unsigned long') [-Wformat]
  123 |     printf("Keyset 'SeedBlockOffset' - [%zd..%zd]-byte keys with block at offset %zd - %" PRId64 " hashes\n",
      |                                                                                        ~~~~~~~~~
  124 |             keylen_min, keylen_max, blockoffset, totaltests);
      |                                                  ^~~~~~~~~~
<scratch>/codex/chainhash-m2-adjacent/smhasher3/tests/SeedBlockOffsetTest.cpp:199:19: note: in instantiation of function template specialization 'SeedBlockOffsetTest_Impl1<Blob<160>, 4UL>' requested here
  199 |         result &= SeedBlockOffsetTest_Impl1<hashtype, blocklen>(hinfo, minkeylen,
      |                   ^
<scratch>/codex/chainhash-m2-adjacent/smhasher3/tests/SeedBlockOffsetTest.cpp:208:13: note: in instantiation of function template specialization 'SeedBlockOffsetTest<Blob<160>>' requested here
  208 | INSTANTIATE(SeedBlockOffsetTest, HASHTYPELIST);
      |             ^
<scratch>/codex/chainhash-m2-adjacent/smhasher3/tests/SeedBlockOffsetTest.cpp:124:50: warning: format specifies type 'long long' but the argument has type 'size_t' (aka 'unsigned long') [-Wformat]
  123 |     printf("Keyset 'SeedBlockOffset' - [%zd..%zd]-byte keys with block at offset %zd - %" PRId64 " hashes\n",
      |                                                                                        ~~~~~~~~~
  124 |             keylen_min, keylen_max, blockoffset, totaltests);
      |                                                  ^~~~~~~~~~
<scratch>/codex/chainhash-m2-adjacent/smhasher3/tests/SeedBlockOffsetTest.cpp:199:19: note: in instantiation of function template specialization 'SeedBlockOffsetTest_Impl1<Blob<224>, 4UL>' requested here
  199 |         result &= SeedBlockOffsetTest_Impl1<hashtype, blocklen>(hinfo, minkeylen,
      |                   ^
<scratch>/codex/chainhash-m2-adjacent/smhasher3/tests/SeedBlockOffsetTest.cpp:208:13: note: in instantiation of function template specialization 'SeedBlockOffsetTest<Blob<224>>' requested here
  208 | INSTANTIATE(SeedBlockOffsetTest, HASHTYPELIST);
      |             ^
<scratch>/codex/chainhash-m2-adjacent/smhasher3/tests/SeedBlockOffsetTest.cpp:124:50: warning: format specifies type 'long long' but the argument has type 'size_t' (aka 'unsigned long') [-Wformat]
  123 |     printf("Keyset 'SeedBlockOffset' - [%zd..%zd]-byte keys with block at offset %zd - %" PRId64 " hashes\n",
      |                                                                                        ~~~~~~~~~
  124 |             keylen_min, keylen_max, blockoffset, totaltests);
      |                                                  ^~~~~~~~~~
<scratch>/codex/chainhash-m2-adjacent/smhasher3/tests/SeedBlockOffsetTest.cpp:199:19: note: in instantiation of function template specialization 'SeedBlockOffsetTest_Impl1<Blob<256>, 4UL>' requested here
  199 |         result &= SeedBlockOffsetTest_Impl1<hashtype, blocklen>(hinfo, minkeylen,
      |                   ^
<scratch>/codex/chainhash-m2-adjacent/smhasher3/tests/SeedBlockOffsetTest.cpp:208:13: note: in instantiation of function template specialization 'SeedBlockOffsetTest<Blob<256>>' requested here
  208 | INSTANTIATE(SeedBlockOffsetTest, HASHTYPELIST);
      |             ^
In file included from <scratch>/codex/chainhash-m2-adjacent/smhasher3/hashes/poly_mersenne.cpp:32:
<scratch>/codex/chainhash-m2-adjacent/smhasher3/include/hashlib/Hashlib.h:44:20: warning: '$' in identifier [-Wdollar-in-identifier-extension]
   44 |     HashFamilyInfo $(#N);                          \
      |                    ^
<scratch>/codex/chainhash-m2-adjacent/smhasher3/include/hashlib/Hashlib.h:46:12: warning: '$' in identifier [-Wdollar-in-identifier-extension]
   46 |     return $;                                      \
      |            ^
<scratch>/codex/chainhash-m2-adjacent/smhasher3/include/hashlib/Hashlib.h:54:14: warning: '$' in identifier [-Wdollar-in-identifier-extension]
   54 |     HashInfo $(#N, THIS_HASH_FAMILY.name);       \
      |              ^
<scratch>/codex/chainhash-m2-adjacent/smhasher3/include/hashlib/Hashlib.h:56:20: warning: '$' in identifier [-Wdollar-in-identifier-extension]
   56 |     register_hash(&$);                           \
      |                    ^
<scratch>/codex/chainhash-m2-adjacent/smhasher3/include/hashlib/Hashlib.h:57:12: warning: '$' in identifier [-Wdollar-in-identifier-extension]
   57 |     return $;                                    \
      |            ^
<scratch>/codex/chainhash-m2-adjacent/smhasher3/hashes/poly_mersenne.cpp:352:4: warning: '$' in identifier [-Wdollar-in-identifier-extension]
  352 |    $.src_url    = "https://github.com/rurban/smhasher/blob/master/Hashes.cpp",
      |    ^
<scratch>/codex/chainhash-m2-adjacent/smhasher3/hashes/poly_mersenne.cpp:353:4: warning: '$' in identifier [-Wdollar-in-identifier-extension]
  353 |    $.src_status = HashFamilyInfo::SRC_FROZEN
      |    ^
<scratch>/codex/chainhash-m2-adjacent/smhasher3/hashes/poly_mersenne.cpp:357:4: warning: '$' in identifier [-Wdollar-in-identifier-extension]
  357 |    $.desc       = "Degree 0 Hashing mod 2^61-1",
      |    ^
<scratch>/codex/chainhash-m2-adjacent/smhasher3/hashes/poly_mersenne.cpp:358:4: warning: '$' in identifier [-Wdollar-in-identifier-extension]
  358 |    $.impl       = "int128",
      |    ^
<scratch>/codex/chainhash-m2-adjacent/smhasher3/hashes/poly_mersenne.cpp:359:4: warning: '$' in identifier [-Wdollar-in-identifier-extension]
  359 |    $.hash_flags =
      |    ^
<scratch>/codex/chainhash-m2-adjacent/smhasher3/hashes/poly_mersenne.cpp:361:4: warning: '$' in identifier [-Wdollar-in-identifier-extension]
  361 |    $.impl_flags =
      |    ^
<scratch>/codex/chainhash-m2-adjacent/smhasher3/hashes/poly_mersenne.cpp:366:4: warning: '$' in identifier [-Wdollar-in-identifier-extension]
  366 |    $.bits = 32,
      |    ^
<scratch>/codex/chainhash-m2-adjacent/smhasher3/hashes/poly_mersenne.cpp:367:4: warning: '$' in identifier [-Wdollar-in-identifier-extension]
  367 |    $.verification_LE = 0x5D4B947A,
      |    ^
<scratch>/codex/chainhash-m2-adjacent/smhasher3/hashes/poly_mersenne.cpp:368:4: warning: '$' in identifier [-Wdollar-in-identifier-extension]
  368 |    $.verification_BE = 0x79E0F01B,
      |    ^
<scratch>/codex/chainhash-m2-adjacent/smhasher3/hashes/poly_mersenne.cpp:369:4: warning: '$' in identifier [-Wdollar-in-identifier-extension]
  369 |    $.seedfn          = poly_mersenne_seed_init,
      |    ^
<scratch>/codex/chainhash-m2-adjacent/smhasher3/hashes/poly_mersenne.cpp:370:4: warning: '$' in identifier [-Wdollar-in-identifier-extension]
  370 |    $.hashfn_native   = Poly_Mersenne<0, false, POLY_MERSENNE_BLOCK_BYTES_DEG0>,
      |    ^
<scratch>/codex/chainhash-m2-adjacent/smhasher3/hashes/poly_mersenne.cpp:371:4: warning: '$' in identifier [-Wdollar-in-identifier-extension]
  371 |    $.hashfn_bswap    = Poly_Mersenne<0, true, POLY_MERSENNE_BLOCK_BYTES_DEG0>
      |    ^
<scratch>/codex/chainhash-m2-adjacent/smhasher3/hashes/poly_mersenne.cpp:375:4: warning: '$' in identifier [-Wdollar-in-identifier-extension]
  375 |    $.desc       = "Degree 1 Hashing mod 2^61-1",
      |    ^
<scratch>/codex/chainhash-m2-adjacent/smhasher3/hashes/poly_mersenne.cpp:376:4: warning: '$' in identifier [-Wdollar-in-identifier-extension]
  376 |    $.impl       = "int128",
      |    ^
<scratch>/codex/chainhash-m2-adjacent/smhasher3/hashes/poly_mersenne.cpp:377:4: warning: '$' in identifier [-Wdollar-in-identifier-extension]
  377 |    $.hash_flags =
      |    ^
<scratch>/codex/chainhash-m2-adjacent/smhasher3/hashes/poly_mersenne.cpp:379:4: warning: '$' in identifier [-Wdollar-in-identifier-extension]
  379 |    $.impl_flags =
      |    ^
<scratch>/codex/chainhash-m2-adjacent/smhasher3/hashes/poly_mersenne.cpp:384:4: warning: '$' in identifier [-Wdollar-in-identifier-extension]
  384 |    $.bits = 32,
      |    ^
<scratch>/codex/chainhash-m2-adjacent/smhasher3/hashes/poly_mersenne.cpp:385:4: warning: '$' in identifier [-Wdollar-in-identifier-extension]
  385 |    $.verification_LE = 0x2C5C1B0E,
      |    ^
<scratch>/codex/chainhash-m2-adjacent/smhasher3/hashes/poly_mersenne.cpp:386:4: warning: '$' in identifier [-Wdollar-in-identifier-extension]
  386 |    $.verification_BE = 0xE85E0414,
      |    ^
<scratch>/codex/chainhash-m2-adjacent/smhasher3/hashes/poly_mersenne.cpp:387:4: warning: '$' in identifier [-Wdollar-in-identifier-extension]
  387 |    $.seedfn          = poly_mersenne_seed_init,
      |    ^
<scratch>/codex/chainhash-m2-adjacent/smhasher3/hashes/poly_mersenne.cpp:388:4: warning: '$' in identifier [-Wdollar-in-identifier-extension]
  388 |    $.hashfn_native   = Poly_Mersenne<1, false, POLY_MERSENNE_BLOCK_BYTES_DEG1>,
      |    ^
<scratch>/codex/chainhash-m2-adjacent/smhasher3/hashes/poly_mersenne.cpp:389:4: warning: '$' in identifier [-Wdollar-in-identifier-extension]
  389 |    $.hashfn_bswap    = Poly_Mersenne<1, true, POLY_MERSENNE_BLOCK_BYTES_DEG1>
      |    ^
<scratch>/codex/chainhash-m2-adjacent/smhasher3/hashes/poly_mersenne.cpp:393:4: warning: '$' in identifier [-Wdollar-in-identifier-extension]
  393 |    $.desc       = "Degree 2 Hashing mod 2^61-1",
      |    ^
<scratch>/codex/chainhash-m2-adjacent/smhasher3/hashes/poly_mersenne.cpp:394:4: warning: '$' in identifier [-Wdollar-in-identifier-extension]
  394 |    $.impl       = "int128",
      |    ^
<scratch>/codex/chainhash-m2-adjacent/smhasher3/hashes/poly_mersenne.cpp:395:4: warning: '$' in identifier [-Wdollar-in-identifier-extension]
  395 |    $.hash_flags =
      |    ^
<scratch>/codex/chainhash-m2-adjacent/smhasher3/hashes/poly_mersenne.cpp:397:4: warning: '$' in identifier [-Wdollar-in-identifier-extension]
  397 |    $.impl_flags =
      |    ^
<scratch>/codex/chainhash-m2-adjacent/smhasher3/hashes/poly_mersenne.cpp:402:4: warning: '$' in identifier [-Wdollar-in-identifier-extension]
  402 |    $.bits = 32,
      |    ^
<scratch>/codex/chainhash-m2-adjacent/smhasher3/hashes/poly_mersenne.cpp:403:4: warning: '$' in identifier [-Wdollar-in-identifier-extension]
  403 |    $.verification_LE = 0x35AF4EA2,
      |    ^
<scratch>/codex/chainhash-m2-adjacent/smhasher3/hashes/poly_mersenne.cpp:404:4: warning: '$' in identifier [-Wdollar-in-identifier-extension]
  404 |    $.verification_BE = 0xEA3BFB05,
      |    ^
<scratch>/codex/chainhash-m2-adjacent/smhasher3/hashes/poly_mersenne.cpp:405:4: warning: '$' in identifier [-Wdollar-in-identifier-extension]
  405 |    $.seedfn          = poly_mersenne_seed_init,
      |    ^
<scratch>/codex/chainhash-m2-adjacent/smhasher3/hashes/poly_mersenne.cpp:406:4: warning: '$' in identifier [-Wdollar-in-identifier-extension]
  406 |    $.hashfn_native   = Poly_Mersenne<2, false, POLY_MERSENNE_BLOCK_BYTES_DEG2>,
      |    ^
<scratch>/codex/chainhash-m2-adjacent/smhasher3/hashes/poly_mersenne.cpp:407:4: warning: '$' in identifier [-Wdollar-in-identifier-extension]
  407 |    $.hashfn_bswap    = Poly_Mersenne<2, true, POLY_MERSENNE_BLOCK_BYTES_DEG2>
      |    ^
<scratch>/codex/chainhash-m2-adjacent/smhasher3/hashes/poly_mersenne.cpp:411:4: warning: '$' in identifier [-Wdollar-in-identifier-extension]
  411 |    $.desc       = "Degree 3 Hashing mod 2^61-1",
      |    ^
<scratch>/codex/chainhash-m2-adjacent/smhasher3/hashes/poly_mersenne.cpp:412:4: warning: '$' in identifier [-Wdollar-in-identifier-extension]
  412 |    $.impl       = "int128",
      |    ^
<scratch>/codex/chainhash-m2-adjacent/smhasher3/hashes/poly_mersenne.cpp:413:4: warning: '$' in identifier [-Wdollar-in-identifier-extension]
  413 |    $.hash_flags =
      |    ^
<scratch>/codex/chainhash-m2-adjacent/smhasher3/hashes/poly_mersenne.cpp:415:4: warning: '$' in identifier [-Wdollar-in-identifier-extension]
  415 |    $.impl_flags =
      |    ^
<scratch>/codex/chainhash-m2-adjacent/smhasher3/hashes/poly_mersenne.cpp:420:4: warning: '$' in identifier [-Wdollar-in-identifier-extension]
  420 |    $.bits = 32,
      |    ^
<scratch>/codex/chainhash-m2-adjacent/smhasher3/hashes/poly_mersenne.cpp:421:4: warning: '$' in identifier [-Wdollar-in-identifier-extension]
  421 |    $.verification_LE = 0x8197A37D,
      |    ^
<scratch>/codex/chainhash-m2-adjacent/smhasher3/hashes/poly_mersenne.cpp:422:4: warning: '$' in identifier [-Wdollar-in-identifier-extension]
  422 |    $.verification_BE = 0x601CF718,
      |    ^
<scratch>/codex/chainhash-m2-adjacent/smhasher3/hashes/poly_mersenne.cpp:423:4: warning: '$' in identifier [-Wdollar-in-identifier-extension]
  423 |    $.seedfn          = poly_mersenne_seed_init,
      |    ^
<scratch>/codex/chainhash-m2-adjacent/smhasher3/hashes/poly_mersenne.cpp:424:4: warning: '$' in identifier [-Wdollar-in-identifier-extension]
  424 |    $.hashfn_native   = Poly_Mersenne<3, false, POLY_MERSENNE_BLOCK_BYTES_DEG3>,
      |    ^
<scratch>/codex/chainhash-m2-adjacent/smhasher3/hashes/poly_mersenne.cpp:425:4: warning: '$' in identifier [-Wdollar-in-identifier-extension]
  425 |    $.hashfn_bswap    = Poly_Mersenne<3, true, POLY_MERSENNE_BLOCK_BYTES_DEG3>
      |    ^
<scratch>/codex/chainhash-m2-adjacent/smhasher3/hashes/poly_mersenne.cpp:429:4: warning: '$' in identifier [-Wdollar-in-identifier-extension]
  429 |    $.desc       = "Degree 4 Hashing mod 2^61-1",
      |    ^
<scratch>/codex/chainhash-m2-adjacent/smhasher3/hashes/poly_mersenne.cpp:430:4: warning: '$' in identifier [-Wdollar-in-identifier-extension]
  430 |    $.impl       = "int128",
      |    ^
<scratch>/codex/chainhash-m2-adjacent/smhasher3/hashes/poly_mersenne.cpp:431:4: warning: '$' in identifier [-Wdollar-in-identifier-extension]
  431 |    $.hash_flags =
      |    ^
<scratch>/codex/chainhash-m2-adjacent/smhasher3/hashes/poly_mersenne.cpp:433:4: warning: '$' in identifier [-Wdollar-in-identifier-extension]
  433 |    $.impl_flags =
      |    ^
<scratch>/codex/chainhash-m2-adjacent/smhasher3/hashes/poly_mersenne.cpp:438:4: warning: '$' in identifier [-Wdollar-in-identifier-extension]
  438 |    $.bits = 32,
      |    ^
<scratch>/codex/chainhash-m2-adjacent/smhasher3/hashes/poly_mersenne.cpp:439:4: warning: '$' in identifier [-Wdollar-in-identifier-extension]
  439 |    $.verification_LE = 0x27C2F53B,
      |    ^
<scratch>/codex/chainhash-m2-adjacent/smhasher3/hashes/poly_mersenne.cpp:440:4: warning: '$' in identifier [-Wdollar-in-identifier-extension]
  440 |    $.verification_BE = 0x6857DC31,
      |    ^
<scratch>/codex/chainhash-m2-adjacent/smhasher3/hashes/poly_mersenne.cpp:441:4: warning: '$' in identifier [-Wdollar-in-identifier-extension]
  441 |    $.seedfn          = poly_mersenne_seed_init,
      |    ^
<scratch>/codex/chainhash-m2-adjacent/smhasher3/hashes/poly_mersenne.cpp:442:4: warning: '$' in identifier [-Wdollar-in-identifier-extension]
  442 |    $.hashfn_native   = Poly_Mersenne<4, false, POLY_MERSENNE_BLOCK_BYTES_DEG4>,
      |    ^
<scratch>/codex/chainhash-m2-adjacent/smhasher3/hashes/poly_mersenne.cpp:443:4: warning: '$' in identifier [-Wdollar-in-identifier-extension]
  443 |    $.hashfn_bswap    = Poly_Mersenne<4, true, POLY_MERSENNE_BLOCK_BYTES_DEG4>
      |    ^
57 warnings generated.
[ 54%] Building CXX object CMakeFiles/SMHasher3Hashlib.dir/hashes/injective_hash.cpp.o
6 warnings generated.
[ 55%] Building CXX object CMakeFiles/SMHasher3Hashlib.dir/hashes/chainhash.cpp.o
In file included from <scratch>/codex/chainhash-m2-adjacent/smhasher3/hashes/injective_hash.cpp:5:
<scratch>/codex/chainhash-m2-adjacent/smhasher3/include/hashlib/Hashlib.h:44:20: warning: '$' in identifier [-Wdollar-in-identifier-extension]
   44 |     HashFamilyInfo $(#N);                          \
      |                    ^
<scratch>/codex/chainhash-m2-adjacent/smhasher3/include/hashlib/Hashlib.h:46:12: warning: '$' in identifier [-Wdollar-in-identifier-extension]
   46 |     return $;                                      \
      |            ^
<scratch>/codex/chainhash-m2-adjacent/smhasher3/include/hashlib/Hashlib.h:54:14: warning: '$' in identifier [-Wdollar-in-identifier-extension]
   54 |     HashInfo $(#N, THIS_HASH_FAMILY.name);       \
      |              ^
<scratch>/codex/chainhash-m2-adjacent/smhasher3/include/hashlib/Hashlib.h:56:20: warning: '$' in identifier [-Wdollar-in-identifier-extension]
   56 |     register_hash(&$);                           \
      |                    ^
<scratch>/codex/chainhash-m2-adjacent/smhasher3/include/hashlib/Hashlib.h:57:12: warning: '$' in identifier [-Wdollar-in-identifier-extension]
   57 |     return $;                                    \
      |            ^
<scratch>/codex/chainhash-m2-adjacent/smhasher3/hashes/injective_hash.cpp:463:4: warning: '$' in identifier [-Wdollar-in-identifier-extension]
  463 |    $.src_status = HashFamilyInfo::SRC_UNKNOWN
      |    ^
<scratch>/codex/chainhash-m2-adjacent/smhasher3/hashes/injective_hash.cpp:467:4: warning: '$' in identifier [-Wdollar-in-identifier-extension]
  467 |    $.desc       = "Injective recursion hash (MUM mode)",
      |    ^
<scratch>/codex/chainhash-m2-adjacent/smhasher3/hashes/injective_hash.cpp:468:4: warning: '$' in identifier [-Wdollar-in-identifier-extension]
  468 |    $.impl_flags =
      |    ^
<scratch>/codex/chainhash-m2-adjacent/smhasher3/hashes/injective_hash.cpp:470:4: warning: '$' in identifier [-Wdollar-in-identifier-extension]
  470 |    $.bits = 64,
      |    ^
<scratch>/codex/chainhash-m2-adjacent/smhasher3/hashes/injective_hash.cpp:471:4: warning: '$' in identifier [-Wdollar-in-identifier-extension]
  471 |    $.verification_LE = 0x0,
      |    ^
<scratch>/codex/chainhash-m2-adjacent/smhasher3/hashes/injective_hash.cpp:472:4: warning: '$' in identifier [-Wdollar-in-identifier-extension]
  472 |    $.verification_BE = 0x0,
      |    ^
<scratch>/codex/chainhash-m2-adjacent/smhasher3/hashes/injective_hash.cpp:473:4: warning: '$' in identifier [-Wdollar-in-identifier-extension]
  473 |    $.seedfn          = injective_seed_init,
      |    ^
<scratch>/codex/chainhash-m2-adjacent/smhasher3/hashes/injective_hash.cpp:474:4: warning: '$' in identifier [-Wdollar-in-identifier-extension]
  474 |    $.hashfn_native   = InjectiveHash<InjectiveMumOps, false>,
      |    ^
<scratch>/codex/chainhash-m2-adjacent/smhasher3/hashes/injective_hash.cpp:475:4: warning: '$' in identifier [-Wdollar-in-identifier-extension]
  475 |    $.hashfn_bswap    = InjectiveHash<InjectiveMumOps, true>
      |    ^
<scratch>/codex/chainhash-m2-adjacent/smhasher3/hashes/injective_hash.cpp:481:4: warning: '$' in identifier [-Wdollar-in-identifier-extension]
  481 |    $.desc       = "Injective recursion hash (Mersenne mode)",
      |    ^
<scratch>/codex/chainhash-m2-adjacent/smhasher3/hashes/injective_hash.cpp:482:4: warning: '$' in identifier [-Wdollar-in-identifier-extension]
  482 |    $.impl_flags =
      |    ^
<scratch>/codex/chainhash-m2-adjacent/smhasher3/hashes/injective_hash.cpp:485:4: warning: '$' in identifier [-Wdollar-in-identifier-extension]
  485 |    $.bits = 64,
      |    ^
<scratch>/codex/chainhash-m2-adjacent/smhasher3/hashes/injective_hash.cpp:486:4: warning: '$' in identifier [-Wdollar-in-identifier-extension]
  486 |    $.verification_LE = 0x0,
      |    ^
<scratch>/codex/chainhash-m2-adjacent/smhasher3/hashes/injective_hash.cpp:487:4: warning: '$' in identifier [-Wdollar-in-identifier-extension]
  487 |    $.verification_BE = 0x0,
      |    ^
<scratch>/codex/chainhash-m2-adjacent/smhasher3/hashes/injective_hash.cpp:488:4: warning: '$' in identifier [-Wdollar-in-identifier-extension]
  488 |    $.seedfn          = injective_seed_init,
      |    ^
<scratch>/codex/chainhash-m2-adjacent/smhasher3/hashes/injective_hash.cpp:489:4: warning: '$' in identifier [-Wdollar-in-identifier-extension]
  489 |    $.hashfn_native   = InjectiveHash<InjectiveMersenneOps, false>,
      |    ^
<scratch>/codex/chainhash-m2-adjacent/smhasher3/hashes/injective_hash.cpp:490:4: warning: '$' in identifier [-Wdollar-in-identifier-extension]
  490 |    $.hashfn_bswap    = InjectiveHash<InjectiveMersenneOps, true>
      |    ^
In file included from <scratch>/codex/chainhash-m2-adjacent/smhasher3/hashes/chainhash.cpp:141:
<scratch>/codex/chainhash-m2-adjacent/smhasher3/include/hashlib/Hashlib.h:44:20: warning: '$' in identifier [-Wdollar-in-identifier-extension]
   44 |     HashFamilyInfo $(#N);                          \
      |                    ^
<scratch>/codex/chainhash-m2-adjacent/smhasher3/include/hashlib/Hashlib.h:46:12: warning: '$' in identifier [-Wdollar-in-identifier-extension]
   46 |     return $;                                      \
      |            ^
<scratch>/codex/chainhash-m2-adjacent/smhasher3/include/hashlib/Hashlib.h:54:14: warning: '$' in identifier [-Wdollar-in-identifier-extension]
   54 |     HashInfo $(#N, THIS_HASH_FAMILY.name);       \
      |              ^
<scratch>/codex/chainhash-m2-adjacent/smhasher3/include/hashlib/Hashlib.h:56:20: warning: '$' in identifier [-Wdollar-in-identifier-extension]
   56 |     register_hash(&$);                           \
      |                    ^
<scratch>/codex/chainhash-m2-adjacent/smhasher3/include/hashlib/Hashlib.h:57:12: warning: '$' in identifier [-Wdollar-in-identifier-extension]
   57 |     return $;                                    \
      |            ^
6 warnings generated.
[ 55%] Building CXX object CMakeFiles/SMHasher3Hashlib.dir/hashes/chainhash_smhasher3_adjacent1024.cpp.o
<scratch>/codex/chainhash-m2-adjacent/smhasher3/hashes/chainhash.cpp:1197:4: warning: '$' in identifier [-Wdollar-in-identifier-extension]
 1197 |    $.src_status = HashFamilyInfo::SRC_ACTIVE
      |    ^
<scratch>/codex/chainhash-m2-adjacent/smhasher3/hashes/chainhash.cpp:1201:4: warning: '$' in identifier [-Wdollar-in-identifier-extension]
 1201 |    $.desc       = "ChainHash (GF(2^64) carry-less PH with strided word pairing + three-key injective chain + degree-5 finalizer behind an additive twist), 256-byte blocks",
      |    ^
<scratch>/codex/chainhash-m2-adjacent/smhasher3/hashes/chainhash.cpp:1202:4: warning: '$' in identifier [-Wdollar-in-identifier-extension]
 1202 |    $.impl       = CHAINHASH_IMPL_STR,
      |    ^
<scratch>/codex/chainhash-m2-adjacent/smhasher3/hashes/chainhash.cpp:1203:4: warning: '$' in identifier [-Wdollar-in-identifier-extension]
 1203 |    $.hash_flags =
      |    ^
<scratch>/codex/chainhash-m2-adjacent/smhasher3/hashes/chainhash.cpp:1205:4: warning: '$' in identifier [-Wdollar-in-identifier-extension]
 1205 |    $.impl_flags =
      |    ^
<scratch>/codex/chainhash-m2-adjacent/smhasher3/hashes/chainhash.cpp:1207:4: warning: '$' in identifier [-Wdollar-in-identifier-extension]
 1207 |    $.bits = 64,
      |    ^
<scratch>/codex/chainhash-m2-adjacent/smhasher3/hashes/chainhash.cpp:1208:4: warning: '$' in identifier [-Wdollar-in-identifier-extension]
 1208 |    $.verification_LE = 0xAA4E2A3B,
      |    ^
<scratch>/codex/chainhash-m2-adjacent/smhasher3/hashes/chainhash.cpp:1209:4: warning: '$' in identifier [-Wdollar-in-identifier-extension]
 1209 |    $.verification_BE = 0x11037F6F,
      |    ^
<scratch>/codex/chainhash-m2-adjacent/smhasher3/hashes/chainhash.cpp:1210:4: warning: '$' in identifier [-Wdollar-in-identifier-extension]
 1210 |    $.seedfn          = chainhash_seed_init<32, 5>,
      |    ^
<scratch>/codex/chainhash-m2-adjacent/smhasher3/hashes/chainhash.cpp:1211:4: warning: '$' in identifier [-Wdollar-in-identifier-extension]
 1211 |    $.hashfn_native   = ChainHash<32, 5, 1, false>,
      |    ^
<scratch>/codex/chainhash-m2-adjacent/smhasher3/hashes/chainhash.cpp:1212:4: warning: '$' in identifier [-Wdollar-in-identifier-extension]
 1212 |    $.hashfn_bswap    = ChainHash<32, 5, 1, true>
      |    ^
<scratch>/codex/chainhash-m2-adjacent/smhasher3/hashes/chainhash.cpp:1216:4: warning: '$' in identifier [-Wdollar-in-identifier-extension]
 1216 |    $.desc       = "ChainHash (GF(2^64) carry-less PH with strided word pairing + three-key injective chain + degree-5 finalizer behind an additive twist), 1024-byte blocks, 2 sub-blocks per block",
      |    ^
<scratch>/codex/chainhash-m2-adjacent/smhasher3/hashes/chainhash.cpp:1217:4: warning: '$' in identifier [-Wdollar-in-identifier-extension]
 1217 |    $.impl       = CHAINHASH_IMPL_STR,
      |    ^
<scratch>/codex/chainhash-m2-adjacent/smhasher3/hashes/chainhash.cpp:1218:4: warning: '$' in identifier [-Wdollar-in-identifier-extension]
 1218 |    $.hash_flags =
      |    ^
<scratch>/codex/chainhash-m2-adjacent/smhasher3/hashes/chainhash.cpp:1220:4: warning: '$' in identifier [-Wdollar-in-identifier-extension]
 1220 |    $.impl_flags =
      |    ^
<scratch>/codex/chainhash-m2-adjacent/smhasher3/hashes/chainhash.cpp:1222:4: warning: '$' in identifier [-Wdollar-in-identifier-extension]
 1222 |    $.bits = 64,
      |    ^
<scratch>/codex/chainhash-m2-adjacent/smhasher3/hashes/chainhash.cpp:1223:4: warning: '$' in identifier [-Wdollar-in-identifier-extension]
 1223 |    $.verification_LE = 0x7A1ED2E0,
      |    ^
<scratch>/codex/chainhash-m2-adjacent/smhasher3/hashes/chainhash.cpp:1224:4: warning: '$' in identifier [-Wdollar-in-identifier-extension]
 1224 |    $.verification_BE = 0x85B2F299,
      |    ^
<scratch>/codex/chainhash-m2-adjacent/smhasher3/hashes/chainhash.cpp:1225:4: warning: '$' in identifier [-Wdollar-in-identifier-extension]
 1225 |    $.seedfn          = chainhash_seed_init<128, 5>,
      |    ^
<scratch>/codex/chainhash-m2-adjacent/smhasher3/hashes/chainhash.cpp:1226:4: warning: '$' in identifier [-Wdollar-in-identifier-extension]
 1226 |    $.hashfn_native   = ChainHash<128, 5, 2, false>,
      |    ^
<scratch>/codex/chainhash-m2-adjacent/smhasher3/hashes/chainhash.cpp:1227:4: warning: '$' in identifier [-Wdollar-in-identifier-extension]
 1227 |    $.hashfn_bswap    = ChainHash<128, 5, 2, true>
      |    ^
22 warnings generated.
[ 57%] Building CXX object CMakeFiles/SMHasher3Hashlib.dir/hashes/chainhash_smhasher3_adjacent256.cpp.o
26 warnings generated.
[ 57%] Building CXX object CMakeFiles/SMHasher3Tests.dir/tests/SeedAvalancheTest.cpp.o
In file included from <scratch>/codex/chainhash-m2-adjacent/smhasher3/hashes/chainhash_smhasher3_adjacent1024.cpp:1:
In file included from <scratch>/codex/chainhash-m2-adjacent/smhasher3/hashes/chainhash_smhasher3_adjacent_common.h:3:
<scratch>/codex/chainhash-m2-adjacent/smhasher3/include/hashlib/Hashlib.h:44:20: warning: '$' in identifier [-Wdollar-in-identifier-extension]
   44 |     HashFamilyInfo $(#N);                          \
      |                    ^
<scratch>/codex/chainhash-m2-adjacent/smhasher3/include/hashlib/Hashlib.h:46:12: warning: '$' in identifier [-Wdollar-in-identifier-extension]
   46 |     return $;                                      \
      |            ^
<scratch>/codex/chainhash-m2-adjacent/smhasher3/include/hashlib/Hashlib.h:54:14: warning: '$' in identifier [-Wdollar-in-identifier-extension]
   54 |     HashInfo $(#N, THIS_HASH_FAMILY.name);       \
      |              ^
<scratch>/codex/chainhash-m2-adjacent/smhasher3/include/hashlib/Hashlib.h:56:20: warning: '$' in identifier [-Wdollar-in-identifier-extension]
   56 |     register_hash(&$);                           \
      |                    ^
<scratch>/codex/chainhash-m2-adjacent/smhasher3/include/hashlib/Hashlib.h:57:12: warning: '$' in identifier [-Wdollar-in-identifier-extension]
   57 |     return $;                                    \
      |            ^
<scratch>/codex/chainhash-m2-adjacent/smhasher3/hashes/chainhash_smhasher3_adjacent1024.cpp:2:40: warning: '$' in identifier [-Wdollar-in-identifier-extension]
    2 | REGISTER_FAMILY(chainhash_adjacent1024,$.src_status=HashFamilyInfo::SRC_ACTIVE);
      |                                        ^
<scratch>/codex/chainhash-m2-adjacent/smhasher3/hashes/chainhash_smhasher3_adjacent1024.cpp:4:5: warning: '$' in identifier [-Wdollar-in-identifier-extension]
    4 |     $.desc="ChainHash adjacent LD2, 1024-byte definition, S=1, batch=1",
      |     ^
<scratch>/codex/chainhash-m2-adjacent/smhasher3/hashes/chainhash_smhasher3_adjacent1024.cpp:5:5: warning: '$' in identifier [-Wdollar-in-identifier-extension]
    5 |     $.impl="neon-ld2-pmull",
      |     ^
<scratch>/codex/chainhash-m2-adjacent/smhasher3/hashes/chainhash_smhasher3_adjacent1024.cpp:6:5: warning: '$' in identifier [-Wdollar-in-identifier-extension]
    6 |     $.hash_flags=FLAG_HASH_CLMUL_BASED | FLAG_HASH_ENDIAN_INDEPENDENT,
      |     ^
<scratch>/codex/chainhash-m2-adjacent/smhasher3/hashes/chainhash_smhasher3_adjacent1024.cpp:7:5: warning: '$' in identifier [-Wdollar-in-identifier-extension]
    7 |     $.impl_flags=FLAG_IMPL_LICENSE_MIT | FLAG_IMPL_CANONICAL_BOTH,
      |     ^
<scratch>/codex/chainhash-m2-adjacent/smhasher3/hashes/chainhash_smhasher3_adjacent1024.cpp:8:5: warning: '$' in identifier [-Wdollar-in-identifier-extension]
    8 |     $.bits=64,
      |     ^
<scratch>/codex/chainhash-m2-adjacent/smhasher3/hashes/chainhash_smhasher3_adjacent1024.cpp:9:5: warning: '$' in identifier [-Wdollar-in-identifier-extension]
    9 |     $.verification_LE=0,
      |     ^
<scratch>/codex/chainhash-m2-adjacent/smhasher3/hashes/chainhash_smhasher3_adjacent1024.cpp:10:5: warning: '$' in identifier [-Wdollar-in-identifier-extension]
   10 |     $.verification_BE=0,
      |     ^
<scratch>/codex/chainhash-m2-adjacent/smhasher3/hashes/chainhash_smhasher3_adjacent1024.cpp:11:5: warning: '$' in identifier [-Wdollar-in-identifier-extension]
   11 |     $.seedfn=adjacent_seed,
      |     ^
<scratch>/codex/chainhash-m2-adjacent/smhasher3/hashes/chainhash_smhasher3_adjacent1024.cpp:12:5: warning: '$' in identifier [-Wdollar-in-identifier-extension]
   12 |     $.hashfn_native=Adjacent<1>,
      |     ^
<scratch>/codex/chainhash-m2-adjacent/smhasher3/hashes/chainhash_smhasher3_adjacent1024.cpp:13:5: warning: '$' in identifier [-Wdollar-in-identifier-extension]
   13 |     $.hashfn_bswap=Adjacent<1>
      |     ^
16 warnings generated.
[ 58%] Building CXX object CMakeFiles/SMHasher3Tests.dir/tests/SeedBitIndependenceTest.cpp.o
In file included from <scratch>/codex/chainhash-m2-adjacent/smhasher3/hashes/chainhash_smhasher3_adjacent256.cpp:2:
In file included from <scratch>/codex/chainhash-m2-adjacent/smhasher3/hashes/chainhash_smhasher3_adjacent_common.h:3:
<scratch>/codex/chainhash-m2-adjacent/smhasher3/include/hashlib/Hashlib.h:44:20: warning: '$' in identifier [-Wdollar-in-identifier-extension]
   44 |     HashFamilyInfo $(#N);                          \
      |                    ^
<scratch>/codex/chainhash-m2-adjacent/smhasher3/include/hashlib/Hashlib.h:46:12: warning: '$' in identifier [-Wdollar-in-identifier-extension]
   46 |     return $;                                      \
      |            ^
<scratch>/codex/chainhash-m2-adjacent/smhasher3/include/hashlib/Hashlib.h:54:14: warning: '$' in identifier [-Wdollar-in-identifier-extension]
   54 |     HashInfo $(#N, THIS_HASH_FAMILY.name);       \
      |              ^
<scratch>/codex/chainhash-m2-adjacent/smhasher3/include/hashlib/Hashlib.h:56:20: warning: '$' in identifier [-Wdollar-in-identifier-extension]
   56 |     register_hash(&$);                           \
      |                    ^
<scratch>/codex/chainhash-m2-adjacent/smhasher3/include/hashlib/Hashlib.h:57:12: warning: '$' in identifier [-Wdollar-in-identifier-extension]
   57 |     return $;                                    \
      |            ^
[ 59%] Building CXX object CMakeFiles/SMHasher3Tests.dir/tests/BadSeedsTest.cpp.o
<scratch>/codex/chainhash-m2-adjacent/smhasher3/hashes/chainhash_smhasher3_adjacent256.cpp:3:39: warning: '$' in identifier [-Wdollar-in-identifier-extension]
    3 | REGISTER_FAMILY(chainhash_adjacent256,$.src_status=HashFamilyInfo::SRC_ACTIVE);
      |                                       ^
<scratch>/codex/chainhash-m2-adjacent/smhasher3/hashes/chainhash_smhasher3_adjacent256.cpp:5:5: warning: '$' in identifier [-Wdollar-in-identifier-extension]
    5 |     $.desc="ChainHash adjacent LD2, 256-byte definition, batch=1",
      |     ^
<scratch>/codex/chainhash-m2-adjacent/smhasher3/hashes/chainhash_smhasher3_adjacent256.cpp:6:5: warning: '$' in identifier [-Wdollar-in-identifier-extension]
    6 |     $.impl="neon-ld2-pmull",
      |     ^
<scratch>/codex/chainhash-m2-adjacent/smhasher3/hashes/chainhash_smhasher3_adjacent256.cpp:7:5: warning: '$' in identifier [-Wdollar-in-identifier-extension]
    7 |     $.hash_flags=FLAG_HASH_CLMUL_BASED | FLAG_HASH_ENDIAN_INDEPENDENT,
      |     ^
<scratch>/codex/chainhash-m2-adjacent/smhasher3/hashes/chainhash_smhasher3_adjacent256.cpp:8:5: warning: '$' in identifier [-Wdollar-in-identifier-extension]
    8 |     $.impl_flags=FLAG_IMPL_LICENSE_MIT | FLAG_IMPL_CANONICAL_BOTH,
      |     ^
<scratch>/codex/chainhash-m2-adjacent/smhasher3/hashes/chainhash_smhasher3_adjacent256.cpp:9:5: warning: '$' in identifier [-Wdollar-in-identifier-extension]
    9 |     $.bits=64,
      |     ^
<scratch>/codex/chainhash-m2-adjacent/smhasher3/hashes/chainhash_smhasher3_adjacent256.cpp:10:5: warning: '$' in identifier [-Wdollar-in-identifier-extension]
   10 |     $.verification_LE=0,
      |     ^
<scratch>/codex/chainhash-m2-adjacent/smhasher3/hashes/chainhash_smhasher3_adjacent256.cpp:11:5: warning: '$' in identifier [-Wdollar-in-identifier-extension]
   11 |     $.verification_BE=0,
      |     ^
<scratch>/codex/chainhash-m2-adjacent/smhasher3/hashes/chainhash_smhasher3_adjacent256.cpp:12:5: warning: '$' in identifier [-Wdollar-in-identifier-extension]
   12 |     $.seedfn=adjacent_seed,
      |     ^
<scratch>/codex/chainhash-m2-adjacent/smhasher3/hashes/chainhash_smhasher3_adjacent256.cpp:13:5: warning: '$' in identifier [-Wdollar-in-identifier-extension]
   13 |     $.hashfn_native=Adjacent<1>,
      |     ^
<scratch>/codex/chainhash-m2-adjacent/smhasher3/hashes/chainhash_smhasher3_adjacent256.cpp:14:5: warning: '$' in identifier [-Wdollar-in-identifier-extension]
   14 |     $.hashfn_bswap=Adjacent<1>
      |     ^
<scratch>/codex/chainhash-m2-adjacent/smhasher3/hashes/chainhash_smhasher3_adjacent256.cpp:17:5: warning: '$' in identifier [-Wdollar-in-identifier-extension]
   17 |     $.desc="ChainHash adjacent LD2, 256-byte definition, batch=2",
      |     ^
<scratch>/codex/chainhash-m2-adjacent/smhasher3/hashes/chainhash_smhasher3_adjacent256.cpp:18:5: warning: '$' in identifier [-Wdollar-in-identifier-extension]
   18 |     $.impl="neon-ld2-pmull",
      |     ^
<scratch>/codex/chainhash-m2-adjacent/smhasher3/hashes/chainhash_smhasher3_adjacent256.cpp:19:5: warning: '$' in identifier [-Wdollar-in-identifier-extension]
   19 |     $.hash_flags=FLAG_HASH_CLMUL_BASED | FLAG_HASH_ENDIAN_INDEPENDENT,
      |     ^
<scratch>/codex/chainhash-m2-adjacent/smhasher3/hashes/chainhash_smhasher3_adjacent256.cpp:20:5: warning: '$' in identifier [-Wdollar-in-identifier-extension]
   20 |     $.impl_flags=FLAG_IMPL_LICENSE_MIT | FLAG_IMPL_CANONICAL_BOTH,
      |     ^
<scratch>/codex/chainhash-m2-adjacent/smhasher3/hashes/chainhash_smhasher3_adjacent256.cpp:21:5: warning: '$' in identifier [-Wdollar-in-identifier-extension]
   21 |     $.bits=64,
      |     ^
<scratch>/codex/chainhash-m2-adjacent/smhasher3/hashes/chainhash_smhasher3_adjacent256.cpp:22:5: warning: '$' in identifier [-Wdollar-in-identifier-extension]
   22 |     $.verification_LE=0,
      |     ^
<scratch>/codex/chainhash-m2-adjacent/smhasher3/hashes/chainhash_smhasher3_adjacent256.cpp:23:5: warning: '$' in identifier [-Wdollar-in-identifier-extension]
   23 |     $.verification_BE=0,
      |     ^
<scratch>/codex/chainhash-m2-adjacent/smhasher3/hashes/chainhash_smhasher3_adjacent256.cpp:24:5: warning: '$' in identifier [-Wdollar-in-identifier-extension]
   24 |     $.seedfn=adjacent_seed,
      |     ^
<scratch>/codex/chainhash-m2-adjacent/smhasher3/hashes/chainhash_smhasher3_adjacent256.cpp:25:5: warning: '$' in identifier [-Wdollar-in-identifier-extension]
   25 |     $.hashfn_native=Adjacent<2>,
      |     ^
<scratch>/codex/chainhash-m2-adjacent/smhasher3/hashes/chainhash_smhasher3_adjacent256.cpp:26:5: warning: '$' in identifier [-Wdollar-in-identifier-extension]
   26 |     $.hashfn_bswap=Adjacent<2>
      |     ^
<scratch>/codex/chainhash-m2-adjacent/smhasher3/hashes/chainhash_smhasher3_adjacent256.cpp:29:5: warning: '$' in identifier [-Wdollar-in-identifier-extension]
   29 |     $.desc="ChainHash adjacent LD2, 256-byte definition, batch=4",
      |     ^
<scratch>/codex/chainhash-m2-adjacent/smhasher3/hashes/chainhash_smhasher3_adjacent256.cpp:30:5: warning: '$' in identifier [-Wdollar-in-identifier-extension]
   30 |     $.impl="neon-ld2-pmull",
      |     ^
<scratch>/codex/chainhash-m2-adjacent/smhasher3/hashes/chainhash_smhasher3_adjacent256.cpp:31:5: warning: '$' in identifier [-Wdollar-in-identifier-extension]
   31 |     $.hash_flags=FLAG_HASH_CLMUL_BASED | FLAG_HASH_ENDIAN_INDEPENDENT,
      |     ^
<scratch>/codex/chainhash-m2-adjacent/smhasher3/hashes/chainhash_smhasher3_adjacent256.cpp:32:5: warning: '$' in identifier [-Wdollar-in-identifier-extension]
   32 |     $.impl_flags=FLAG_IMPL_LICENSE_MIT | FLAG_IMPL_CANONICAL_BOTH,
      |     ^
<scratch>/codex/chainhash-m2-adjacent/smhasher3/hashes/chainhash_smhasher3_adjacent256.cpp:33:5: warning: '$' in identifier [-Wdollar-in-identifier-extension]
   33 |     $.bits=64,
      |     ^
<scratch>/codex/chainhash-m2-adjacent/smhasher3/hashes/chainhash_smhasher3_adjacent256.cpp:34:5: warning: '$' in identifier [-Wdollar-in-identifier-extension]
   34 |     $.verification_LE=0,
      |     ^
<scratch>/codex/chainhash-m2-adjacent/smhasher3/hashes/chainhash_smhasher3_adjacent256.cpp:35:5: warning: '$' in identifier [-Wdollar-in-identifier-extension]
   35 |     $.verification_BE=0,
      |     ^
<scratch>/codex/chainhash-m2-adjacent/smhasher3/hashes/chainhash_smhasher3_adjacent256.cpp:36:5: warning: '$' in identifier [-Wdollar-in-identifier-extension]
   36 |     $.seedfn=adjacent_seed,
      |     ^
<scratch>/codex/chainhash-m2-adjacent/smhasher3/hashes/chainhash_smhasher3_adjacent256.cpp:37:5: warning: '$' in identifier [-Wdollar-in-identifier-extension]
   37 |     $.hashfn_native=Adjacent<4>,
      |     ^
<scratch>/codex/chainhash-m2-adjacent/smhasher3/hashes/chainhash_smhasher3_adjacent256.cpp:38:5: warning: '$' in identifier [-Wdollar-in-identifier-extension]
   38 |     $.hashfn_bswap=Adjacent<4>
      |     ^
<scratch>/codex/chainhash-m2-adjacent/smhasher3/hashes/chainhash_smhasher3_adjacent256.cpp:41:5: warning: '$' in identifier [-Wdollar-in-identifier-extension]
   41 |     $.desc="ChainHash adjacent LD2, 256-byte definition, batch=8",
      |     ^
<scratch>/codex/chainhash-m2-adjacent/smhasher3/hashes/chainhash_smhasher3_adjacent256.cpp:42:5: warning: '$' in identifier [-Wdollar-in-identifier-extension]
   42 |     $.impl="neon-ld2-pmull",
      |     ^
<scratch>/codex/chainhash-m2-adjacent/smhasher3/hashes/chainhash_smhasher3_adjacent256.cpp:43:5: warning: '$' in identifier [-Wdollar-in-identifier-extension]
   43 |     $.hash_flags=FLAG_HASH_CLMUL_BASED | FLAG_HASH_ENDIAN_INDEPENDENT,
      |     ^
<scratch>/codex/chainhash-m2-adjacent/smhasher3/hashes/chainhash_smhasher3_adjacent256.cpp:44:5: warning: '$' in identifier [-Wdollar-in-identifier-extension]
   44 |     $.impl_flags=FLAG_IMPL_LICENSE_MIT | FLAG_IMPL_CANONICAL_BOTH,
      |     ^
<scratch>/codex/chainhash-m2-adjacent/smhasher3/hashes/chainhash_smhasher3_adjacent256.cpp:45:5: warning: '$' in identifier [-Wdollar-in-identifier-extension]
   45 |     $.bits=64,
      |     ^
<scratch>/codex/chainhash-m2-adjacent/smhasher3/hashes/chainhash_smhasher3_adjacent256.cpp:46:5: warning: '$' in identifier [-Wdollar-in-identifier-extension]
   46 |     $.verification_LE=0,
      |     ^
<scratch>/codex/chainhash-m2-adjacent/smhasher3/hashes/chainhash_smhasher3_adjacent256.cpp:47:5: warning: '$' in identifier [-Wdollar-in-identifier-extension]
   47 |     $.verification_BE=0,
      |     ^
<scratch>/codex/chainhash-m2-adjacent/smhasher3/hashes/chainhash_smhasher3_adjacent256.cpp:48:5: warning: '$' in identifier [-Wdollar-in-identifier-extension]
   48 |     $.seedfn=adjacent_seed,
      |     ^
<scratch>/codex/chainhash-m2-adjacent/smhasher3/hashes/chainhash_smhasher3_adjacent256.cpp:49:5: warning: '$' in identifier [-Wdollar-in-identifier-extension]
   49 |     $.hashfn_native=Adjacent<8>,
      |     ^
<scratch>/codex/chainhash-m2-adjacent/smhasher3/hashes/chainhash_smhasher3_adjacent256.cpp:50:5: warning: '$' in identifier [-Wdollar-in-identifier-extension]
   50 |     $.hashfn_bswap=Adjacent<8>
      |     ^
46 warnings generated.
[ 60%] Building CXX object CMakeFiles/SMHasher3Hashlib.dir/hashes/chainhash_goldi_exp.cpp.o
<scratch>/codex/chainhash-m2-adjacent/smhasher3/tests/BadSeedsTest.cpp:417:56: warning: format specifies type 'unsigned long long' but the argument has type 'size_type' (aka 'unsigned long') [-Wformat]
  417 |     printf("Testing %" PRIu64 " known bad seed(s):\n", seeds.size());
      |                     ~~~~~~~~~                          ^~~~~~~~~~~~
<scratch>/codex/chainhash-m2-adjacent/smhasher3/tests/BadSeedsTest.cpp:452:15: note: in instantiation of function template specialization 'BadSeedsKnown<Blob<32>>' requested here
  452 |     result &= BadSeedsKnown<hashtype>(hinfo, find_new_seeds);
      |               ^
<scratch>/codex/chainhash-m2-adjacent/smhasher3/tests/BadSeedsTest.cpp:473:13: note: in instantiation of function template specialization 'BadSeedsTest<Blob<32>>' requested here
  473 | INSTANTIATE(BadSeedsTest, HASHTYPELIST);
      |             ^
<scratch>/codex/chainhash-m2-adjacent/smhasher3/tests/BadSeedsTest.cpp:417:56: warning: format specifies type 'unsigned long long' but the argument has type 'size_type' (aka 'unsigned long') [-Wformat]
  417 |     printf("Testing %" PRIu64 " known bad seed(s):\n", seeds.size());
      |                     ~~~~~~~~~                          ^~~~~~~~~~~~
<scratch>/codex/chainhash-m2-adjacent/smhasher3/tests/BadSeedsTest.cpp:452:15: note: in instantiation of function template specialization 'BadSeedsKnown<Blob<64>>' requested here
  452 |     result &= BadSeedsKnown<hashtype>(hinfo, find_new_seeds);
      |               ^
<scratch>/codex/chainhash-m2-adjacent/smhasher3/tests/BadSeedsTest.cpp:473:13: note: in instantiation of function template specialization 'BadSeedsTest<Blob<64>>' requested here
  473 | INSTANTIATE(BadSeedsTest, HASHTYPELIST);
      |             ^
<scratch>/codex/chainhash-m2-adjacent/smhasher3/tests/BadSeedsTest.cpp:417:56: warning: format specifies type 'unsigned long long' but the argument has type 'size_type' (aka 'unsigned long') [-Wformat]
  417 |     printf("Testing %" PRIu64 " known bad seed(s):\n", seeds.size());
      |                     ~~~~~~~~~                          ^~~~~~~~~~~~
<scratch>/codex/chainhash-m2-adjacent/smhasher3/tests/BadSeedsTest.cpp:452:15: note: in instantiation of function template specialization 'BadSeedsKnown<Blob<128>>' requested here
  452 |     result &= BadSeedsKnown<hashtype>(hinfo, find_new_seeds);
      |               ^
<scratch>/codex/chainhash-m2-adjacent/smhasher3/tests/BadSeedsTest.cpp:473:13: note: in instantiation of function template specialization 'BadSeedsTest<Blob<128>>' requested here
  473 | INSTANTIATE(BadSeedsTest, HASHTYPELIST);
      |             ^
<scratch>/codex/chainhash-m2-adjacent/smhasher3/tests/BadSeedsTest.cpp:417:56: warning: format specifies type 'unsigned long long' but the argument has type 'size_type' (aka 'unsigned long') [-Wformat]
  417 |     printf("Testing %" PRIu64 " known bad seed(s):\n", seeds.size());
      |                     ~~~~~~~~~                          ^~~~~~~~~~~~
<scratch>/codex/chainhash-m2-adjacent/smhasher3/tests/BadSeedsTest.cpp:452:15: note: in instantiation of function template specialization 'BadSeedsKnown<Blob<160>>' requested here
  452 |     result &= BadSeedsKnown<hashtype>(hinfo, find_new_seeds);
      |               ^
<scratch>/codex/chainhash-m2-adjacent/smhasher3/tests/BadSeedsTest.cpp:473:13: note: in instantiation of function template specialization 'BadSeedsTest<Blob<160>>' requested here
  473 | INSTANTIATE(BadSeedsTest, HASHTYPELIST);
      |             ^
<scratch>/codex/chainhash-m2-adjacent/smhasher3/tests/BadSeedsTest.cpp:417:56: warning: format specifies type 'unsigned long long' but the argument has type 'size_type' (aka 'unsigned long') [-Wformat]
  417 |     printf("Testing %" PRIu64 " known bad seed(s):\n", seeds.size());
      |                     ~~~~~~~~~                          ^~~~~~~~~~~~
<scratch>/codex/chainhash-m2-adjacent/smhasher3/tests/BadSeedsTest.cpp:452:15: note: in instantiation of function template specialization 'BadSeedsKnown<Blob<224>>' requested here
  452 |     result &= BadSeedsKnown<hashtype>(hinfo, find_new_seeds);
      |               ^
<scratch>/codex/chainhash-m2-adjacent/smhasher3/tests/BadSeedsTest.cpp:473:13: note: in instantiation of function template specialization 'BadSeedsTest<Blob<224>>' requested here
  473 | INSTANTIATE(BadSeedsTest, HASHTYPELIST);
      |             ^
<scratch>/codex/chainhash-m2-adjacent/smhasher3/tests/BadSeedsTest.cpp:417:56: warning: format specifies type 'unsigned long long' but the argument has type 'size_type' (aka 'unsigned long') [-Wformat]
  417 |     printf("Testing %" PRIu64 " known bad seed(s):\n", seeds.size());
      |                     ~~~~~~~~~                          ^~~~~~~~~~~~
<scratch>/codex/chainhash-m2-adjacent/smhasher3/tests/BadSeedsTest.cpp:452:15: note: in instantiation of function template specialization 'BadSeedsKnown<Blob<256>>' requested here
  452 |     result &= BadSeedsKnown<hashtype>(hinfo, find_new_seeds);
      |               ^
<scratch>/codex/chainhash-m2-adjacent/smhasher3/tests/BadSeedsTest.cpp:473:13: note: in instantiation of function template specialization 'BadSeedsTest<Blob<256>>' requested here
  473 | INSTANTIATE(BadSeedsTest, HASHTYPELIST);
      |             ^
In file included from <scratch>/codex/chainhash-m2-adjacent/smhasher3/hashes/chainhash_goldi_exp.cpp:122:
<scratch>/codex/chainhash-m2-adjacent/smhasher3/include/hashlib/Hashlib.h:44:20: warning: '$' in identifier [-Wdollar-in-identifier-extension]
   44 |     HashFamilyInfo $(#N);                          \
      |                    ^
<scratch>/codex/chainhash-m2-adjacent/smhasher3/include/hashlib/Hashlib.h:46:12: warning: '$' in identifier [-Wdollar-in-identifier-extension]
   46 |     return $;                                      \
      |            ^
<scratch>/codex/chainhash-m2-adjacent/smhasher3/include/hashlib/Hashlib.h:54:14: warning: '$' in identifier [-Wdollar-in-identifier-extension]
   54 |     HashInfo $(#N, THIS_HASH_FAMILY.name);       \
      |              ^
<scratch>/codex/chainhash-m2-adjacent/smhasher3/include/hashlib/Hashlib.h:56:20: warning: '$' in identifier [-Wdollar-in-identifier-extension]
   56 |     register_hash(&$);                           \
      |                    ^
<scratch>/codex/chainhash-m2-adjacent/smhasher3/include/hashlib/Hashlib.h:57:12: warning: '$' in identifier [-Wdollar-in-identifier-extension]
   57 |     return $;                                    \
      |            ^
<scratch>/codex/chainhash-m2-adjacent/smhasher3/hashes/chainhash_goldi_exp.cpp:1229:4: warning: '$' in identifier [-Wdollar-in-identifier-extension]
 1229 |    $.src_status = HashFamilyInfo::SRC_ACTIVE
      |    ^
<scratch>/codex/chainhash-m2-adjacent/smhasher3/hashes/chainhash_goldi_exp.cpp:1233:4: warning: '$' in identifier [-Wdollar-in-identifier-extension]
 1233 |    $.desc       = "ChainHash EXPERIMENT: carry-less PH + three-key injective chain + Goldilocks-field Motzkin quartic finalizer (2 mults, 4-wise), 256-byte blocks",
      |    ^
<scratch>/codex/chainhash-m2-adjacent/smhasher3/hashes/chainhash_goldi_exp.cpp:1234:4: warning: '$' in identifier [-Wdollar-in-identifier-extension]
 1234 |    $.impl       = CHG_IMPL_STR,
      |    ^
<scratch>/codex/chainhash-m2-adjacent/smhasher3/hashes/chainhash_goldi_exp.cpp:1235:4: warning: '$' in identifier [-Wdollar-in-identifier-extension]
 1235 |    $.hash_flags =
      |    ^
<scratch>/codex/chainhash-m2-adjacent/smhasher3/hashes/chainhash_goldi_exp.cpp:1237:4: warning: '$' in identifier [-Wdollar-in-identifier-extension]
 1237 |    $.impl_flags =
      |    ^
<scratch>/codex/chainhash-m2-adjacent/smhasher3/hashes/chainhash_goldi_exp.cpp:1239:4: warning: '$' in identifier [-Wdollar-in-identifier-extension]
 1239 |    $.bits = 64,
      |    ^
<scratch>/codex/chainhash-m2-adjacent/smhasher3/hashes/chainhash_goldi_exp.cpp:1240:4: warning: '$' in identifier [-Wdollar-in-identifier-extension]
 1240 |    $.verification_LE = 0xA3577E75,
      |    ^
<scratch>/codex/chainhash-m2-adjacent/smhasher3/hashes/chainhash_goldi_exp.cpp:1241:4: warning: '$' in identifier [-Wdollar-in-identifier-extension]
 1241 |    $.verification_BE = 0xAE143AED,
      |    ^
<scratch>/codex/chainhash-m2-adjacent/smhasher3/hashes/chainhash_goldi_exp.cpp:1242:4: warning: '$' in identifier [-Wdollar-in-identifier-extension]
 1242 |    $.seedfn          = chg_seed_init<32, 5, CHG_FIN_G4>,
      |    ^
<scratch>/codex/chainhash-m2-adjacent/smhasher3/hashes/chainhash_goldi_exp.cpp:1243:4: warning: '$' in identifier [-Wdollar-in-identifier-extension]
 1243 |    $.hashfn_native   = ChainHashG<32, 5, 1, CHG_FIN_G4, false>,
      |    ^
<scratch>/codex/chainhash-m2-adjacent/smhasher3/hashes/chainhash_goldi_exp.cpp:1244:4: warning: '$' in identifier [-Wdollar-in-identifier-extension]
 1244 |    $.hashfn_bswap    = ChainHashG<32, 5, 1, CHG_FIN_G4, true>
      |    ^
<scratch>/codex/chainhash-m2-adjacent/smhasher3/hashes/chainhash_goldi_exp.cpp:1248:4: warning: '$' in identifier [-Wdollar-in-identifier-extension]
 1248 |    $.desc       = "ChainHash EXPERIMENT: carry-less PH + three-key injective chain + Goldilocks-field degree-5 finalizer (3 mults, 5-wise), 256-byte blocks",
      |    ^
<scratch>/codex/chainhash-m2-adjacent/smhasher3/hashes/chainhash_goldi_exp.cpp:1249:4: warning: '$' in identifier [-Wdollar-in-identifier-extension]
 1249 |    $.impl       = CHG_IMPL_STR,
      |    ^
<scratch>/codex/chainhash-m2-adjacent/smhasher3/hashes/chainhash_goldi_exp.cpp:1250:4: warning: '$' in identifier [-Wdollar-in-identifier-extension]
 1250 |    $.hash_flags =
      |    ^
<scratch>/codex/chainhash-m2-adjacent/smhasher3/hashes/chainhash_goldi_exp.cpp:1252:4: warning: '$' in identifier [-Wdollar-in-identifier-extension]
 1252 |    $.impl_flags =
      |    ^
<scratch>/codex/chainhash-m2-adjacent/smhasher3/hashes/chainhash_goldi_exp.cpp:1254:4: warning: '$' in identifier [-Wdollar-in-identifier-extension]
 1254 |    $.bits = 64,
      |    ^
<scratch>/codex/chainhash-m2-adjacent/smhasher3/hashes/chainhash_goldi_exp.cpp:1255:4: warning: '$' in identifier [-Wdollar-in-identifier-extension]
 1255 |    $.verification_LE = 0xF89E636F,
      |    ^
<scratch>/codex/chainhash-m2-adjacent/smhasher3/hashes/chainhash_goldi_exp.cpp:1256:4: warning: '$' in identifier [-Wdollar-in-identifier-extension]
 1256 |    $.verification_BE = 0x229C22B5,
      |    ^
<scratch>/codex/chainhash-m2-adjacent/smhasher3/hashes/chainhash_goldi_exp.cpp:1257:4: warning: '$' in identifier [-Wdollar-in-identifier-extension]
 1257 |    $.seedfn          = chg_seed_init<32, 5, CHG_FIN_G5>,
      |    ^
<scratch>/codex/chainhash-m2-adjacent/smhasher3/hashes/chainhash_goldi_exp.cpp:1258:4: warning: '$' in identifier [-Wdollar-in-identifier-extension]
 1258 |    $.hashfn_native   = ChainHashG<32, 5, 1, CHG_FIN_G5, false>,
      |    ^
<scratch>/codex/chainhash-m2-adjacent/smhasher3/hashes/chainhash_goldi_exp.cpp:1259:4: warning: '$' in identifier [-Wdollar-in-identifier-extension]
 1259 |    $.hashfn_bswap    = ChainHashG<32, 5, 1, CHG_FIN_G5, true>
      |    ^
<scratch>/codex/chainhash-m2-adjacent/smhasher3/hashes/chainhash_goldi_exp.cpp:1263:4: warning: '$' in identifier [-Wdollar-in-identifier-extension]
 1263 |    $.desc       = "ChainHash EXPERIMENT: carry-less PH + three-key injective chain + Goldilocks-field degree-5 finalizer (3 mults, 5-wise), 1024-byte blocks, 2 sub-blocks per block",
      |    ^
<scratch>/codex/chainhash-m2-adjacent/smhasher3/hashes/chainhash_goldi_exp.cpp:1264:4: warning: '$' in identifier [-Wdollar-in-identifier-extension]
 1264 |    $.impl       = CHG_IMPL_STR,
      |    ^
<scratch>/codex/chainhash-m2-adjacent/smhasher3/hashes/chainhash_goldi_exp.cpp:1265:4: warning: '$' in identifier [-Wdollar-in-identifier-extension]
 1265 |    $.hash_flags =
      |    ^
<scratch>/codex/chainhash-m2-adjacent/smhasher3/hashes/chainhash_goldi_exp.cpp:1267:4: warning: '$' in identifier [-Wdollar-in-identifier-extension]
 1267 |    $.impl_flags =
      |    ^
<scratch>/codex/chainhash-m2-adjacent/smhasher3/hashes/chainhash_goldi_exp.cpp:1269:4: warning: '$' in identifier [-Wdollar-in-identifier-extension]
 1269 |    $.bits = 64,
      |    ^
<scratch>/codex/chainhash-m2-adjacent/smhasher3/hashes/chainhash_goldi_exp.cpp:1270:4: warning: '$' in identifier [-Wdollar-in-identifier-extension]
 1270 |    $.verification_LE = 0xC8B38421,
      |    ^
<scratch>/codex/chainhash-m2-adjacent/smhasher3/hashes/chainhash_goldi_exp.cpp:1271:4: warning: '$' in identifier [-Wdollar-in-identifier-extension]
 1271 |    $.verification_BE = 0x6024310F,
      |    ^
<scratch>/codex/chainhash-m2-adjacent/smhasher3/hashes/chainhash_goldi_exp.cpp:1272:4: warning: '$' in identifier [-Wdollar-in-identifier-extension]
 1272 |    $.seedfn          = chg_seed_init<128, 5, CHG_FIN_G5>,
      |    ^
<scratch>/codex/chainhash-m2-adjacent/smhasher3/hashes/chainhash_goldi_exp.cpp:1273:4: warning: '$' in identifier [-Wdollar-in-identifier-extension]
 1273 |    $.hashfn_native   = ChainHashG<128, 5, 2, CHG_FIN_G5, false>,
      |    ^
<scratch>/codex/chainhash-m2-adjacent/smhasher3/hashes/chainhash_goldi_exp.cpp:1274:4: warning: '$' in identifier [-Wdollar-in-identifier-extension]
 1274 |    $.hashfn_bswap    = ChainHashG<128, 5, 2, CHG_FIN_G5, true>
      |    ^
[ 60%] Building CXX object CMakeFiles/SMHasher3Hashlib.dir/hashes/falkhash.cpp.o
36 warnings generated.
[ 61%] Building CXX object CMakeFiles/SMHasher3Hashlib.dir/hashes/fnv.cpp.o
[ 61%] Building CXX object CMakeFiles/SMHasher3Hashlib.dir/hashes/rainbow.cpp.o
6 warnings generated.
[ 61%] Building CXX object CMakeFiles/SMHasher3Tests.dir/tests/PerlinNoiseTest.cpp.o
In file included from <scratch>/codex/chainhash-m2-adjacent/smhasher3/hashes/falkhash.cpp:58:
<scratch>/codex/chainhash-m2-adjacent/smhasher3/include/hashlib/Hashlib.h:44:20: warning: '$' in identifier [-Wdollar-in-identifier-extension]
   44 |     HashFamilyInfo $(#N);                          \
      |                    ^
<scratch>/codex/chainhash-m2-adjacent/smhasher3/include/hashlib/Hashlib.h:46:12: warning: '$' in identifier [-Wdollar-in-identifier-extension]
   46 |     return $;                                      \
      |            ^
<scratch>/codex/chainhash-m2-adjacent/smhasher3/include/hashlib/Hashlib.h:54:14: warning: '$' in identifier [-Wdollar-in-identifier-extension]
   54 |     HashInfo $(#N, THIS_HASH_FAMILY.name);       \
      |              ^
<scratch>/codex/chainhash-m2-adjacent/smhasher3/include/hashlib/Hashlib.h:56:20: warning: '$' in identifier [-Wdollar-in-identifier-extension]
   56 |     register_hash(&$);                           \
      |                    ^
<scratch>/codex/chainhash-m2-adjacent/smhasher3/include/hashlib/Hashlib.h:57:12: warning: '$' in identifier [-Wdollar-in-identifier-extension]
   57 |     return $;                                    \
      |            ^
<scratch>/codex/chainhash-m2-adjacent/smhasher3/hashes/falkhash.cpp:176:4: warning: '$' in identifier [-Wdollar-in-identifier-extension]
  176 |    $.src_url    = "https://github.com/gamozolabs/falkhash",
      |    ^
<scratch>/codex/chainhash-m2-adjacent/smhasher3/hashes/falkhash.cpp:177:4: warning: '$' in identifier [-Wdollar-in-identifier-extension]
  177 |    $.src_status = HashFamilyInfo::SRC_STABLEISH
      |    ^
7 warnings generated.
[ 63%] Building CXX object CMakeFiles/SMHasher3Hashlib.dir/hashes/wyhash.cpp.o
In file included from <scratch>/codex/chainhash-m2-adjacent/smhasher3/hashes/fnv.cpp:58:
<scratch>/codex/chainhash-m2-adjacent/smhasher3/include/hashlib/Hashlib.h:44:20: warning: '$' in identifier [-Wdollar-in-identifier-extension]
   44 |     HashFamilyInfo $(#N);                          \
      |                    ^
<scratch>/codex/chainhash-m2-adjacent/smhasher3/include/hashlib/Hashlib.h:46:12: warning: '$' in identifier [-Wdollar-in-identifier-extension]
   46 |     return $;                                      \
      |            ^
<scratch>/codex/chainhash-m2-adjacent/smhasher3/include/hashlib/Hashlib.h:54:14: warning: '$' in identifier [-Wdollar-in-identifier-extension]
   54 |     HashInfo $(#N, THIS_HASH_FAMILY.name);       \
      |              ^
<scratch>/codex/chainhash-m2-adjacent/smhasher3/include/hashlib/Hashlib.h:56:20: warning: '$' in identifier [-Wdollar-in-identifier-extension]
   56 |     register_hash(&$);                           \
      |                    ^
<scratch>/codex/chainhash-m2-adjacent/smhasher3/include/hashlib/Hashlib.h:57:12: warning: '$' in identifier [-Wdollar-in-identifier-extension]
   57 |     return $;                                    \
      |            ^
<scratch>/codex/chainhash-m2-adjacent/smhasher3/hashes/fnv.cpp:331:4: warning: '$' in identifier [-Wdollar-in-identifier-extension]
  331 |    $.src_url    = "http://www.sanmayce.com/Fastest_Hash/index.html",
      |    ^
<scratch>/codex/chainhash-m2-adjacent/smhasher3/hashes/fnv.cpp:332:4: warning: '$' in identifier [-Wdollar-in-identifier-extension]
  332 |    $.src_status = HashFamilyInfo::SRC_STABLEISH
      |    ^
<scratch>/codex/chainhash-m2-adjacent/smhasher3/hashes/fnv.cpp:336:4: warning: '$' in identifier [-Wdollar-in-identifier-extension]
  336 |    $.desc       = "32-bit wordwise Fibonacci hash (Knuth)",
      |    ^
<scratch>/codex/chainhash-m2-adjacent/smhasher3/hashes/fnv.cpp:337:4: warning: '$' in identifier [-Wdollar-in-identifier-extension]
  337 |    $.hash_flags =
      |    ^
<scratch>/codex/chainhash-m2-adjacent/smhasher3/hashes/fnv.cpp:339:4: warning: '$' in identifier [-Wdollar-in-identifier-extension]
  339 |    $.impl_flags =
      |    ^
<scratch>/codex/chainhash-m2-adjacent/smhasher3/hashes/fnv.cpp:343:4: warning: '$' in identifier [-Wdollar-in-identifier-extension]
  343 |    $.bits = 32,
      |    ^
<scratch>/codex/chainhash-m2-adjacent/smhasher3/hashes/fnv.cpp:344:4: warning: '$' in identifier [-Wdollar-in-identifier-extension]
  344 |    $.verification_LE = 0x09952480,
      |    ^
<scratch>/codex/chainhash-m2-adjacent/smhasher3/hashes/fnv.cpp:345:4: warning: '$' in identifier [-Wdollar-in-identifier-extension]
  345 |    $.verification_BE = 0x006F7705,
      |    ^
<scratch>/codex/chainhash-m2-adjacent/smhasher3/hashes/fnv.cpp:346:4: warning: '$' in identifier [-Wdollar-in-identifier-extension]
  346 |    $.hashfn_native   = fibonacci<uint32_t, false>,
      |    ^
<scratch>/codex/chainhash-m2-adjacent/smhasher3/hashes/fnv.cpp:347:4: warning: '$' in identifier [-Wdollar-in-identifier-extension]
  347 |    $.hashfn_bswap    = fibonacci<uint32_t, true>,
      |    ^
<scratch>/codex/chainhash-m2-adjacent/smhasher3/hashes/fnv.cpp:348:4: warning: '$' in identifier [-Wdollar-in-identifier-extension]
  348 |    $.seedfixfn       = excludeLow32Zero,
      |    ^
<scratch>/codex/chainhash-m2-adjacent/smhasher3/hashes/fnv.cpp:349:4: warning: '$' in identifier [-Wdollar-in-identifier-extension]
  349 |    $.badseeds        = { 0, UINT64_C (0xffffffff00000000) } /* !! all keys ending with 0x0000_0000 */
      |    ^
<scratch>/codex/chainhash-m2-adjacent/smhasher3/hashes/fnv.cpp:353:4: warning: '$' in identifier [-Wdollar-in-identifier-extension]
  353 |    $.desc       = "64-bit wordwise Fibonacci hash (Knuth)",
      |    ^
<scratch>/codex/chainhash-m2-adjacent/smhasher3/hashes/fnv.cpp:354:4: warning: '$' in identifier [-Wdollar-in-identifier-extension]
  354 |    $.hash_flags =
      |    ^
<scratch>/codex/chainhash-m2-adjacent/smhasher3/hashes/fnv.cpp:356:4: warning: '$' in identifier [-Wdollar-in-identifier-extension]
  356 |    $.impl_flags =
      |    ^
<scratch>/codex/chainhash-m2-adjacent/smhasher3/hashes/fnv.cpp:360:4: warning: '$' in identifier [-Wdollar-in-identifier-extension]
  360 |    $.bits = 64,
      |    ^
<scratch>/codex/chainhash-m2-adjacent/smhasher3/hashes/fnv.cpp:361:4: warning: '$' in identifier [-Wdollar-in-identifier-extension]
  361 |    $.verification_LE = 0xFE3BD380,
      |    ^
<scratch>/codex/chainhash-m2-adjacent/smhasher3/hashes/fnv.cpp:362:4: warning: '$' in identifier [-Wdollar-in-identifier-extension]
  362 |    $.verification_BE = 0x3E67D58C,
      |    ^
<scratch>/codex/chainhash-m2-adjacent/smhasher3/hashes/fnv.cpp:363:4: warning: '$' in identifier [-Wdollar-in-identifier-extension]
  363 |    $.hashfn_native   = fibonacci<uint64_t, false>,
      |    ^
<scratch>/codex/chainhash-m2-adjacent/smhasher3/hashes/fnv.cpp:364:4: warning: '$' in identifier [-Wdollar-in-identifier-extension]
  364 |    $.hashfn_bswap    = fibonacci<uint64_t, true>,
      |    ^
<scratch>/codex/chainhash-m2-adjacent/smhasher3/hashes/fnv.cpp:365:4: warning: '$' in identifier [-Wdollar-in-identifier-extension]
  365 |    $.badseeddesc     = "All keys of zero bytes produce the seed as the hash."
      |    ^
In file included from <scratch>/codex/chainhash-m2-adjacent/smhasher3/hashes/rainbow.cpp:23:
<scratch>/codex/chainhash-m2-adjacent/smhasher3/include/hashlib/Hashlib.h:44:20: warning: '$' in identifier [-Wdollar-in-identifier-extension]
   44 |     HashFamilyInfo $(#N);                          \
      |                    ^
<scratch>/codex/chainhash-m2-adjacent/smhasher3/include/hashlib/Hashlib.h:46:12: warning: '$' in identifier [-Wdollar-in-identifier-extension]
   46 |     return $;                                      \
      |            ^
<scratch>/codex/chainhash-m2-adjacent/smhasher3/include/hashlib/Hashlib.h:54:14: warning: '$' in identifier [-Wdollar-in-identifier-extension]
   54 |     HashInfo $(#N, THIS_HASH_FAMILY.name);       \
      |              ^
<scratch>/codex/chainhash-m2-adjacent/smhasher3/include/hashlib/Hashlib.h:56:20: warning: '$' in identifier [-Wdollar-in-identifier-extension]
   56 |     register_hash(&$);                           \
      |                    ^
<scratch>/codex/chainhash-m2-adjacent/smhasher3/include/hashlib/Hashlib.h:57:12: warning: '$' in identifier [-Wdollar-in-identifier-extension]
<scratch>/codex/chainhash-m2-adjacent/smhasher3/hashes/fnv.cpp:369:4: warning: '$' in identifier [-Wdollar-in-identifier-extension]
   57 |     369 |    $.d  resc       = "32-bit beturn $;   ytew          ise FNV-1a             (Fowler-No    ll-Vo)       \
      |            ^",
      |    ^

<scratch>/codex/chainhash-m2-adjacent/smhasher3/hashes/fnv.cpp:370:4: warning: '$' in identifier [-Wdollar-in-identifier-extension]
  370 |    $.hash_flags =
      |    ^
<scratch>/codex/chainhash-m2-adjacent/smhasher3/hashes/fnv.cpp:373:4: warning: '$' in identifier [-Wdollar-in-identifier-extension]
  373 |    $.impl_flags =
      |    ^
<scratch>/codex/chainhash-m2-adjacent/smhasher3/hashes/fnv.cpp:377:4: warning: '$' in identifier [-Wdollar-in-identifier-extension]
  377 |    $.bits = 32,
      |    ^
<scratch>/codex/chainhash-m2-adjacent/smhasher3/hashes/fnv.cpp:378:4: warning: '$' in identifier [-Wdollar-in-identifier-extension]
  378 |    $.verification_LE = 0xE3CBBE91,
      |    ^
<scratch>/codex/chainhash-m2-adjacent/smhasher3/hashes/fnv.cpp:379:4: warning: '$' in identifier [-Wdollar-in-identifier-extension]
  379 |    $.verification_BE = 0x65<scratch>/codex/chainhash-m2-adjacent/smhasher3/hashes/rainbow.cpp:173:4: warning: '$' in identifier [-Wdollar-in-identifier-extension]
6F95A0,
      |    ^
  173 |    <scratch>/codex/chainhash-m2-adjacent/smhasher3/hashes/fnv.cpp:380:4: warning: '$' in identifier [-Wdollar-in-identifier-extension]
  380 |    $.$.src_url  hashf  = "https://githubn_native  .com/dosyago/rain = FNV1a<",
      | uint32_t, false   ^
>,
      |    ^
<scratch>/codex/chainhash-m2-adjacent/smhasher3/hashes/rainbow.cpp:174:4: warning: '$' in identifier [-Wdollar-in-identifier-extension]
  174 |    $<scratch>/codex/chainhash-m2-adjacent/smhasher3/hashes/fnv.cpp:381:4: warning: '$' in identifier [-Wdollar-in-identifier-extension]
  381 |    $.hashfn_bswap.sr    c_st= FNV1a<uatusint32_t, true = >
      |    ^
HashFamilyInfo::SRC_STABLEISH
      |    ^
<scratch>/codex/chainhash-m2-adjacent/smhasher3/hashes/fnv.cpp:385:4: warning: '$' in identifier [-Wdollar-in-identifier-extension]
  385 |    $.desc       = "64-bit bytewise FNV-1a (Fowler-Noll-Vo)",
      |    ^
<scratch>/codex/chainhash-m2-adjacent/smhasher3/hashes/fnv.cpp:386:4: warning: '$' in identifier [-Wdollar-in-identifier-extension]
  386 |    $.hash_flags =
      |    ^<scratch>/codex/chainhash-m2-adjacent/smhasher3/hashes/rainbow.cpp:178:4: warning: '$' in identifier [-Wdollar-in-identifier-extension]
  178 | 
<scratch>/codex/chainhash-m2-adjacent/smhasher3/hashes/fnv.cpp:388:4:    $warning: '$' in identifier [-Wdollar-in-identifier-extension]
  388 | .desc   $.    impl   =_flags "Ra =
      |    ^inbow
<scratch>/codex/chainhash-m2-adjacent/smhasher3/hashes/fnv.cpp:392:4:  v3.warning: '$' in identifier [-Wdollar-in-identifier-extension]
  392 |    7.1"$.bit,
      |    ^s = 64,
      |    ^

<scratch>/codex/chainhash-m2-adjacent/smhasher3/hashes/fnv.cpp:393:4<scratch>/codex/chainhash-m2-adjacent/smhasher3/hashes/rainbow.cpp:179:: warning: '$' in identifier [-Wdollar-in-identifier-extension]4: warning: '$' in identifier [-Wdollar-in-identifier-extension]

  179 |    $.hash  393 |    $.verification_LE = 0x1034_flags =55FC,
      |    ^
 0,
      <scratch>/codex/chainhash-m2-adjacent/smhasher3/hashes/fnv.cpp:394:|    ^
<scratch>/codex/chainhash-m2-adjacent/smhasher3/hashes/rainbow.cpp:180:4: warning: '$' in identifier [-Wdollar-in-identifier-extension]
  394 |    $.ver4: ification_BE warning: '$' in identifier [-Wdollar-in-identifier-extension]
  180 |  =   $.imp0x4Bl_flags =
      |    ^032B
63,
      | <scratch>/codex/chainhash-m2-adjacent/smhasher3/hashes/rainbow.cpp:184:4   ^
<scratch>/codex/chainhash-m2-adjacent/smhasher3/hashes/fnv.cpp:395:4: warning: '$' in identifier [-Wdollar-in-identifier-extension]
  395 |   : warning: '$' in identifier [-Wdollar-in-identifier-extension]
 $.hashf  184 |    $n_native.bits = 64,   
      |    ^= FNV1a<uint
<scratch>/codex/chainhash-m2-adjacent/smhasher3/hashes/rainbow.cpp:185:4: warning: 64_t, fal'$' in identifier [-Wdollar-in-identifier-extension]
  185 |    $se>,
      .verifi|    ^
catio<scratch>/codex/chainhash-m2-adjacent/smhasher3/hashes/fnv.cpp:396:n_LE = 4: warning: '$' in identifier [-Wdollar-in-identifier-extension]
0xED7533D3,
      |    ^
<scratch>/codex/chainhash-m2-adjacent/smhasher3/hashes/rainbow.cpp:186:4  396 |    $.hash: warning: '$' in identifier [-Wdollar-in-identifier-extension]
  186 | fn_bswap       $= F.verification_BENV1 = a<u0xBE75A175,
      |    ^
<scratch>/codex/chainhash-m2-adjacent/smhasher3/hashes/rainbow.cpp:187:int64_t, true>,
      |    ^
<scratch>/codex/chainhash-m2-adjacent/smhasher3/hashes/fnv.cpp:397:44: warning: '$' in identifier [-Wdollar-in-identifier-extension]
: warning: '$' in identifier [-Wdollar-in-identifier-extension]
  397 |    $.see  187 |    $.hashfn_nativdfixfn       = ee  xcl = raiudnbeBadseow<64,eds,
      |    ^
 false>,
      |    ^
<scratch>/codex/chainhash-m2-adjacent/smhasher3/hashes/rainbow.cpp:188<scratch>/codex/chainhash-m2-adjacent/smhasher3/hashes/fnv.cpp:398:4: warning: '$' in identifier [-Wdollar-in-identifier-extension]
:4: warning: '$' in identifier [-Wdollar-in-identifier-extension]
    398 |    188 |  $.badseeds        = { 0xc  bf29ce484222325 $.hashfn}
      |    ^
_bswap    = rainbow<64, true>
      |    ^
<scratch>/codex/chainhash-m2-adjacent/smhasher3/hashes/fnv.cpp:402:4: warning: '$' in identifier [-Wdollar-in-identifier-extension]
  402 |    $.desc       = "128-bit <scratch>/codex/chainhash-m2-adjacent/smhasher3/hashes/rainbow.cpp:192:4: warning: '$' in identifier [-Wdollar-in-identifier-extension]
  192 |    $.desc     bytew  = "Rainbow 128ise F-biNV-1a (Fowler-Noll-Vt v3.7.1",
o), from Gola      |    ^
ng",
      |    ^
<scratch>/codex/chainhash-m2-adjacent/smhasher3/hashes/fnv.cpp:403:4:<scratch>/codex/chainhash-m2-adjacent/smhasher3/hashes/rainbow.cpp:193:4: warning: '$' in identifier [-Wdollar-in-identifier-extension]
  193 |    $.ha warning: '$' in identifier [-Wdollar-in-identifier-extension]
  403 |  sh_flags =   $.hash0,
      |    ^
_flags =
      |    ^<scratch>/codex/chainhash-m2-adjacent/smhasher3/hashes/rainbow.cpp:194:4
<scratch>/codex/chainhash-m2-adjacent/smhasher3/hashes/fnv.cpp:406:4:: warning: '$' in identifier [-Wdollar-in-identifier-extension]
 warning: '$' in identifier [-Wdollar-in-identifier-extension]
  406 |    $.impl_  194 |    $.iflags =
      |    ^
mpl_<scratch>/codex/chainhash-m2-adjacent/smhasher3/hashes/fnv.cpp:411:4: warning: '$' in identifier [-Wdollar-in-identifier-extension]
  411flags =
      |    ^ |   
 $.bits = 128,<scratch>/codex/chainhash-m2-adjacent/smhasher3/hashes/rainbow.cpp:198:4: warning: '$' in identifier [-Wdollar-in-identifier-extension]
  198 |    $
      |    ^
<scratch>/codex/chainhash-m2-adjacent/smhasher3/hashes/fnv.cpp:412:4: warning: '$' in identifier [-Wdollar-in-identifier-extension]
  412 |    $.bits =. 128,
      |    ^
<scratch>/codex/chainhash-m2-adjacent/smhasher3/hashes/rainbow.cpp:199:4: warning: '$' in identifier [-Wdollar-in-identifier-extension]
verif  199 |    $.verificicationation_LE = 0xFF03173_LE = 0x0269F,
      |    ^
D36F,
      |    ^
<scratch>/codex/chainhash-m2-adjacent/smhasher3/hashes/rainbow.cpp:200:4: warning: '$' in identifier [-Wdollar-in-identifier-extension]
  200 | <scratch>/codex/chainhash-m2-adjacent/smhasher3/hashes/fnv.cpp:413:4  : warning: '$' in identifier [-Wdollar-in-identifier-extension] $.ve
rifi  413 |    $.verificatication_Bon_BEE = 0x0269D36 = 0xAF,
      | 8EAD0   ^
C3,
<scratch>/codex/chainhash-m2-adjacent/smhasher3/hashes/fnv.cpp:414:4: warning: '$' in identifier [-Wdollar-in-identifier-extension]
  414 |         |    ^
 $.hash<scratch>/codex/chainhash-m2-adjacent/smhasher3/hashes/rainbow.cpp:201:4: warning: '$' in identifier [-Wdollar-in-identifier-extension]
  201 |    fn_n$.hashfn_nativativee   = rainbow<1   = FNV1a_128,
      |    ^
28, false><scratch>/codex/chainhash-m2-adjacent/smhasher3/hashes/fnv.cpp:415:4: warning: '$' in identifier [-Wdollar-in-identifier-extension]
  415 |    $.hashfn_bswap    = FNV1a_128
,
      |    ^
<scratch>/codex/chainhash-m2-adjacent/smhasher3/hashes/rainbow.cpp:202:4: warning: '$' in identifier [-Wdollar-in-identifier-extension]
  202 |    $.hashfn_bswap       |    ^
   = rainbow<128, true>
      |    ^
<scratch>/codex/chainhash-m2-adjacent/smhasher3/hashes/fnv.cpp:419:4: warning: '$' in identifier [-Wdollar-in-identifier-extension]
  419 |    $.desc       = "32-bit wordwise hash based on FNV-1a",
      |    ^
<scratch>/codex/chainhash-m2-adjacent/smhasher3/hashes/fnv.cpp:420:4: warning: '$' in identifier [-Wdollar-in-identifier-extension]
  420 |    $.hash_flags =
      |    ^
<scratch>/codex/chainhash-m2-adjacent/smhasher3/hashes/fnv.cpp:423:4: warning: '$' in identifier [-Wdollar-in-identifier-extension]
  423 |    $.impl_flags =
      |    ^
<scratch>/codex/chainhash-m2-adjacent/smhasher3/hashes/fnv.cpp:427:4: warning: '$' in identifier [-Wdollar-in-identifier-extension]
  427 |    $.bits = 32,
      |    ^
<scratch>/codex/chainhash-m2-adjacent/smhasher3/hashes/fnv.cpp:428:4: warning: '$' in identifier [-Wdollar-in-identifier-extension]
  428 |    $.verification_LE = 0x739801C5,
      |    ^
<scratch>/codex/chainhash-m2-adjacent/smhasher3/hashes/fnv.cpp:429:4: warning: '$' in identifier [-Wdollar-in-identifier-extension]
  429 |    $.verification_BE = 0xC5999647,
      |    ^
<scratch>/codex/chainhash-m2-adjacent/smhasher3/hashes/fnv.cpp:430:4: warning: '$' in identifier [-Wdollar-in-identifier-extension]
  430 |    $.hashfn_native   = FNV2<uint32_t, false>,
      |    ^
<scratch>/codex/chainhash-m2-adjacent/smhasher3/hashes/fnv.cpp:431:4: warning: '$' in identifier [-Wdollar-in-identifier-extension]
  431 |    $.hashfn_bswap    = FNV2<uint32_t, true>
      |    ^
<scratch>/codex/chainhash-m2-adjacent/smhasher3/hashes/rainbow.cpp:206:4: warning: '$' in identifier [-Wdollar-in-identifier-extension]
  206 |    $.desc       = "R<scratch>/codex/chainhash-m2-adjacent/smhasher3/hashes/fnv.cpp:ainbow435:4: warning:  256-'$' in identifier [-Wdollar-in-identifier-extension]
  435 |    $.desc       = "64-bit wordwbit vise hash3.7.1 based on",
 FNV1-a",
      |    ^
<scratch>/codex/chainhash-m2-adjacent/smhasher3/hashes/fnv.cpp:436:4:      |    ^ warning: '$' in identifier [-Wdollar-in-identifier-extension]
  436 |    $.h
ash_f<scratch>/codex/chainhash-m2-adjacent/smhasher3/hashes/rainbow.cpp:207:4lags =
      |    ^
<scratch>/codex/chainhash-m2-adjacent/smhasher3/hashes/fnv.cpp:438:4:: warning: '$' in identifier [-Wdollar-in-identifier-extension]
 warning: '$' in identifier [-Wdollar-in-identifier-extension]  207 |  
  438 |    $.hash_flags = 0,
      |    ^
  $.impl_flags =
      |    ^
<scratch>/codex/chainhash-m2-adjacent/smhasher3/hashes/rainbow.cpp:208:4: <scratch>/codex/chainhash-m2-adjacent/smhasher3/hashes/fnv.cpp:442:4: warning: '$' in identifier [-Wdollar-in-identifier-extension]
  442 |    $.biwarning: '$' in identifier [-Wdollar-in-identifier-extension]
  208 |    t$.impl_fls = 6ags =
      4|    ^
,
      |    ^
<scratch>/codex/chainhash-m2-adjacent/smhasher3/hashes/rainbow.cpp:212:<scratch>/codex/chainhash-m2-adjacent/smhasher3/hashes/fnv.cpp:443:4:4 warning: :'$' in identifier [-Wdollar-in-identifier-extension] 
warning:   '$' in identifier [-Wdollar-in-identifier-extension]
443  212 |    $ |    $.ver.bits = 256,
      |    ^
ification_<scratch>/codex/chainhash-m2-adjacent/smhasher3/hashes/rainbow.cpp:213:4: warning: LE = 0'$' in identifier [-Wdollar-in-identifier-extension]
x1967  213 |    $.verificC625,
      |    ^
<scratch>/codex/chainhash-m2-adjacent/smhasher3/hashes/fnv.cpp:444:4: warning: ation_LE = 0x65F4A210,
      |    ^
<scratch>/codex/chainhash-m2-adjacent/smhasher3/hashes/rainbow.cpp:214:4: warning: '$' in identifier [-Wdollar-in-identifier-extension]
  214 |    $.verification_BE = 0xD2AFD9EB,
      |    ^
<scratch>/codex/chainhash-m2-adjacent/smhasher3/hashes/rainbow.cpp:215:4'$' in identifier [-Wdollar-in-identifier-extension]
: warning:   444 |    $.verif'$' in identifier [-Wdollar-in-identifier-extension]
ication_  BE = 0x02156 | F5053E   $.hashfn_native   = rain,bo
w<256, fal      |    ^
<scratch>/codex/chainhash-m2-adjacent/smhasher3/hashes/fnv.cpp:445:4: warning: '$' in identifier [-Wdollar-in-identifier-extension]
  445se>,
      |    ^
<scratch>/codex/chainhash-m2-adjacent/smhasher3/hashes/rainbow.cpp:216:4:  |    $.hashfn_nawarning: '$' in identifier [-Wdollar-in-identifier-extension]
  216 | tive   $.hashfn_bswap    = rainbo   = Fw<256, true>
      |    ^
NV2<uint64_t, false>,
      |    ^
<scratch>/codex/chainhash-m2-adjacent/smhasher3/hashes/fnv.cpp:446:4: warning: '$' in identifier [-Wdollar-in-identifier-extension]
  446 |    $.hashfn_bswap    = FNV2<uint64_t, true>,
      |    ^
<scratch>/codex/chainhash-m2-adjacent/smhasher3/hashes/fnv.cpp:447:4: warning: '$' in identifier [-Wdollar-in-identifier-extension]
  447 |    $.badseeddesc     = "All seeds collide on keys of all zero bytes of varying lengths (e.g. 18 vs. 32 bytes, 52 vs. 80)."
      |    ^
<scratch>/codex/chainhash-m2-adjacent/smhasher3/hashes/fnv.cpp:451:4: warning: '$' in identifier [-Wdollar-in-identifier-extension]
  451 |    $.desc       = "FNV-YoshimitsuTRIAD 32-bit (sanmayce)",
      |    ^
<scratch>/codex/chainhash-m2-adjacent/smhasher3/hashes/fnv.cpp:452:4: warning: '$' in identifier [-Wdollar-in-identifier-extension]
  452 |    $.hash_flags =
      |    ^
<scratch>/codex/chainhash-m2-adjacent/smhasher3/hashes/fnv.cpp:455:4: warning: '$' in identifier [-Wdollar-in-identifier-extension]
  455 |    $.impl_flags =
      |    ^
<scratch>/codex/chainhash-m2-adjacent/smhasher3/hashes/fnv.cpp:459:4: warning: '$' in identifier [-Wdollar-in-identifier-extension]
  459 |    $.bits = 32,
      |    ^
<scratch>/codex/chainhash-m2-adjacent/smhasher3/hashes/fnv.cpp:460:4: warning: '$' in identifier [-Wdollar-in-identifier-extension]
  460 |    $.verification_LE = 0xD8AFFD71,
      |    ^
<scratch>/codex/chainhash-m2-adjacent/smhasher3/hashes/fnv.cpp:461:4: warning: '$' in identifier [-Wdollar-in-identifier-extension]
  461 |    $.verification_BE = 0x85C2EC2F,
      |    ^
<scratch>/codex/chainhash-m2-adjacent/smhasher3/hashes/fnv.cpp:462:4: warning: '$' in identifier [-Wdollar-in-identifier-extension]
  462 |    $.hashfn_native   = FNV_YoshimitsuTRIAD<false>,
      |    ^
<scratch>/codex/chainhash-m2-adjacent/smhasher3/hashes/fnv.cpp:463:4: warning: '$' in identifier [-Wdollar-in-identifier-extension]
  463 |    $.hashfn_bswap    = FNV_YoshimitsuTRIAD<true>,
      |    ^
<scratch>/codex/chainhash-m2-adjacent/smhasher3/hashes/fnv.cpp:464:4: warning: '$' in identifier [-Wdollar-in-identifier-extension]
  464 |    $.seedfixfn       = excludeBadseeds,
      |    ^
<scratch>/codex/chainhash-m2-adjacent/smhasher3/hashes/fnv.cpp:465:4: warning: '$' in identifier [-Wdollar-in-identifier-extension]
  465 |    $.badseeds        = { 0x811c9dc5, 0x23d4a49d }
      |    ^
<scratch>/codex/chainhash-m2-adjacent/smhasher3/hashes/fnv.cpp:469:4: warning: '$' in identifier [-Wdollar-in-identifier-extension]
  469 |    $.desc       = "FNV-Totenschiff 32-bit (sanmayce)",
      |    ^
<scratch>/codex/chainhash-m2-adjacent/smhasher3/hashes/fnv.cpp:470:4: warning: '$' in identifier [-Wdollar-in-identifier-extension]
  470 |    $.hash_flags =
      |    ^
<scratch>/codex/chainhash-m2-adjacent/smhasher3/hashes/fnv.cpp:473:4: warning: '$' in identifier [-Wdollar-in-identifier-extension]
  473 |    $.impl_flags =
      |    ^
<scratch>/codex/chainhash-m2-adjacent/smhasher3/hashes/fnv.cpp:478:4: warning: '$' in identifier [-Wdollar-in-identifier-extension]
  478 |    $.bits = 32,
      |    ^
<scratch>/codex/chainhash-m2-adjacent/smhasher3/hashes/fnv.cpp:479:4: warning: '$' in identifier [-Wdollar-in-identifier-extension]
  479 |    $.verification_LE = 0x95D95ACF,
      |    ^
<scratch>/codex/chainhash-m2-adjacent/smhasher3/hashes/fnv.cpp:480:4: warning: '$' in identifier [-Wdollar-in-identifier-extension]
  480 |    $.verification_BE = 0xC16E2C8F,
      |    ^
<scratch>/codex/chainhash-m2-adjacent/smhasher3/hashes/fnv.cpp:481:4: warning: '$' in identifier [-Wdollar-in-identifier-extension]
  481 |    $.hashfn_native   = FNV_Totenschiff<false>,
      |    ^
<scratch>/codex/chainhash-m2-adjacent/smhasher3/hashes/fnv.cpp:482:4: warning: '$' in identifier [-Wdollar-in-identifier-extension]
  482 |    $.hashfn_bswap    = FNV_Totenschiff<true>,
      |    ^
<scratch>/codex/chainhash-m2-adjacent/smhasher3/hashes/fnv.cpp:483:4: warning: '$' in identifier [-Wdollar-in-identifier-extension]
  483 |    $.seedfixfn       = excludeBadseeds,
      |    ^
<scratch>/codex/chainhash-m2-adjacent/smhasher3/hashes/fnv.cpp:484:4: warning: '$' in identifier [-Wdollar-in-identifier-extension]
  484 |    $.badseeds        = { 0x811c9dc5 }
      |    ^
<scratch>/codex/chainhash-m2-adjacent/smhasher3/hashes/fnv.cpp:488:4: warning: '$' in identifier [-Wdollar-in-identifier-extension]
  488 |    $.desc       = "FNV-Pippip-Yurii 32-bit (sanmayce)",
      |    ^
<scratch>/codex/chainhash-m2-adjacent/smhasher3/hashes/fnv.cpp:489:4: warning: '$' in identifier [-Wdollar-in-identifier-extension]
  489 |    $.hash_flags =
      |    ^
<scratch>/codex/chainhash-m2-adjacent/smhasher3/hashes/fnv.cpp:492:4: warning: '$' in identifier [-Wdollar-in-identifier-extension]
  492 |    $.impl_flags =
      |    ^
<scratch>/codex/chainhash-m2-adjacent/smhasher3/hashes/fnv.cpp:497:4: warning: '$' in identifier [-Wdollar-in-identifier-extension]
  497 |    $.bits = 32,
      |    ^
<scratch>/codex/chainhash-m2-adjacent/smhasher3/hashes/fnv.cpp:498:4: warning: '$' in identifier [-Wdollar-in-identifier-extension]
  498 |    $.verification_LE = 0xE79AE3E4,
      |    ^
<scratch>/codex/chainhash-m2-adjacent/smhasher3/hashes/fnv.cpp:499:4: warning: '$' in identifier [-Wdollar-in-identifier-extension]
  499 |    $.verification_BE = 0x90C8C706,
      |    ^
<scratch>/codex/chainhash-m2-adjacent/smhasher3/hashes/fnv.cpp:500:4: warning: '$' in identifier [-Wdollar-in-identifier-extension]
  500 |    $.hashfn_native   = FNV_Pippip_Yurii<false>,
      |    ^
<scratch>/codex/chainhash-m2-adjacent/smhasher3/hashes/fnv.cpp:501:4: warning: '$' in identifier [-Wdollar-in-identifier-extension]
  501 |    $.hashfn_bswap    = FNV_Pippip_Yurii<true>,
      |    ^
<scratch>/codex/chainhash-m2-adjacent/smhasher3/hashes/fnv.cpp:502:4: warning: '$' in identifier [-Wdollar-in-identifier-extension]
  502 |    $.seedfixfn       = excludeBadseeds,
      |    ^
<scratch>/codex/chainhash-m2-adjacent/smhasher3/hashes/fnv.cpp:503:4: warning: '$' in identifier [-Wdollar-in-identifier-extension]
  503 |    $.badseeds        = { 0x811c9dc5 }
      |    ^
<scratch>/codex/chainhash-m2-adjacent/smhasher3/hashes/fnv.cpp:507:4: warning: '$' in identifier [-Wdollar-in-identifier-extension]
  507 |    $.desc       = "FNV-Mulvey 32-bit",
      |    ^
<scratch>/codex/chainhash-m2-adjacent/smhasher3/hashes/fnv.cpp:508:4: warning: '$' in identifier [-Wdollar-in-identifier-extension]
  508 |    $.hash_flags =
      |    ^
<scratch>/codex/chainhash-m2-adjacent/smhasher3/hashes/fnv.cpp:511:4: warning: '$' in identifier [-Wdollar-in-identifier-extension]
  511 |    $.impl_flags =
      |    ^
<scratch>/codex/chainhash-m2-adjacent/smhasher3/hashes/fnv.cpp:515:4: warning: '$' in identifier [-Wdollar-in-identifier-extension]
  515 |    $.bits = 32,
      |    ^
<scratch>/codex/chainhash-m2-adjacent/smhasher3/hashes/fnv.cpp:516:4: warning: '$' in identifier [-Wdollar-in-identifier-extension]
  516 |    $.verification_LE = 0x0E256555,
      |    ^
<scratch>/codex/chainhash-m2-adjacent/smhasher3/hashes/fnv.cpp:517:4: warning: '$' in identifier [-Wdollar-in-identifier-extension]
  517 |    $.verification_BE = 0xAC12B951,
      |    ^
<scratch>/codex/chainhash-m2-adjacent/smhasher3/hashes/fnv.cpp:518:4: warning: '$' in identifier [-Wdollar-in-identifier-extension]
  518 |    $.hashfn_native   = FNV_Mulvey<false>,
      |    ^
<scratch>/codex/chainhash-m2-adjacent/smhasher3/hashes/fnv.cpp:519:4: warning: '$' in identifier [-Wdollar-in-identifier-extension]
  519 |    $.hashfn_bswap    = FNV_Mulvey<true>
      |    ^
31 warnings generated.
[ 64%] Building CXX object CMakeFiles/SMHasher3Tests.dir/tests/SpeedTest.cpp.o
107 warnings generated.
[ 65%] Building CXX object CMakeFiles/SMHasher3Hashlib.dir/hashes/aquahash.cpp.o
In file included from <scratch>/codex/chainhash-m2-adjacent/smhasher3/hashes/wyhash.cpp:38:
<scratch>/codex/chainhash-m2-adjacent/smhasher3/include/hashlib/Hashlib.h:44:20: warning: '$' in identifier [-Wdollar-in-identifier-extension]
   44 |     HashFamilyInfo $(#N);                          \
      |                    ^
<scratch>/codex/chainhash-m2-adjacent/smhasher3/include/hashlib/Hashlib.h:46:12: warning: '$' in identifier [-Wdollar-in-identifier-extension]
   46 |     return $;                                      \
      |            ^
<scratch>/codex/chainhash-m2-adjacent/smhasher3/include/hashlib/Hashlib.h:54:14: warning: '$' in identifier [-Wdollar-in-identifier-extension]
   54 |     HashInfo $(#N, THIS_HASH_FAMILY.name);       \
      |              ^
<scratch>/codex/chainhash-m2-adjacent/smhasher3/include/hashlib/Hashlib.h:56:20: warning: '$' in identifier [-Wdollar-in-identifier-extension]
   56 |     register_hash(&$);                           \
      |                    ^
<scratch>/codex/chainhash-m2-adjacent/smhasher3/include/hashlib/Hashlib.h:57:12: warning: '$' in identifier [-Wdollar-in-identifier-extension]
   57 |     return $;                                    \
      |            ^
<scratch>/codex/chainhash-m2-adjacent/smhasher3/hashes/wyhash.cpp:247:4: warning: '$' in identifier [-Wdollar-in-identifier-extension]
  247 |    $.src_url    = "https://github.com/wangyi-fudan/wyhash",
      |    ^
<scratch>/codex/chainhash-m2-adjacent/smhasher3/hashes/wyhash.cpp:248:4: warning: '$' in identifier [-Wdollar-in-identifier-extension]
  248 |    $.src_status = HashFamilyInfo::SRC_ACTIVE
      |    ^
<scratch>/codex/chainhash-m2-adjacent/smhasher3/hashes/wyhash.cpp:252:4: warning: '$' in identifier [-Wdollar-in-identifier-extension]
  252 |    $.desc       = "wyhash v4, 32-bit native version",
      |    ^
<scratch>/codex/chainhash-m2-adjacent/smhasher3/hashes/wyhash.cpp:253:4: warning: '$' in identifier [-Wdollar-in-identifier-extension]
  253 |    $.hash_flags =
      |    ^
<scratch>/codex/chainhash-m2-adjacent/smhasher3/hashes/wyhash.cpp:255:4: warning: '$' in identifier [-Wdollar-in-identifier-extension]
  255 |    $.impl_flags =
      |    ^
<scratch>/codex/chainhash-m2-adjacent/smhasher3/hashes/wyhash.cpp:258:4: warning: '$' in identifier [-Wdollar-in-identifier-extension]
  258 |    $.bits = 32,
      |    ^
<scratch>/codex/chainhash-m2-adjacent/smhasher3/hashes/wyhash.cpp:259:4: warning: '$' in identifier [-Wdollar-in-identifier-extension]
  259 |    $.verification_LE = 0x09DE8066,
      |    ^
<scratch>/codex/chainhash-m2-adjacent/smhasher3/hashes/wyhash.cpp:260:4: warning: '$' in identifier [-Wdollar-in-identifier-extension]
  260 |    $.verification_BE = 0x46D1F8A2,
      |    ^
<scratch>/codex/chainhash-m2-adjacent/smhasher3/hashes/wyhash.cpp:261:4: warning: '$' in identifier [-Wdollar-in-identifier-extension]
  261 |    $.hashfn_native   = Wyhash32<false>,
      |    ^
<scratch>/codex/chainhash-m2-adjacent/smhasher3/hashes/wyhash.cpp:262:4: warning: '$' in identifier [-Wdollar-in-identifier-extension]
  262 |    $.hashfn_bswap    = Wyhash32<true>,
      |    ^
<scratch>/codex/chainhash-m2-adjacent/smhasher3/hashes/wyhash.cpp:263:4: warning: '$' in identifier [-Wdollar-in-identifier-extension]
  263 |    $.seedfixfn       = excludeBadseeds,
      |    ^
<scratch>/codex/chainhash-m2-adjacent/smhasher3/hashes/wyhash.cpp:264:4: warning: '$' in identifier [-Wdollar-in-identifier-extension]
  264 |    $.badseeds        = { 0x429dacdd, 0xd637dbf3 }
      |    ^
<scratch>/codex/chainhash-m2-adjacent/smhasher3/hashes/wyhash.cpp:268:4: warning: '$' in identifier [-Wdollar-in-identifier-extension]
  268 |    $.desc       = "wyhash v4.2, 64-bit non-strict version",
      |    ^
<scratch>/codex/chainhash-m2-adjacent/smhasher3/hashes/wyhash.cpp:269:4: warning: '$' in identifier [-Wdollar-in-identifier-extension]
  269 |    $.hash_flags =
      |    ^
<scratch>/codex/chainhash-m2-adjacent/smhasher3/hashes/wyhash.cpp:271:4: warning: '$' in identifier [-Wdollar-in-identifier-extension]
  271 |    $.impl_flags =
      |    ^
<scratch>/codex/chainhash-m2-adjacent/smhasher3/hashes/wyhash.cpp:275:4: warning: '$' in identifier [-Wdollar-in-identifier-extension]
  275 |    $.bits = 64,
      |    ^
<scratch>/codex/chainhash-m2-adjacent/smhasher3/hashes/wyhash.cpp:276:4: warning: '$' in identifier [-Wdollar-in-identifier-extension]
  276 |    $.verification_LE = 0x9DAE7DD3,
      |    ^
<scratch>/codex/chainhash-m2-adjacent/smhasher3/hashes/wyhash.cpp:277:4: warning: '$' in identifier [-Wdollar-in-identifier-extension]
  277 |    $.verification_BE = 0x2E958F8A,
      |    ^
<scratch>/codex/chainhash-m2-adjacent/smhasher3/hashes/wyhash.cpp:278:4: warning: '$' in identifier [-Wdollar-in-identifier-extension]
  278 |    $.hashfn_native   = Wyhash64<false, false>,
      |    ^
<scratch>/codex/chainhash-m2-adjacent/smhasher3/hashes/wyhash.cpp:279:4: warning: '$' in identifier [-Wdollar-in-identifier-extension]
  279 |    $.hashfn_bswap    = Wyhash64<true, false>,
      |    ^
<scratch>/codex/chainhash-m2-adjacent/smhasher3/hashes/wyhash.cpp:280:4: warning: '$' in identifier [-Wdollar-in-identifier-extension]
  280 |    $.initfn          = wyhash64_selftest
      |    ^
<scratch>/codex/chainhash-m2-adjacent/smhasher3/hashes/wyhash.cpp:284:4: warning: '$' in identifier [-Wdollar-in-identifier-extension]
  284 |    $.desc       = "wyhash v4.2, 64-bit strict version",
      |    ^
<scratch>/codex/chainhash-m2-adjacent/smhasher3/hashes/wyhash.cpp:285:4: warning: '$' in identifier [-Wdollar-in-identifier-extension]
  285 |    $.hash_flags =
      |    ^
<scratch>/codex/chainhash-m2-adjacent/smhasher3/hashes/wyhash.cpp:287:4: warning: '$' in identifier [-Wdollar-in-identifier-extension]
  287 |    $.impl_flags =
      |    ^
<scratch>/codex/chainhash-m2-adjacent/smhasher3/hashes/wyhash.cpp:291:4: warning: '$' in identifier [-Wdollar-in-identifier-extension]
  291 |    $.bits = 64,
      |    ^
<scratch>/codex/chainhash-m2-adjacent/smhasher3/hashes/wyhash.cpp:292:4: warning: '$' in identifier [-Wdollar-in-identifier-extension]
  292 |    $.verification_LE = 0x82FE7E2E,
      |    ^
<scratch>/codex/chainhash-m2-adjacent/smhasher3/hashes/wyhash.cpp:293:4: warning: '$' in identifier [-Wdollar-in-identifier-extension]
  293 |    $.verification_BE = 0xBA2BDA4F,
      |    ^
<scratch>/codex/chainhash-m2-adjacent/smhasher3/hashes/wyhash.cpp:294:4: warning: '$' in identifier [-Wdollar-in-identifier-extension]
  294 |    $.hashfn_native   = Wyhash64<false, true>,
      |    ^
<scratch>/codex/chainhash-m2-adjacent/smhasher3/hashes/wyhash.cpp:295:4: warning: '$' in identifier [-Wdollar-in-identifier-extension]
  295 |    $.hashfn_bswap    = Wyhash64<true, true>
      |    ^
34 warnings generated.
[ 65%] Building CXX object CMakeFiles/SMHasher3Hashlib.dir/hashes/aesnihash-peterrk.cpp.o
In file included from <scratch>/codex/chainhash-m2-adjacent/smhasher3/hashes/aquahash.cpp:24:
<scratch>/codex/chainhash-m2-adjacent/smhasher3/include/hashlib/Hashlib.h:44:20: warning: '$' in identifier [-Wdollar-in-identifier-extension]
   44 |     HashFamilyInfo $(#N);                          \
      |                    ^
<scratch>/codex/chainhash-m2-adjacent/smhasher3/include/hashlib/Hashlib.h:46:12: warning: '$' in identifier [-Wdollar-in-identifier-extension]
   46 |     return $;                                      \
      |            ^
<scratch>/codex/chainhash-m2-adjacent/smhasher3/include/hashlib/Hashlib.h:54:14: warning: '$' in identifier [-Wdollar-in-identifier-extension]
   54 |     HashInfo $(#N, THIS_HASH_FAMILY.name);       \
      |              ^
<scratch>/codex/chainhash-m2-adjacent/smhasher3/include/hashlib/Hashlib.h:56:20: warning: '$' in identifier [-Wdollar-in-identifier-extension]
   56 |     register_hash(&$);                           \
      |                    ^
<scratch>/codex/chainhash-m2-adjacent/smhasher3/include/hashlib/Hashlib.h:57:12: warning: '$' in identifier [-Wdollar-in-identifier-extension]
   57 |     return $;                                    \
      |            ^
<scratch>/codex/chainhash-m2-adjacent/smhasher3/hashes/aquahash.cpp:198:4: warning: '$' in identifier [-Wdollar-in-identifier-extension]
  198 |    $.src_url    = "https://github.com/jandrewrogers/AquaHash",
      |    ^
<scratch>/codex/chainhash-m2-adjacent/smhasher3/hashes/aquahash.cpp:199:4: warning: '$' in identifier [-Wdollar-in-identifier-extension]
  199 |    $.src_status = HashFamilyInfo::SRC_STABLEISH
      |    ^
7 warnings generated.
[ 66%] Building CXX object CMakeFiles/SMHasher3Hashlib.dir/hashes/md5.cpp.o
In file included from <scratch>/codex/chainhash-m2-adjacent/smhasher3/hashes/aesnihash-peterrk.cpp:37:
<scratch>/codex/chainhash-m2-adjacent/smhasher3/include/hashlib/Hashlib.h:44:20: warning: '$' in identifier [-Wdollar-in-identifier-extension]
   44 |     HashFamilyInfo $(#N);                          \
      |                    ^
<scratch>/codex/chainhash-m2-adjacent/smhasher3/include/hashlib/Hashlib.h:46:12: warning: '$' in identifier [-Wdollar-in-identifier-extension]
   46 |     return $;                                      \
      |            ^
<scratch>/codex/chainhash-m2-adjacent/smhasher3/include/hashlib/Hashlib.h:54:14: warning: '$' in identifier [-Wdollar-in-identifier-extension]
   54 |     HashInfo $(#N, THIS_HASH_FAMILY.name);       \
      |              ^
<scratch>/codex/chainhash-m2-adjacent/smhasher3/include/hashlib/Hashlib.h:56:20: warning: '$' in identifier [-Wdollar-in-identifier-extension]
   56 |     register_hash(&$);                           \
      |                    ^
<scratch>/codex/chainhash-m2-adjacent/smhasher3/include/hashlib/Hashlib.h:57:12: warning: '$' in identifier [-Wdollar-in-identifier-extension]
   57 |     return $;                                    \
      |            ^
<scratch>/codex/chainhash-m2-adjacent/smhasher3/hashes/aesnihash-peterrk.cpp:168:4: warning: '$' in identifier [-Wdollar-in-identifier-extension]
  168 |    $.src_url    = "https://github.com/PeterRK/PageBloomFilter/blob/main/src/aesni-hash.h",
      |    ^
<scratch>/codex/chainhash-m2-adjacent/smhasher3/hashes/aesnihash-peterrk.cpp:169:4: warning: '$' in identifier [-Wdollar-in-identifier-extension]
  169 |    $.src_status = HashFamilyInfo::SRC_ACTIVE
      |    ^
[ 67%] Building CXX object CMakeFiles/SMHasher3Hashlib.dir/hashes/murmurhash3.cpp.o
7 warnings generated.
[ 67%] Building CXX object CMakeFiles/SMHasher3Hashlib.dir/hashes/mx3.cpp.o
[ 69%] Linking CXX static library libSMHasher3Tests.a
In file included from <scratch>/codex/chainhash-m2-adjacent/smhasher3/hashes/md5.cpp:48:
<scratch>/codex/chainhash-m2-adjacent/smhasher3/include/hashlib/Hashlib.h:44:20: warning: '$' in identifier [-Wdollar-in-identifier-extension]
   44 |     HashFamilyInfo $(#N);                          \
      |                    ^
<scratch>/codex/chainhash-m2-adjacent/smhasher3/include/hashlib/Hashlib.h:46:12: warning: '$' in identifier [-Wdollar-in-identifier-extension]
   46 |     return $;                                      \
      |            ^
<scratch>/codex/chainhash-m2-adjacent/smhasher3/include/hashlib/Hashlib.h:54:14: warning: '$' in identifier [-Wdollar-in-identifier-extension]
   54 |     HashInfo $(#N, THIS_HASH_FAMILY.name);       \
      |              ^
<scratch>/codex/chainhash-m2-adjacent/smhasher3/include/hashlib/Hashlib.h:56:20: warning: '$' in identifier [-Wdollar-in-identifier-extension]
   56 |     register_hash(&$);                           \
      |                    ^
<scratch>/codex/chainhash-m2-adjacent/smhasher3/include/hashlib/Hashlib.h:57:12: warning: '$' in identifier [-Wdollar-in-identifier-extension]
   57 |     return $;                                    \
      |            ^
<scratch>/codex/chainhash-m2-adjacent/smhasher3/hashes/md5.cpp:312:4: warning: '$' in identifier [-Wdollar-in-identifier-extension]
  312 |    $.src_url    = "https://github.com/MattiaOng/md5-cracker/blob/master/md5.c",
      |    ^
<scratch>/codex/chainhash-m2-adjacent/smhasher3/hashes/md5.cpp:313:4: warning: '$' in identifier [-Wdollar-in-identifier-extension]
  313 |    $.src_status = HashFamilyInfo::SRC_FROZEN
      |    ^
<scratch>/codex/chainhash-m2-adjacent/smhasher3/hashes/md5.cpp:317:4: warning: '$' in identifier [-Wdollar-in-identifier-extension]
  317 |    $.desc       = "MD5, bits 32-63",
      |    ^
<scratch>/codex/chainhash-m2-adjacent/smhasher3/hashes/md5.cpp:318:4: warning: '$' in identifier [-Wdollar-in-identifier-extension]
  318 |    $.hash_flags =
      |    ^
<scratch>/codex/chainhash-m2-adjacent/smhasher3/hashes/md5.cpp:323:4: warning: '$' in identifier [-Wdollar-in-identifier-extension]
  323 |    $.impl_flags =
      |    ^
<scratch>/codex/chainhash-m2-adjacent/smhasher3/hashes/md5.cpp:329:4: warning: '$' in identifier [-Wdollar-in-identifier-extension]
  329 |    $.bits = 32,
      |    ^
<scratch>/codex/chainhash-m2-adjacent/smhasher3/hashes/md5.cpp:330:4: warning: '$' in identifier [-Wdollar-in-identifier-extension]
  330 |    $.verification_LE = 0x4003D7EE,
      |    ^
<scratch>/codex/chainhash-m2-adjacent/smhasher3/hashes/md5.cpp:331:4: warning: '$' in identifier [-Wdollar-in-identifier-extension]
  331 |    $.verification_BE = 0x53A2E981,
      |    ^
<scratch>/codex/chainhash-m2-adjacent/smhasher3/hashes/md5.cpp:332:4: warning: '$' in identifier [-Wdollar-in-identifier-extension]
  332 |    $.hashfn_native   = MD5<32, false>,
      |    ^
<scratch>/codex/chainhash-m2-adjacent/smhasher3/hashes/md5.cpp:333:4: warning: '$' in identifier [-Wdollar-in-identifier-extension]
  333 |    $.hashfn_bswap    = MD5<32, true>
      |    ^
<scratch>/codex/chainhash-m2-adjacent/smhasher3/hashes/md5.cpp:337:4: warning: '$' in identifier [-Wdollar-in-identifier-extension]
  337 |    $.desc       = "MD5, bits 32-95",
      |    ^
<scratch>/codex/chainhash-m2-adjacent/smhasher3/hashes/md5.cpp:338:4: warning: '$' in identifier [-Wdollar-in-identifier-extension]
  338 |    $.hash_flags =
      |    ^
<scratch>/codex/chainhash-m2-adjacent/smhasher3/hashes/md5.cpp:343:4: warning: '$' in identifier [-Wdollar-in-identifier-extension]
  343 |    $.impl_flags =
      |    ^
<scratch>/codex/chainhash-m2-adjacent/smhasher3/hashes/md5.cpp:349:4: warning: '$' in identifier [-Wdollar-in-identifier-extension]
  349 |    $.bits = 64,
      |    ^
<scratch>/codex/chainhash-m2-adjacent/smhasher3/hashes/md5.cpp:350:4: warning: '$' in identifier [-Wdollar-in-identifier-extension]
  350 |    $.verification_LE = 0xF2E011D4,
      |    ^
<scratch>/codex/chainhash-m2-adjacent/smhasher3/hashes/md5.cpp:351:4: warning: '$' in identifier [-Wdollar-in-identifier-extension]
  351 |    $.verification_BE = 0xDE2E1FAD,
      |    ^
<scratch>/codex/chainhash-m2-adjacent/smhasher3/hashes/md5.cpp:352:4: warning: '$' in identifier [-Wdollar-in-identifier-extension]
  352 |    $.hashfn_native   = MD5<64, false>,
      |    ^
<scratch>/codex/chainhash-m2-adjacent/smhasher3/hashes/md5.cpp:353:4: warning: '$' in identifier [-Wdollar-in-identifier-extension]
  353 |    $.hashfn_bswap    = MD5<64, true>
      |    ^
<scratch>/codex/chainhash-m2-adjacent/smhasher3/hashes/md5.cpp:357:4: warning: '$' in identifier [-Wdollar-in-identifier-extension]
  357 |    $.desc       = "MD5",
      |    ^
<scratch>/codex/chainhash-m2-adjacent/smhasher3/hashes/md5.cpp:358:4: warning: '$' in identifier [-Wdollar-in-identifier-extension]
  358 |    $.hash_flags =
      |    ^
<scratch>/codex/chainhash-m2-adjacent/smhasher3/hashes/md5.cpp:363:4: warning: '$' in identifier [-Wdollar-in-identifier-extension]
  363 |    $.impl_flags =
      |    ^
<scratch>/codex/chainhash-m2-adjacent/smhasher3/hashes/md5.cpp:369:4: warning: '$' in identifier [-Wdollar-in-identifier-extension]
  369 |    $.bits = 128,
      |    ^
<scratch>/codex/chainhash-m2-adjacent/smhasher3/hashes/md5.cpp:370:4: warning: '$' in identifier [-Wdollar-in-identifier-extension]
  370 |    $.verification_LE = 0x1363415D,
      |    ^
<scratch>/codex/chainhash-m2-adjacent/smhasher3/hashes/md5.cpp:371:4: warning: '$' in identifier [-Wdollar-in-identifier-extension]
  371 |    $.verification_BE = 0x242A18E0,
      |    ^
<scratch>/codex/chainhash-m2-adjacent/smhasher3/hashes/md5.cpp:372:4: warning: '$' in identifier [-Wdollar-in-identifier-extension]
  372 |    $.hashfn_native   = MD5<128, false>,
      |    ^
<scratch>/codex/chainhash-m2-adjacent/smhasher3/hashes/md5.cpp:373:4: warning: '$' in identifier [-Wdollar-in-identifier-extension]
  373 |    $.hashfn_bswap    = MD5<128, true>
      |    ^
31 warnings generated.
[ 70%] Building CXX object CMakeFiles/SMHasher3Hashlib.dir/hashes/crc.cpp.o
In file included from <scratch>/codex/chainhash-m2-adjacent/smhasher3/hashes/murmurhash3.cpp:31:
<scratch>/codex/chainhash-m2-adjacent/smhasher3/include/hashlib/Hashlib.h:44:20: warning: '$' in identifier [-Wdollar-in-identifier-extension]
   44 |     HashFamilyInfo $(#N);                          \
      |                    ^
<scratch>/codex/chainhash-m2-adjacent/smhasher3/include/hashlib/Hashlib.h:46:12: warning: '$' in identifier [-Wdollar-in-identifier-extension]
   46 |     return $;                                      \
      |            ^
<scratch>/codex/chainhash-m2-adjacent/smhasher3/include/hashlib/Hashlib.h:54:14: warning: '$' in identifier [-Wdollar-in-identifier-extension]
   54 |     HashInfo $(#N, THIS_HASH_FAMILY.name);       \
      |              ^
<scratch>/codex/chainhash-m2-adjacent/smhasher3/include/hashlib/Hashlib.h:56:20: warning: '$' in identifier [-Wdollar-in-identifier-extension]
   56 |     register_hash(&$);                           \
      |                    ^
<scratch>/codex/chainhash-m2-adjacent/smhasher3/include/hashlib/Hashlib.h:57:12: warning: '$' in identifier [-Wdollar-in-identifier-extension]
   57 |     return $;                                    \
      |            ^
<scratch>/codex/chainhash-m2-adjacent/smhasher3/hashes/murmurhash3.cpp:299:4: warning: '$' in identifier [-Wdollar-in-identifier-extension]
  299 |    $.src_url    = "https://github.com/aappleby/smhasher/",
      |    ^
<scratch>/codex/chainhash-m2-adjacent/smhasher3/hashes/murmurhash3.cpp:300:4: warning: '$' in identifier [-Wdollar-in-identifier-extension]
  300 |    $.src_status = HashFamilyInfo::SRC_FROZEN
      |    ^
<scratch>/codex/chainhash-m2-adjacent/smhasher3/hashes/murmurhash3.cpp:304:4: warning: '$' in identifier [-Wdollar-in-identifier-extension]
  304 |    $.desc       = "MurmurHash v3, 32-bit version",
      |    ^
<scratch>/codex/chainhash-m2-adjacent/smhasher3/hashes/murmurhash3.cpp:305:4: warning: '$' in identifier [-Wdollar-in-identifier-extension]
  305 |    $.hash_flags =
      |    ^
<scratch>/codex/chainhash-m2-adjacent/smhasher3/hashes/murmurhash3.cpp:307:4: warning: '$' in identifier [-Wdollar-in-identifier-extension]
  307 |    $.impl_flags =
      |    ^
<scratch>/codex/chainhash-m2-adjacent/smhasher3/hashes/murmurhash3.cpp:311:4: warning: '$' in identifier [-Wdollar-in-identifier-extension]
  311 |    $.bits = 32,
      |    ^
<scratch>/codex/chainhash-m2-adjacent/smhasher3/hashes/murmurhash3.cpp:312:4: warning: '$' in identifier [-Wdollar-in-identifier-extension]
  312 |    $.verification_LE = 0xB0F57EE3,
      |    ^
<scratch>/codex/chainhash-m2-adjacent/smhasher3/hashes/murmurhash3.cpp:313:4: warning: '$' in identifier [-Wdollar-in-identifier-extension]
  313 |    $.verification_BE = 0x6213303E,
      |    ^
<scratch>/codex/chainhash-m2-adjacent/smhasher3/hashes/murmurhash3.cpp:314:4: warning: '$' in identifier [-Wdollar-in-identifier-extension]
  314 |    $.hashfn_native   = MurmurHash3_32<false>,
      |    ^
<scratch>/codex/chainhash-m2-adjacent/smhasher3/hashes/murmurhash3.cpp:315:4: warning: '$' in identifier [-Wdollar-in-identifier-extension]
  315 |    $.hashfn_bswap    = MurmurHash3_32<true>,
      |    ^
<scratch>/codex/chainhash-m2-adjacent/smhasher3/hashes/murmurhash3.cpp:316:4: warning: '$' in identifier [-Wdollar-in-identifier-extension]
  316 |    $.seedfixfn       = excludeBadseeds,
      |    ^
<scratch>/codex/chainhash-m2-adjacent/smhasher3/hashes/murmurhash3.cpp:317:4: warning: '$' in identifier [-Wdollar-in-identifier-extension]
  317 |    $.badseeds        = { 0xfca58b2d }
      |    ^
<scratch>/codex/chainhash-m2-adjacent/smhasher3/hashes/murmurhash3.cpp:321:4: warning: '$' in identifier [-Wdollar-in-identifier-extension]
  321 |    $.desc       = "MurmurHash v3, 128-bit version using 32-bit variables",
      |    ^
<scratch>/codex/chainhash-m2-adjacent/smhasher3/hashes/murmurhash3.cpp:322:4: warning: '$' in identifier [-Wdollar-in-identifier-extension]
  322 |    $.hash_flags =
      |    ^
<scratch>/codex/chainhash-m2-adjacent/smhasher3/hashes/murmurhash3.cpp:324:4: warning: '$' in identifier [-Wdollar-in-identifier-extension]
  324 |    $.impl_flags =
      |    ^
<scratch>/codex/chainhash-m2-adjacent/smhasher3/hashes/murmurhash3.cpp:328:4: warning: '$' in identifier [-Wdollar-in-identifier-extension]
  328 |    $.bits = 128,
      |    ^
<scratch>/codex/chainhash-m2-adjacent/smhasher3/hashes/murmurhash3.cpp:329:4: warning: '$' in identifier [-Wdollar-in-identifier-extension]
  329 |    $.verification_LE = 0xB3ECE62A,
      |    ^
<scratch>/codex/chainhash-m2-adjacent/smhasher3/hashes/murmurhash3.cpp:330:4: warning: '$' in identifier [-Wdollar-in-identifier-extension]
  330 |    $.verification_BE = 0xDC26F009,
      |    ^
<scratch>/codex/chainhash-m2-adjacent/smhasher3/hashes/murmurhash3.cpp:331:4: warning: '$' in identifier [-Wdollar-in-identifier-extension]
  331 |    $.hashfn_native   = MurmurHash3_32_128<false>,
      |    ^
<scratch>/codex/chainhash-m2-adjacent/smhasher3/hashes/murmurhash3.cpp:332:4: warning: '$' in identifier [-Wdollar-in-identifier-extension]
  332 |    $.hashfn_bswap    = MurmurHash3_32_128<true>,
      |    ^
<scratch>/codex/chainhash-m2-adjacent/smhasher3/hashes/murmurhash3.cpp:333:4: warning: '$' in identifier [-Wdollar-in-identifier-extension]
  333 |    $.seedfixfn       = excludeBadseeds,
      |    ^
<scratch>/codex/chainhash-m2-adjacent/smhasher3/hashes/murmurhash3.cpp:334:4: warning: '$' in identifier [-Wdollar-in-identifier-extension]
  334 |    $.badseeds        = { 0, 1, 2, 3, 4, 5, 6, 7, 8, 9, 10, 11, 12, 13, 14, 15 }
      |    ^
<scratch>/codex/chainhash-m2-adjacent/smhasher3/hashes/murmurhash3.cpp:338:4: warning: '$' in identifier [-Wdollar-in-identifier-extension]
  338 |    $.desc       = "MurmurHash v3, 128-bit version using 64-bit variables",
      |    ^
<scratch>/codex/chainhash-m2-adjacent/smhasher3/hashes/murmurhash3.cpp:339:4: warning: '$' in identifier [-Wdollar-in-identifier-extension]
  339 |    $.hash_flags =
      |    ^
<scratch>/codex/chainhash-m2-adjacent/smhasher3/hashes/murmurhash3.cpp:341:4: warning: '$' in identifier [-Wdollar-in-identifier-extension]
  341 |    $.impl_flags =
      |    ^
<scratch>/codex/chainhash-m2-adjacent/smhasher3/hashes/murmurhash3.cpp:345:4: warning: '$' in identifier [-Wdollar-in-identifier-extension]
  345 |    $.bits = 128,
      |    ^
<scratch>/codex/chainhash-m2-adjacent/smhasher3/hashes/murmurhash3.cpp:346:4: warning: '$' in identifier [-Wdollar-in-identifier-extension]
  346 |    $.verification_LE = 0x6384BA69,
      |    ^
<scratch>/codex/chainhash-m2-adjacent/smhasher3/hashes/murmurhash3.cpp:347:4: warning: '$' in identifier [-Wdollar-in-identifier-extension]
  347 |    $.verification_BE = 0xCC622B6F,
      |    ^
<scratch>/codex/chainhash-m2-adjacent/smhasher3/hashes/murmurhash3.cpp:348:4: warning: '$' in identifier [-Wdollar-in-identifier-extension]
  348 |    $.hashfn_native   = MurmurHash3_128<false>,
      |    ^
<scratch>/codex/chainhash-m2-adjacent/smhasher3/hashes/murmurhash3.cpp:349:4: warning: '$' in identifier [-Wdollar-in-identifier-extension]
  349 |    $.hashfn_bswap    = MurmurHash3_128<true>,
      |    ^
<scratch>/codex/chainhash-m2-adjacent/smhasher3/hashes/murmurhash3.cpp:350:4: warning: '$' in identifier [-Wdollar-in-identifier-extension]
  350 |    $.seedfixfn       = excludeBadseeds,
      |    ^
<scratch>/codex/chainhash-m2-adjacent/smhasher3/hashes/murmurhash3.cpp:351:4: warning: '$' in identifier [-Wdollar-in-identifier-extension]
  351 |    $.badseeds        = { 0, 1, 2, 3, 4, 5, 6, 7, 8, 9, 10, 11, 12, 13, 14, 15 }
      |    ^
In file included from <scratch>/codex/chainhash-m2-adjacent/smhasher3/hashes/mx3.cpp:8:
<scratch>/codex/chainhash-m2-adjacent/smhasher3/include/hashlib/Hashlib.h:44:20: warning: '$' in identifier [-Wdollar-in-identifier-extension]
   44 |     HashFamilyInfo $(#N);                          \
      |                    ^
<scratch>/codex/chainhash-m2-adjacent/smhasher3/include/hashlib/Hashlib.h:46:12: warning: '$' in identifier [-Wdollar-in-identifier-extension]
   46 |     return $;                                      \
      |            ^
<scratch>/codex/chainhash-m2-adjacent/smhasher3/include/hashlib/Hashlib.h:54:14: warning: '$' in identifier [-Wdollar-in-identifier-extension]
   54 |     HashInfo $(#N, THIS_HASH_FAMILY.name);       \
      |              ^
<scratch>/codex/chainhash-m2-adjacent/smhasher3/include/hashlib/Hashlib.h:56:20: warning: '$' in identifier [-Wdollar-in-identifier-extension]
   56 |     register_hash(&$);                           \
      |                    ^
<scratch>/codex/chainhash-m2-adjacent/smhasher3/include/hashlib/Hashlib.h:57:12: warning: '$' in identifier [-Wdollar-in-identifier-extension]
   57 |     return $;                                    \
      |            ^
<scratch>/codex/chainhash-m2-adjacent/smhasher3/hashes/mx3.cpp:158:4: warning: '$' in identifier [-Wdollar-in-identifier-extension]
  158 |    $.src_url    = "https://github.com/jonmaiga/mx3/",
      |    ^
<scratch>/codex/chainhash-m2-adjacent/smhasher3/hashes/mx3.cpp:159:4: warning: '$' in identifier [-Wdollar-in-identifier-extension]
  159 |    $.src_status = HashFamilyInfo::SRC_ACTIVE
      |    ^
<scratch>/codex/chainhash-m2-adjacent/smhasher3/hashes/mx3.cpp:163:4: warning: '$' in identifier [-Wdollar-in-identifier-extension]
  163 |    $.desc       = "mx3 (revision 3)",
      |    ^
<scratch>/codex/chainhash-m2-adjacent/smhasher3/hashes/mx3.cpp:164:4: warning: '$' in identifier [-Wdollar-in-identifier-extension]
  164 |    $.hash_flags =
      |    ^
<scratch>/codex/chainhash-m2-adjacent/smhasher3/hashes/mx3.cpp:166:4: warning: '$' in identifier [-Wdollar-in-identifier-extension]
  166 |    $.impl_flags =
      |    ^
<scratch>/codex/chainhash-m2-adjacent/smhasher3/hashes/mx3.cpp:169:4: warning: '$' in identifier [-Wdollar-in-identifier-extension]
  169 |    $.bits = 64,
      |    ^
<scratch>/codex/chainhash-m2-adjacent/smhasher3/hashes/mx3.cpp:170:4: warning: '$' in identifier [-Wdollar-in-identifier-extension]
  170 |    $.verification_LE = 0x7B287B65,
      |    ^
<scratch>/codex/chainhash-m2-adjacent/smhasher3/hashes/mx3.cpp:171:4: warning: '$' in identifier [-Wdollar-in-identifier-extension]
  171 |    $.verification_BE = 0x1EA42BEF,
      |    ^
<scratch>/codex/chainhash-m2-adjacent/smhasher3/hashes/mx3.cpp:172:4: warning: '$' in identifier [-Wdollar-in-identifier-extension]
  172 |    $.hashfn_native   = mx3_v3<false>,
      |    ^
<scratch>/codex/chainhash-m2-adjacent/smhasher3/hashes/mx3.cpp:173:4: warning: '$' in identifier [-Wdollar-in-identifier-extension]
  173 |    $.hashfn_bswap    = mx3_v3<true>
      |    ^
<scratch>/codex/chainhash-m2-adjacent/smhasher3/hashes/mx3.cpp:177:4: warning: '$' in identifier [-Wdollar-in-identifier-extension]
  177 |    $.desc       = "mx3 (revision 2)",
      |    ^
<scratch>/codex/chainhash-m2-adjacent/smhasher3/hashes/mx3.cpp:178:4: warning: '$' in identifier [-Wdollar-in-identifier-extension]
  178 |    $.hash_flags =
      |    ^
<scratch>/codex/chainhash-m2-adjacent/smhasher3/hashes/mx3.cpp:180:4: warning: '$' in identifier [-Wdollar-in-identifier-extension]
  180 |    $.impl_flags =
      |    ^
<scratch>/codex/chainhash-m2-adjacent/smhasher3/hashes/mx3.cpp:183:4: warning: '$' in identifier [-Wdollar-in-identifier-extension]
  183 |    $.bits = 64,
      |    ^
<scratch>/codex/chainhash-m2-adjacent/smhasher3/hashes/mx3.cpp:184:4: warning: '$' in identifier [-Wdollar-in-identifier-extension]
  184 |    $.verification_LE = 0x527399AD,
      |    ^
<scratch>/codex/chainhash-m2-adjacent/smhasher3/hashes/mx3.cpp:185:4: warning: '$' in identifier [-Wdollar-in-identifier-extension]
  185 |    $.verification_BE = 0x5B6AAE8F,
      |    ^
<scratch>/codex/chainhash-m2-adjacent/smhasher3/hashes/mx3.cpp:186:4: warning: '$' in identifier [-Wdollar-in-identifier-extension]
  186 |    $.hashfn_native   = mx3_v2<false>,
      |    ^
<scratch>/codex/chainhash-m2-adjacent/smhasher3/hashes/mx3.cpp:187:4: warning: '$' in identifier [-Wdollar-in-identifier-extension]
  187 |    $.hashfn_bswap    = mx3_v2<true>,
      |    ^
<scratch>/codex/chainhash-m2-adjacent/smhasher3/hashes/mx3.cpp:188:4: warning: '$' in identifier [-Wdollar-in-identifier-extension]
  188 |    $.badseeddesc     = "All seeds give zero hashes on keys of all zero bytes if length==seed"
      |    ^
<scratch>/codex/chainhash-m2-adjacent/smhasher3/hashes/mx3.cpp:192:4: warning: '$' in identifier [-Wdollar-in-identifier-extension]
  192 |    $.desc       = "mx3 (revision 1)",
      |    ^
<scratch>/codex/chainhash-m2-adjacent/smhasher3/hashes/mx3.cpp:193:4: warning: '$' in identifier [-Wdollar-in-identifier-extension]
  193 |    $.hash_flags =
      |    ^
<scratch>/codex/chainhash-m2-adjacent/smhasher3/hashes/mx3.cpp:195:4: warning: '$' in identifier [-Wdollar-in-identifier-extension]
  195 |    $.impl_flags =
      |    ^
<scratch>/codex/chainhash-m2-adjacent/smhasher3/hashes/mx3.cpp:198:4: warning: '$' in identifier [-Wdollar-in-identifier-extension]
  198 |    $.bits = 64,
      |    ^
<scratch>/codex/chainhash-m2-adjacent/smhasher3/hashes/mx3.cpp:199:4: warning: '$' in identifier [-Wdollar-in-identifier-extension]
  199 |    $.verification_LE = 0x4DB51E5B,
      |    ^
<scratch>/codex/chainhash-m2-adjacent/smhasher3/hashes/mx3.cpp:200:4: warning: '$' in identifier [-Wdollar-in-identifier-extension]
  200 |    $.verification_BE = 0x93E930B0,
      |    ^
<scratch>/codex/chainhash-m2-adjacent/smhasher3/hashes/mx3.cpp:201:4: warning: '$' in identifier [-Wdollar-in-identifier-extension]
  201 |    $.hashfn_native   = mx3_v1<false>,
      |    ^
<scratch>/codex/chainhash-m2-adjacent/smhasher3/hashes/mx3.cpp:202:4: warning: '$' in identifier [-Wdollar-in-identifier-extension]
  202 |    $.hashfn_bswap    = mx3_v1<true>,
      |    ^
<scratch>/codex/chainhash-m2-adjacent/smhasher3/hashes/mx3.cpp:203:4: warning: '$' in identifier [-Wdollar-in-identifier-extension]
  203 |    $.badseeddesc     = "All seeds give zero hashes on keys of all zero bytes if length==seed"
      |    ^
37 warnings generated.
33 warnings generated.
[ 70%] Building CXX object CMakeFiles/SMHasher3Hashlib.dir/hashes/rapidhash.cpp.o
[ 71%] Building CXX object CMakeFiles/SMHasher3Hashlib.dir/hashes/pearson.cpp.o
In file included from <scratch>/codex/chainhash-m2-adjacent/smhasher3/hashes/crc.cpp:29:
<scratch>/codex/chainhash-m2-adjacent/smhasher3/include/hashlib/Hashlib.h:44:20: warning: '$' in identifier [-Wdollar-in-identifier-extension]
   44 |     HashFamilyInfo $(#N);                          \
      |                    ^
<scratch>/codex/chainhash-m2-adjacent/smhasher3/include/hashlib/Hashlib.h:46:12: warning: '$' in identifier [-Wdollar-in-identifier-extension]
   46 |     return $;                                      \
      |            ^
<scratch>/codex/chainhash-m2-adjacent/smhasher3/include/hashlib/Hashlib.h:54:14: warning: '$' in identifier [-Wdollar-in-identifier-extension]
   54 |     HashInfo $(#N, THIS_HASH_FAMILY.name);       \
      |              ^
<scratch>/codex/chainhash-m2-adjacent/smhasher3/include/hashlib/Hashlib.h:56:20: warning: '$' in identifier [-Wdollar-in-identifier-extension]
   56 |     register_hash(&$);                           \
      |                    ^
<scratch>/codex/chainhash-m2-adjacent/smhasher3/include/hashlib/Hashlib.h:57:12: warning: '$' in identifier [-Wdollar-in-identifier-extension]
   57 |     return $;                                    \
      |            ^
<scratch>/codex/chainhash-m2-adjacent/smhasher3/hashes/crc.cpp:388:4: warning: '$' in identifier [-Wdollar-in-identifier-extension]
  388 |    $.src_url    = "https://github.com/baruch/crcbench/blob/master/crc-mark-adler.c",
      |    ^
<scratch>/codex/chainhash-m2-adjacent/smhasher3/hashes/crc.cpp:389:4: warning: '$' in identifier [-Wdollar-in-identifier-extension]
  389 |    $.src_status = HashFamilyInfo::SRC_FROZEN
      |    ^
<scratch>/codex/chainhash-m2-adjacent/smhasher3/hashes/crc.cpp:393:4: warning: '$' in identifier [-Wdollar-in-identifier-extension]
  393 |    $.desc       = "CRC32-C (Castagnoli, 0x1EDC6F41 / 0x82F63B78)",
      |    ^
<scratch>/codex/chainhash-m2-adjacent/smhasher3/hashes/crc.cpp:394:4: warning: '$' in identifier [-Wdollar-in-identifier-extension]
  394 |    $.impl       = CRC_IMPL_STR,
      |    ^
<scratch>/codex/chainhash-m2-adjacent/smhasher3/hashes/crc.cpp:395:4: warning: '$' in identifier [-Wdollar-in-identifier-extension]
  395 |    $.hash_flags =
      |    ^
<scratch>/codex/chainhash-m2-adjacent/smhasher3/hashes/crc.cpp:400:4: warning: '$' in identifier [-Wdollar-in-identifier-extension]
  400 |    $.impl_flags =
      |    ^
<scratch>/codex/chainhash-m2-adjacent/smhasher3/hashes/crc.cpp:404:4: warning: '$' in identifier [-Wdollar-in-identifier-extension]
  404 |    $.bits = 32,
      |    ^
<scratch>/codex/chainhash-m2-adjacent/smhasher3/hashes/crc.cpp:405:4: warning: '$' in identifier [-Wdollar-in-identifier-extension]
  405 |    $.verification_LE = 0x6E6071BD,
      |    ^
<scratch>/codex/chainhash-m2-adjacent/smhasher3/hashes/crc.cpp:406:4: warning: '$' in identifier [-Wdollar-in-identifier-extension]
  406 |    $.verification_BE = 0x6E6071BD,
      |    ^
<scratch>/codex/chainhash-m2-adjacent/smhasher3/hashes/crc.cpp:407:4: warning: '$' in identifier [-Wdollar-in-identifier-extension]
  407 |    $.initfn          = CRC32_init<POLY_CRC32C>,
      |    ^
<scratch>/codex/chainhash-m2-adjacent/smhasher3/hashes/crc.cpp:408:4: warning: '$' in identifier [-Wdollar-in-identifier-extension]
  408 |    $.hashfn_native   = CRC32<POLY_CRC32C>,
      |    ^
<scratch>/codex/chainhash-m2-adjacent/smhasher3/hashes/crc.cpp:409:4: warning: '$' in identifier [-Wdollar-in-identifier-extension]
  409 |    $.hashfn_bswap    = CRC32<POLY_CRC32C>
      |    ^
17 warnings generated.
[ 72%] Building CXX object CMakeFiles/SMHasher3Hashlib.dir/hashes/multiply_shift.cpp.o
[ 72%] Built target SMHasher3Tests
[ 72%] Building CXX object CMakeFiles/SMHasher3Hashlib.dir/hashes/goodhart.cpp.o
In file included from <scratch>/codex/chainhash-m2-adjacent/smhasher3/hashes/rapidhash.cpp:35:
<scratch>/codex/chainhash-m2-adjacent/smhasher3/include/hashlib/Hashlib.h:44:20: warning: '$' in identifier [-Wdollar-in-identifier-extension]
   44 |     HashFamilyInfo $(#N);                          \
      |                    ^
<scratch>/codex/chainhash-m2-adjacent/smhasher3/include/hashlib/Hashlib.h:46:12: warning: '$' in identifier [-Wdollar-in-identifier-extension]
   46 |     return $;                                      \
      |            ^
<scratch>/codex/chainhash-m2-adjacent/smhasher3/include/hashlib/Hashlib.h:54:14: warning: '$' in identifier [-Wdollar-in-identifier-extension]
   54 |     HashInfo $(#N, THIS_HASH_FAMILY.name);       \
      |              ^
<scratch>/codex/chainhash-m2-adjacent/smhasher3/include/hashlib/Hashlib.h:56:20: warning: '$' in identifier [-Wdollar-in-identifier-extension]
   56 |     register_hash(&$);                           \
      |                    ^
<scratch>/codex/chainhash-m2-adjacent/smhasher3/include/hashlib/Hashlib.h:57:12: warning: '$' in identifier [-Wdollar-in-identifier-extension]
   57 |     return $;                                    \
      |            ^
In file included from <scratch>/codex/chainhash-m2-adjacent/smhasher3/hashes/pearson.cpp:32:
<scratch>/codex/chainhash-m2-adjacent/smhasher3/include/hashlib/Hashlib.h:44:20: warning: '$' in identifier [-Wdollar-in-identifier-extension]
   44 |     HashFamilyInfo $(#N);                          \
      |                    ^
<scratch>/codex/chainhash-m2-adjacent/smhasher3/include/hashlib/Hashlib.h:46:12: warning: '$' in identifier [-Wdollar-in-identifier-extension]
   46 |     return $;                                      \
      |            ^
<scratch>/codex/chainhash-m2-adjacent/smhasher3/include/hashlib/Hashlib.h:54:14: warning: '$' in identifier [-Wdollar-in-identifier-extension]
   54 |     HashInfo $(#N, THIS_HASH_FAMILY.name);       \
      |              ^
<scratch>/codex/chainhash-m2-adjacent/smhasher3/include/hashlib/Hashlib.h:56:20: warning: '$' in identifier [-Wdollar-in-identifier-extension]
   56 |     register_hash(&$);                           \
      |                    ^
<scratch>/codex/chainhash-m2-adjacent/smhasher3/include/hashlib/Hashlib.h:57:12: warning: '$' in identifier [-Wdollar-in-identifier-extension]
   57 |     return $;                                    \
      |            ^
<scratch>/codex/chainhash-m2-adjacent/smhasher3/hashes/rapidhash.cpp:439:4: warning: '$' in identifier [-Wdollar-in-identifier-extension]
  439 |    $.src_url    = "https://github.com/Nicoshev/rapidhash",
      |    ^
<scratch>/codex/chainhash-m2-adjacent/smhasher3/hashes/rapidhash.cpp:440:4: warning: '$' in identifier [-Wdollar-in-identifier-extension]
  440 |    $.src_status = HashFamilyInfo::SRC_ACTIVE
      |    ^
<scratch>/codex/chainhash-m2-adjacent/smhasher3/hashes/rapidhash.cpp:444:4: warning: '$' in identifier [-Wdollar-in-identifier-extension]
  444 |    $.desc       = "rapidhash v3, 64-bit",
      |    ^
<scratch>/codex/chainhash-m2-adjacent/smhasher3/hashes/rapidhash.cpp:445:4: warning: '$' in identifier [-Wdollar-in-identifier-extension]
  445 |    $.sort_order = 0,
      |    ^
<scratch>/codex/chainhash-m2-adjacent/smhasher3/hashes/rapidhash.cpp:446:4: warning: '$' in identifier [-Wdollar-in-identifier-extension]
  446 |    $.hash_flags =
      |    ^
<scratch>/codex/chainhash-m2-adjacent/smhasher3/hashes/rapidhash.cpp:448:4: warning: '$' in identifier [-Wdollar-in-identifier-extension]
  448 |    $.impl_flags =
      |    ^
<scratch>/codex/chainhash-m2-adjacent/smhasher3/hashes/rapidhash.cpp:451:4: warning: '$' in identifier [-Wdollar-in-identifier-extension]
  451 |    $.bi<scratch>/codex/chainhash-m2-adjacent/smhasher3/hashes/pearson.cpp:97:4: warning: '$' in identifier [-Wdollar-in-identifier-extension]
ts = 64,
      |    ^
<scratch>/codex/chainhash-m2-adjacent/smhasher3/hashes/rapidhash.cpp:452   97 |    $.src_u:4: warning: '$' in identifier [-Wdollar-in-identifier-extension]
  452rl     |    $.= "httpsverific://github.cation_LE om/Logan007/pearso= 0x1FDC65n",
      | EE,
      |    ^
   ^
<scratch>/codex/chainhash-m2-adjacent/smhasher3/hashes/rapidhash.cpp:453:4: warning: '$' in identifier [-Wdollar-in-identifier-extension]
<scratch>/codex/chainhash-m2-adjacent/smhasher3/hashes/pearson.cpp:98:4  453 |    $.verificatio: warning: '$' in identifier [-Wdollar-in-identifier-extension]
   98 | n_BE = 0xB2DB16B5,
      |    ^
<scratch>/codex/chainhash-m2-adjacent/smhasher3/hashes/rapidhash.cpp:454:4:    warning: '$' in identifier [-Wdollar-in-identifier-extension]
$.src_status = HashFamil  454 |    $.hasyInfo::SRC_Shfn_natTABLEISH
ive   = RapidHas      |    ^
h64<false, false, true>,
      |    ^
<scratch>/codex/chainhash-m2-adjacent/smhasher3/hashes/rapidhash.cpp:455:4: warning: '$' in identifier [-Wdollar-in-identifier-extension]
  455 |    $.hashfn_bswap    = RapidHash64<true, false, true>
      |    ^
<scratch>/codex/chainhash-m2-adjacent/smhasher3/hashes/pearson.cpp:102:4: warning: '$' in identifier [-Wdollar-in-identifier-extension]
<scratch>/codex/chainhash-m2-adjacent/smhasher3/hashes/rapidhash.cpp:459:4:  102 |    $.d warning: '$' in identifier [-Wdollar-in-identifier-extension]esc    
  459 |    = "Pe   ars$.don hash, 8 lanes using AES sbox",
      |    ^
esc      <scratch>/codex/chainhash-m2-adjacent/smhasher3/hashes/pearson.cpp:103:4:  = "rapiwarning: '$' in identifier [-Wdollar-in-identifier-extension]
dhash v3, 64-bit   103 |    $.proimpl       =tected version",
      |  PEARSON_IMPL_S   ^
TR,
      |    ^
<scratch>/codex/chainhash-m2-adjacent/smhasher3/hashes/rapidhash.cpp:460:4: warning: '$' in identifier [-Wdollar-in-identifier-extension]
  460 |    $.s<scratch>/codex/chainhash-m2-adjacent/smhasher3/hashes/pearson.cpp:104:4: warning: '$' in identifier [-Wdollar-in-identifier-extension]
  104 |    $.hash_fortlags =
      |    ^
_or<scratch>/codex/chainhash-m2-adjacent/smhasher3/hashes/pearson.cpp:107der:4 = 10,
      | : warning:    ^
<scratch>/codex/chainhash-m2-adjacent/smhasher3/hashes/rapidhash.cpp:461:4: warning: '$' in identifier [-Wdollar-in-identifier-extension]
  107 |    $.impl_flags'$' in identifier [-Wdollar-in-identifier-extension]
  461 |    $.has =
      |    ^
h_fl<scratch>/codex/chainhash-m2-adjacent/smhasher3/hashes/pearson.cpp:111:4: warning: '$' in identifier [-Wdollar-in-identifier-extension]
  111 |    $ags =
      |    ^
<scratch>/codex/chainhash-m2-adjacent/smhasher3/hashes/rapidhash.cpp:463:4: warning: '$' in identifier [-Wdollar-in-identifier-extension]
  463 |    $.impl_flags =
      |    ^
<scratch>/codex/chainhash-m2-adjacent/smhasher3/hashes/rapidhash.cpp:466:4: warning: '$' in identifier [-Wdollar-in-identifier-extension]
.bits =   466 |    $.64,bits
      |    ^
 = <scratch>/codex/chainhash-m2-adjacent/smhasher3/hashes/pearson.cpp:11264,:4:
      |    ^
<scratch>/codex/chainhash-m2-adjacent/smhasher3/hashes/rapidhash.cpp:467:4: warning: '$' in identifier [-Wdollar-in-identifier-extension]
  467 |    $.verification_LE = 0x7 warning: '$' in identifier [-Wdollar-in-identifier-extension]
  112 | 2C9270A,
      |    ^
   $.ver<scratch>/codex/chainhash-m2-adjacent/smhasher3/hashes/rapidhash.cpp:468ification_:4:LE  warning: '$' in identifier [-Wdollar-in-identifier-extension]= 0
  468 |    $.verificationx12E4C8CD,
      |    ^
_BE = 0x9A<scratch>/codex/chainhash-m2-adjacent/smhasher3/hashes/pearson.cpp:113:4: warning: '$' in identifier [-Wdollar-in-identifier-extension]145
  113 |    308,
      |    ^$.verifi
<scratch>/codex/chainhash-m2-adjacent/smhasher3/hashes/rapidhash.cpp:469:4: warning: '$' in identifier [-Wdollar-in-identifier-extension]
  469 |    $.hashfncation__naBE = 0x12tive   =E4C8CD,
 RapidH      |    ^
<scratch>/codex/chainhash-m2-adjacent/smhasher3/hashes/pearson.cpp:114ash64<fa:4: warning: '$' in identifier [-Wdollar-in-identifier-extension]
  114 |    $lse, true.hashfn_, fnative  alse>,
      |    ^
 = pearson<scratch>/codex/chainhash-m2-adjacent/smhasher3/hashes/rapidhash.cpp:470:4: warning: 64,
      |    ^
<scratch>/codex/chainhash-m2-adjacent/smhasher3/hashes/pearson.cpp'$' in identifier [-Wdollar-in-identifier-extension]
  470:115:4: warning: '$' in identifier [-Wdollar-in-identifier-extension]
 |    $.ha  115 |    $.shfhashfn_bn_bswap    swap    = pea= Rrsoapin64,
      |    ^
dHa<scratch>/codex/chainhash-m2-adjacent/smhasher3/hashes/pearson.cpp:116sh64<true:4:, true, f warning: '$' in identifier [-Wdollar-in-identifier-extension]
  116 |    $.initfn       alse>
         = pea|    ^
rson_hash_init
      |    ^
<scratch>/codex/chainhash-m2-adjacent/smhasher3/hashes/pearson.cpp:120:4: warning: '$' in identifier [-Wdollar-in-identifier-extension]
  120 |    $.desc       = "Pearson hash, 16 lanes using AES sbox",
      |    ^
<scratch>/codex/chainhash-m2-adjacent/smhasher3/hashes/pearson.cpp:121:4: warning: '$' in identifier [-Wdollar-in-identifier-extension]
  121 |    $.impl       = PEARSON_IMPL_STR,
      |    ^
<scratch>/codex/chainhash-m2-adjacent/smhasher3/hashes/pearson.cpp:122:4: warning: '$' in identifier [-Wdollar-in-identifier-extension]
  122 |    $.hash_flags =
      |    ^
<scratch>/codex/chainhash-m2-adjacent/smhasher3/hashes/pearson.cpp:125:4: warning: '$' in identifier [-Wdollar-in-identifier-extension]
  125 |    $.impl_flags =
      |    ^
<scratch>/codex/chainhash-m2-adjacent/smhasher3/hashes/pearson.cpp:129:4: warning: '$' in identifier [-Wdollar-in-identifier-extension]
  129 |    $.bits = 128,
      |    ^
<scratch>/codex/chainhash-m2-adjacent/smhasher3/hashes/pearson.cpp:130:4: warning: '$' in identifier [-Wdollar-in-identifier-extension]
  130 |    $.verification_LE = 0xDC5048A3,
      |    ^
<scratch>/codex/chainhash-m2-adjacent/smhasher3/hashes/pearson.cpp:131:4: warning: '$' in identifier [-Wdollar-in-identifier-extension]
  131 |    $.verification_BE = 0xDC5048A3,
      |    ^
<scratch>/codex/chainhash-m2-adjacent/smhasher3/hashes/pearson.cpp:132:4: warning: '$' in identifier [-Wdollar-in-identifier-extension]
  132 |    $.<scratch>/codex/chainhash-m2-adjacent/smhasher3/hashes/rapidhash.cpp:474:hashfn_4: nativwarning: '$' in identifier [-Wdollar-in-identifier-extension]
e   =   474 |    $.dpearsonesc    128,
         = "rapidhash|    ^
Micro v3, 6<scratch>/codex/chainhash-m2-adjacent/smhasher3/hashes/pearson.cpp:133:4: warning: '$' in identifier [-Wdollar-in-identifier-extension]4-bit",
      |    ^
<scratch>/codex/chainhash-m2-adjacent/smhasher3/hashes/rapidhash.cpp:475:4: 
  133 |  warning: '$' in identifier [-Wdollar-in-identifier-extension]
  $.hashfn  475 |    _bswap $.sort_   = pearson12order =8,
      |    ^
 20,
      |    ^
<scratch>/codex/chainhash-m2-adjacent/smhasher3/hashes/rapidhash.cpp:476:4: warning: <scratch>/codex/chainhash-m2-adjacent/smhasher3/hashes/pearson.cpp:134:4: warning: '$' in identifier [-Wdollar-in-identifier-extension]
  134 |    $.'$' in identifier [-Wdollar-in-identifier-extension]
  476 |    $.hash_flags =
      |    ^
<scratch>/codex/chainhash-m2-adjacent/smhasher3/hashes/rapidhash.cpp:478:4: warning: initfn        '$' in identifier [-Wdollar-in-identifier-extension]
  478 |    $.imp  = pearson_hash_il_flagnit
      |    ^
s =
      |    ^
<scratch>/codex/chainhash-m2-adjacent/smhasher3/hashes/rapidhash.cpp:481:4: warning: '$' in identifier [-Wdollar-in-identifier-extension]
  481 |    $.bits = 64,
      |    ^
<scratch>/codex/chainhash-m2-adjacent/smhasher3/hashes/rapidhash.cpp:482:4: warning: '$' in identifier [-Wdollar-in-identifier-extension]
  482 |    $.verification_LE = 0x6F183D61,
      |    ^
<scratch>/codex/chainhash-m2-adjacent/smhasher3/hashes/rapidhash.cpp:483:4: warning: '$' in identifier [-Wdollar-in-identifier-extension]
  483 |    $.verification_BE = 0xFAAE4D8F,
      |    ^
<scratch>/codex/chainhash-m2-adjacent/smhasher3/hashes/rapidhash.cpp:484:4: warning: '$' in identifier [-Wdollar-in-identifier-extension]
  484 |    $.hashfn_native   = RapidHashMicro64<false, false>,
      |    ^
<scratch>/codex/chainhash-m2-adjacent/smhasher3/hashes/rapidhash.cpp:485:4: warning: '$' in identifier [-Wdollar-in-identifier-extension]
  485 |    $.hashfn_bswap    = RapidHashMicro64<true, false>
      |    ^
<scratch>/codex/chainhash-m2-adjacent/smhasher3/hashes/rapidhash.cpp:489:4: warning: '$' in identifier [-Wdollar-in-identifier-extension]
  489 |    $.desc       = "rapidhashMicro v3, 64-bit protected version",
      |    ^
<scratch>/codex/chainhash-m2-adjacent/smhasher3/hashes/rapidhash.cpp:490:4: warning: '$' in identifier [-Wdollar-in-identifier-extension]
  490 |    $.sort_order = 30,
      |    ^
<scratch>/codex/chainhash-m2-adjacent/smhasher3/hashes/rapidhash.cpp:491:4: warning: '$' in identifier [-Wdollar-in-identifier-extension]
  491 |    $.hash_flags <scratch>/codex/chainhash-m2-adjacent/smhasher3/hashes/pearson.cpp:138:4: warning: '$' in identifier [-Wdollar-in-identifier-extension]
  138 | =
      |    ^
<scratch>/codex/chainhash-m2-adjacent/smhasher3/hashes/rapidhash.cpp:493:4: warning: '$' in identifier [-Wdollar-in-identifier-extension]
  493 |    $   $.desc       = "Pearso.impl_flags =
      | n    ^
hash, 3<scratch>/codex/chainhash-m2-adjacent/smhasher3/hashes/rapidhash.cpp:496:4: warning: '$' in identifier [-Wdollar-in-identifier-extension]
  496 |    $.bits = 64,
      | 2 lanes using AES   ^
 sbox",<scratch>/codex/chainhash-m2-adjacent/smhasher3/hashes/rapidhash.cpp:497:4: warning: '$' in identifier [-Wdollar-in-identifier-extension]
  497 |    $.
      | veri   ^
<scratch>/codex/chainhash-m2-adjacent/smhasher3/hashes/pearson.cpp:139:4: warning: '$' in identifier [-Wdollar-in-identifier-extension]
  139 |    $.impl       = PEARSON_IMPL_STficatiR,on_LE = 
      |    ^
0xC<scratch>/codex/chainhash-m2-adjacent/smhasher3/hashes/pearson.cpp:7F9140:987C,
      |    ^
4: warning: '$' in identifier [-Wdollar-in-identifier-extension]
<scratch>/codex/chainhash-m2-adjacent/smhasher3/hashes/rapidhash.cpp:498:4  140 |    $.hash_flags =
      |    ^
<scratch>/codex/chainhash-m2-adjacent/smhasher3/hashes/pearson.cpp:143:4: warning: '$' in identifier [-Wdollar-in-identifier-extension]
  143 |    $.impl_flag: s =
      warning: '$' in identifier [-Wdollar-in-identifier-extension]
|    ^
<scratch>/codex/chainhash-m2-adjacent/smhasher3/hashes/pearson.cpp:147:4: warning: '$' in identifier [-Wdollar-in-identifier-extension]
  147 |    $.bits = 2  498 |    $.verific56,
      | ation   ^
_BE = 0<scratch>/codex/chainhash-m2-adjacent/smhasher3/hashes/pearson.cpp:148:4: warning: '$' in identifier [-Wdollar-in-identifier-extension]
  148 |    xDC$.ver04682C,
      |    ^
<scratch>/codex/chainhash-m2-adjacent/smhasher3/hashes/rapidhash.cpp:499:4: warning: '$' in identifier [-Wdollar-in-identifier-extension]
ific  499 | ati   on_$.hasLE = 0xA9hfnB1D_naE02,
      |    ^
tiv<scratch>/codex/chainhash-m2-adjacent/smhasher3/hashes/pearson.cpp:149e   :4: warning: '$' in identifier [-Wdollar-in-identifier-extension]
= Rap  149 | idHashMicro64<false, true>,   $.ver
      |    ^
<scratch>/codex/chainhash-m2-adjacent/smhasher3/hashes/rapidhash.cpp:ifi500:4cation_BE = 0xA9B1DE02,
      |    ^
<scratch>/codex/chainhash-m2-adjacent/smhasher3/hashes/pearson.cpp:150:4: warning: : warning: '$' in identifier [-Wdollar-in-identifier-extension]
  500 |    $.h'$' in identifier [-Wdollar-in-identifier-extension]
  150 |    $.hashfnash_nafn_tive   =bsw pearson2ap    56,
      |    ^
<scratch>/codex/chainhash-m2-adjacent/smhasher3/hashes/pearson.cpp:151= R:4: warning: api'$' in identifier [-Wdollar-in-identifier-extension]
  151 |    $.hasdHashMicro64hfn_<true, tbswap    = pearue>
      rso|    ^
n256,
      |    ^
<scratch>/codex/chainhash-m2-adjacent/smhasher3/hashes/pearson.cpp:152:4: warning: '$' in identifier [-Wdollar-in-identifier-extension]
  152 |    $.initfn          = pearson_hash_init
      |    ^
<scratch>/codex/chainhash-m2-adjacent/smhasher3/hashes/rapidhash.cpp:504:4: warning: '$' in identifier [-Wdollar-in-identifier-extension]
  504 |    $.desc       = "rapidhashNano v3, 64-bit",
      |    ^
<scratch>/codex/chainhash-m2-adjacent/smhasher3/hashes/rapidhash.cpp:505:4: warning: '$' in identifier [-Wdollar-in-identifier-extension]
  505 |    $.sort_order = 40,
      |    ^
<scratch>/codex/chainhash-m2-adjacent/smhasher3/hashes/rapidhash.cpp:506:4: warning: '$' in identifier [-Wdollar-in-identifier-extension]
  506 |    $.hash_flags =
      |    ^
<scratch>/codex/chainhash-m2-adjacent/smhasher3/hashes/rapidhash.cpp:508:4: warning: '$' in identifier [-Wdollar-in-identifier-extension]
  508 |    $.impl_flags =
      |    ^
<scratch>/codex/chainhash-m2-adjacent/smhasher3/hashes/rapidhash.cpp:511:4: warning: '$' in identifier [-Wdollar-in-identifier-extension]
  511 |    $.bits = 64,
      |    ^
<scratch>/codex/chainhash-m2-adjacent/smhasher3/hashes/rapidhash.cpp:512:4: warning: '$' in identifier [-Wdollar-in-identifier-extension]
  512 |    $.verification_LE = 0x2C200DC7,
      |    ^
<scratch>/codex/chainhash-m2-adjacent/smhasher3/hashes/rapidhash.cpp:513:4: warning: '$' in identifier [-Wdollar-in-identifier-extension]
  513 |    $.verification_BE = 0xC082DAAD,
      |    ^
<scratch>/codex/chainhash-m2-adjacent/smhasher3/hashes/rapidhash.cpp:514:4: warning: '$' in identifier [-Wdollar-in-identifier-extension]
  514 |    $.hashfn_native   = RapidHashNano64<false, false>,
      |    ^
<scratch>/codex/chainhash-m2-adjacent/smhasher3/hashes/rapidhash.cpp:515:4: warning: '$' in identifier [-Wdollar-in-identifier-extension]
  515 |    $.hashfn_bswap    = RapidHashNano64<true, false>
      |    ^
<scratch>/codex/chainhash-m2-adjacent/smhasher3/hashes/rapidhash.cpp:519:4: warning: '$' in identifier [-Wdollar-in-identifier-extension]
  519 |    $.desc       = "rapidhashNano v3, 64-bit protected version",
      |    ^
<scratch>/codex/chainhash-m2-adjacent/smhasher3/hashes/rapidhash.cpp:520:4: warning: '$' in identifier [-Wdollar-in-identifier-extension]
  520 |    $.sort_order = 50,
      |    ^
<scratch>/codex/chainhash-m2-adjacent/smhasher3/hashes/rapidhash.cpp:521:4: warning: '$' in identifier [-Wdollar-in-identifier-extension]
  521 |    $.hash_flags =
      |    ^
<scratch>/codex/chainhash-m2-adjacent/smhasher3/hashes/rapidhash.cpp:523:4: warning: '$' in identifier [-Wdollar-in-identifier-extension]
  523 |    $.impl_flags =
      |    ^
<scratch>/codex/chainhash-m2-adjacent/smhasher3/hashes/rapidhash.cpp:526:4: warning: '$' in identifier [-Wdollar-in-identifier-extension]
  526 |    $.bits = 64,
      |    ^
<scratch>/codex/chainhash-m2-adjacent/smhasher3/hashes/rapidhash.cpp:527:4: warning: '$' in identifier [-Wdollar-in-identifier-extension]
  527 |    $.verification_LE = 0x7A2FA761,
      |    ^
<scratch>/codex/chainhash-m2-adjacent/smhasher3/hashes/rapidhash.cpp:528:4: warning: '$' in identifier [-Wdollar-in-identifier-extension]
  528 |    $.verification_BE = 0xCC879229,
      |    ^
<scratch>/codex/chainhash-m2-adjacent/smhasher3/hashes/rapidhash.cpp:529:4: warning: '$' in identifier [-Wdollar-in-identifier-extension]
  529 |    $.hashfn_native   = RapidHashNano64<false, true>,
      |    ^
<scratch>/codex/chainhash-m2-adjacent/smhasher3/hashes/rapidhash.cpp:530:4: warning: '$' in identifier [-Wdollar-in-identifier-extension]
  530 |    $.hashfn_bswap    = RapidHashNano64<true, true>
      |    ^
37 warnings generated.
[ 73%] Building CXX object CMakeFiles/SMHasher3Hashlib.dir/hashes/komihash.cpp.o
61 warnings generated.
[ 73%] Building CXX object CMakeFiles/SMHasher3Hashlib.dir/hashes/aesnihash-majek.cpp.o
In file included from <scratch>/codex/chainhash-m2-adjacent/smhasher3/hashes/multiply_shift.cpp:30:
<scratch>/codex/chainhash-m2-adjacent/smhasher3/include/hashlib/Hashlib.h:44:20: warning: '$' in identifier [-Wdollar-in-identifier-extension]
   44 |     HashFamilyInfo $(#N);                          \
      |                    ^
<scratch>/codex/chainhash-m2-adjacent/smhasher3/include/hashlib/Hashlib.h:46:12: warning: '$' in identifier [-Wdollar-in-identifier-extension]
   46 |     return $;                                      \
      |            ^
<scratch>/codex/chainhash-m2-adjacent/smhasher3/include/hashlib/Hashlib.h:54:14: warning: '$' in identifier [-Wdollar-in-identifier-extension]
   54 |     HashInfo $(#N, THIS_HASH_FAMILY.name);       \
      |              ^
<scratch>/codex/chainhash-m2-adjacent/smhasher3/include/hashlib/Hashlib.h:56:20: warning: '$' in identifier [-Wdollar-in-identifier-extension]
   56 |     register_hash(&$);                           \
      |                    ^
<scratch>/codex/chainhash-m2-adjacent/smhasher3/include/hashlib/Hashlib.h:57:12: warning: '$' in identifier [-Wdollar-in-identifier-extension]
   57 |     return $;                                    \
      |            ^
<scratch>/codex/chainhash-m2-adjacent/smhasher3/hashes/multiply_shift.cpp:262:4: warning: '$' in identifier [-Wdollar-in-identifier-extension]
  262 |    $.src_url    = "https://github.com/rurban/smhasher/blob/2b5992fe015282c87c9069e3c664771b47555ff3/Hashes.cpp",
      |    ^
<scratch>/codex/chainhash-m2-adjacent/smhasher3/hashes/multiply_shift.cpp:263:4: warning: '$' in identifier [-Wdollar-in-identifier-extension]
  263 |    $.src_status = HashFamilyInfo::SRC_FROZEN
      |    ^
<scratch>/codex/chainhash-m2-adjacent/smhasher3/hashes/multiply_shift.cpp:267:4: warning: '$' in identifier [-Wdollar-in-identifier-extension]
  267 |    $.desc       = "Dietzfelbinger Multiply-shift on strings, 32-bit blocks",
      |    ^
<scratch>/codex/chainhash-m2-adjacent/smhasher3/hashes/multiply_shift.cpp:268:4: warning: '$' in identifier [-Wdollar-in-identifier-extension]
  268 |    $.hash_flags =
      |    ^
<scratch>/codex/chainhash-m2-adjacent/smhasher3/hashes/multiply_shift.cpp:271:4: warning: '$' in identifier [-Wdollar-in-identifier-extension]
  271 |    $.impl_flags =
      |    ^
<scratch>/codex/chainhash-m2-adjacent/smhasher3/hashes/multiply_shift.cpp:274:4: warning: '$' in identifier [-Wdollar-in-identifier-extension]
  274 |    $.bits = 32,
      |    ^
<scratch>/codex/chainhash-m2-adjacent/smhasher3/hashes/multiply_shift.cpp:275:4: warning: '$' in identifier [-Wdollar-in-identifier-extension]
  275 |    $.verification_LE = 0x34BAD85C,
      |    ^
<scratch>/codex/chainhash-m2-adjacent/smhasher3/hashes/multiply_shift.cpp:276:4: warning: '$' in identifier [-Wdollar-in-identifier-extension]
  276 |    $.verification_BE = 0x133CC3AC,
      |    ^
<scratch>/codex/chainhash-m2-adjacent/smhasher3/hashes/multiply_shift.cpp:277:4: warning: '$' in identifier [-Wdollar-in-identifier-extension]
  277 |    $.hashfn_native   = multiply_shift32<false>,
      |    ^
<scratch>/codex/chainhash-m2-adjacent/smhasher3/hashes/multiply_shift.cpp:278:4: warning: '$' in identifier [-Wdollar-in-identifier-extension]
  278 |    $.hashfn_bswap    = multiply_shift32<true>,
      |    ^
<scratch>/codex/chainhash-m2-adjacent/smhasher3/hashes/multiply_shift.cpp:280:4: warning: '$' in identifier [-Wdollar-in-identifier-extension]
  280 |    $.initfn          = multiply_shift_init
      |    ^
<scratch>/codex/chainhash-m2-adjacent/smhasher3/hashes/multiply_shift.cpp:284:4: warning: '$' in identifier [-Wdollar-in-identifier-extension]
  284 |    $.desc       = "Dietzfelbinger Pair-multiply-shift strings, 32-bit blocks",
      |    ^
<scratch>/codex/chainhash-m2-adjacent/smhasher3/hashes/multiply_shift.cpp:285:4: warning: '$' in identifier [-Wdollar-in-identifier-extension]
  285 |    $.hash_flags =
      |    ^
<scratch>/codex/chainhash-m2-adjacent/smhasher3/hashes/multiply_shift.cpp:288:4: warning: '$' in identifier [-Wdollar-in-identifier-extension]
  288 |    $.impl_flags =
      |    ^
<scratch>/codex/chainhash-m2-adjacent/smhasher3/hashes/multiply_shift.cpp:291:4: warning: '$' in identifier [-Wdollar-in-identifier-extension]
  291 |    $.bits = 32,
      |    ^
<scratch>/codex/chainhash-m2-adjacent/smhasher3/hashes/multiply_shift.cpp:292:4: warning: '$' in identifier [-Wdollar-in-identifier-extension]
  292 |    $.verification_LE = 0xFC284F0F,
      |    ^
<scratch>/codex/chainhash-m2-adjacent/smhasher3/hashes/multiply_shift.cpp:293:4: warning: '$' in identifier [-Wdollar-in-identifier-extension]
  293 |    $.verification_BE = 0x6E93B706,
      |    ^
<scratch>/codex/chainhash-m2-adjacent/smhasher3/hashes/multiply_shift.cpp:294:4: warning: '$' in identifier [-Wdollar-in-identifier-extension]
  294 |    $.hashfn_native   = pair_multiply_shift32<false>,
      |    ^
<scratch>/codex/chainhash-m2-adjacent/smhasher3/hashes/multiply_shift.cpp:295:4: warning: '$' in identifier [-Wdollar-in-identifier-extension]
  295 |    $.hashfn_bswap    = pair_multiply_shift32<true>,
      |    ^
<scratch>/codex/chainhash-m2-adjacent/smhasher3/hashes/multiply_shift.cpp:297:4: warning: '$' in identifier [-Wdollar-in-identifier-extension]
  297 |    $.initfn          = multiply_shift_init
      |    ^
<scratch>/codex/chainhash-m2-adjacent/smhasher3/hashes/multiply_shift.cpp:301:4: warning: '$' in identifier [-Wdollar-in-identifier-extension]
  301 |    $.desc       = "Dietzfelbinger Multiply-shift on strings, 64-bit blocks",
      |    ^
<scratch>/codex/chainhash-m2-adjacent/smhasher3/hashes/multiply_shift.cpp:302:4: warning: '$' in identifier [-Wdollar-in-identifier-extension]
  302 |    $.hash_flags =
      |    ^
<scratch>/codex/chainhash-m2-adjacent/smhasher3/hashes/multiply_shift.cpp:305:4: warning: '$' in identifier [-Wdollar-in-identifier-extension]
  305 |    $.impl_flags =
      |    ^
<scratch>/codex/chainhash-m2-adjacent/smhasher3/hashes/multiply_shift.cpp:308:4: warning: '$' in identifier [-Wdollar-in-identifier-extension]
  308 |    $.bits = 64,
      |    ^
<scratch>/codex/chainhash-m2-adjacent/smhasher3/hashes/multiply_shift.cpp:309:4: warning: '$' in identifier [-Wdollar-in-identifier-extension]
  309 |    $.verification_LE = 0xB7A5E66D,
      |    ^
<scratch>/codex/chainhash-m2-adjacent/smhasher3/hashes/multiply_shift.cpp:310:4: warning: '$' in identifier [-Wdollar-in-identifier-extension]
  310 |    $.verification_BE = 0x6E3902A6,
      |    ^
<scratch>/codex/chainhash-m2-adjacent/smhasher3/hashes/multiply_shift.cpp:311:4: warning: '$' in identifier [-Wdollar-in-identifier-extension]
  311 |    $.hashfn_native   = multiply_shift64<false>,
      |    ^
<scratch>/codex/chainhash-m2-adjacent/smhasher3/hashes/multiply_shift.cpp:312:4: warning: '$' in identifier [-Wdollar-in-identifier-extension]
  312 |    $.hashfn_bswap    = multiply_shift64<true>,
      |    ^
<scratch>/codex/chainhash-m2-adjacent/smhasher3/hashes/multiply_shift.cpp:314:4: warning: '$' in identifier [-Wdollar-in-identifier-extension]
  314 |    In file included from <scratch>/codex/chainhash-m2-adjacent/smhasher3/hashes/goodhart.cpp:41:
<scratch>/codex/chainhash-m2-adjacent/smhasher3/include/hashlib/Hashlib.h:44:20: warning: '$' in identifier [-Wdollar-in-identifier-extension]
   44 |     HashFamily$.initfn          = multiply_shift_init
      |    ^
Info $(#N);                          \
      |                    ^
<scratch>/codex/chainhash-m2-adjacent/smhasher3/include/hashlib/Hashlib.h:46:12: warning: '$' in identifier [-Wdollar-in-identifier-extension]
   46 |     return $;          <scratch>/codex/chainhash-m2-adjacent/smhasher3/hashes/multiply_shift.cpp:318:4:    warning: '$' in identifier [-Wdollar-in-identifier-extension]
                         \
      |            ^
  318 |    $<scratch>/codex/chainhash-m2-adjacent/smhasher3/include/hashlib/Hashlib.h:54.desc       = "Dietz:14: warning: fel'$' in identifier [-Wdollar-in-identifier-extension]
bin   54 |     HashInfo $(#N, THIS_Hger PaASH_FAMILY.namir-mule);       \
      |              ^
tiply-shift strings, 64-bit blocks",
      |    ^
<scratch>/codex/chainhash-m2-adjacent/smhasher3/include/hashlib/Hashlib.h:56:20: warning: <scratch>/codex/chainhash-m2-adjacent/smhasher3/hashes/multiply_shift.cpp:319:4: '$' in identifier [-Wdollar-in-identifier-extension]
   56 |     register_hash(&$)warning: '$' in identifier [-Wdollar-in-identifier-extension]
;     319 |    $.hash_flags =
      |    ^
<scratch>/codex/chainhash-m2-adjacent/smhasher3/hashes/multiply_shift.cpp:322:4: warning: '$' in identifier [-Wdollar-in-identifier-extension]
  322 |    $.imp           l_fl             \
      |                    ^
<scratch>/codex/chainhash-m2-adjacent/smhasher3/include/hashlib/Hashlib.h:57:12: warning: '$' in identifier [-Wdollar-in-identifier-extension]
   57 |     return $;               ags                      \
      |            ^
=
      |    ^
<scratch>/codex/chainhash-m2-adjacent/smhasher3/hashes/multiply_shift.cpp:325:4: warning: '$' in identifier [-Wdollar-in-identifier-extension]
  325 |    $.bits = 64,
      |    ^
<scratch>/codex/chainhash-m2-adjacent/smhasher3/hashes/multiply_shift.cpp:326:4: warning: '$' in identifier [-Wdollar-in-identifier-extension]
  326 |    $.verification_LE = 0x4FBA804D,
      |    ^
<scratch>/codex/chainhash-m2-adjacent/smhasher3/hashes/multiply_shift.cpp:327:4: warning: '$' in identifier [-Wdollar-in-identifier-extension]
  327 |    $.verification_BE = 0x2B<scratch>/codex/chainhash-m2-adjacent/smhasher3/hashes/goodhart.cpp:136:4: warning: '$' in identifier [-Wdollar-in-identifier-extension]
7F6  136 | 43B   ,
      $.s|    ^
rc_<scratch>/codex/chainhash-m2-adjacent/smhasher3/hashes/multiply_shift.cpp:328url:4: warning: '$' in identifier [-Wdollar-in-identifier-extension]
  328 |    $.ha    shfn_nati= "httpve   s:/= p/blog.cesseair_multipln.com/y_shift6post/20244<f_07_10_alshase>,h_d
      | esig   ^
<scratch>/codex/chainhash-m2-adjacent/smhasher3/hashes/multiply_shift.cpp:329:n_a4: warning: '$' in identifier [-Wdollar-in-identifier-extension]
  329 |    $nd_goodh.haarts_shflawn_bs",
      |    ^wap
<scratch>/codex/chainhash-m2-adjacent/smhasher3/hashes/goodhart.cpp:137:4:    = warning: '$' in identifier [-Wdollar-in-identifier-extension]
  137 |   pair_multiply_shif  $t64.sr<trc_sue>tat,
      |    ^
us <scratch>/codex/chainhash-m2-adjacent/smhasher3/hashes/multiply_shift.cpp:331= H:4:ashFam warning: '$' in identifier [-Wdollar-in-identifier-extension]ilyI
  331 |    $.nfoini::StfnRC_   FRO   ZEN   
      |  =    ^
multiply_shift_init
      |    ^
<scratch>/codex/chainhash-m2-adjacent/smhasher3/hashes/goodhart.cpp:141:4: warning: '$' in identifier [-Wdollar-in-identifier-extension]
  141 |    $.desc            = "Goodhart Hash 1 (bad)",
      |    ^
<scratch>/codex/chainhash-m2-adjacent/smhasher3/hashes/goodhart.cpp:142:4: warning: '$' in identifier [-Wdollar-in-identifier-extension]
  142 |    $.hash_flags      =
      |    ^
<scratch>/codex/chainhash-m2-adjacent/smhasher3/hashes/goodhart.cpp:144:4: warning: '$' in identifier [-Wdollar-in-identifier-extension]
  144 |    $.impl_flags      =
      |    ^
<scratch>/codex/chainhash-m2-adjacent/smhasher3/hashes/goodhart.cpp:148:4: warning: '$' in identifier [-Wdollar-in-identifier-extension]
  148 |    $.bits            = 128,
      |    ^
<scratch>/codex/chainhash-m2-adjacent/smhasher3/hashes/goodhart.cpp:149:4: warning: '$' in identifier [-Wdollar-in-identifier-extension]
  149 |    $.verification_LE = 0x78BE8F44,
      |    ^
<scratch>/codex/chainhash-m2-adjacent/smhasher3/hashes/goodhart.cpp:150:4: warning: '$' in identifier [-Wdollar-in-identifier-extension]
  150 |    $.verification_BE = 0xE537621E,
      |    ^
<scratch>/codex/chainhash-m2-adjacent/smhasher3/hashes/goodhart.cpp:151:4: warning: '$' in identifier [-Wdollar-in-identifier-extension]
  151 |    $.seedfn          = init_seed,
      |    ^
<scratch>/codex/chainhash-m2-adjacent/smhasher3/hashes/goodhart.cpp:152:4: warning: '$' in identifier [-Wdollar-in-identifier-extension]
  152 |    $.hashfn_native   = GoodhartHashAll<1, false>,
      |    ^
<scratch>/codex/chainhash-m2-adjacent/smhasher3/hashes/goodhart.cpp:153:4: warning: '$' in identifier [-Wdollar-in-identifier-extension]
  153 |    $.hashfn_bswap    = GoodhartHashAll<1, true>
      |    ^
<scratch>/codex/chainhash-m2-adjacent/smhasher3/hashes/goodhart.cpp:157:4: warning: '$' in identifier [-Wdollar-in-identifier-extension]
  157 |    $.desc            = "Goodhart Hash 2 (bad)",
      |    ^
<scratch>/codex/chainhash-m2-adjacent/smhasher3/hashes/goodhart.cpp:158:4: warning: '$' in identifier [-Wdollar-in-identifier-extension]
  158 |    $.hash_flags      =
      |    ^
<scratch>/codex/chainhash-m2-adjacent/smhasher3/hashes/goodhart.cpp:160:4: warning: '$' in identifier [-Wdollar-in-identifier-extension]
  160 |    $.impl_flags      =
      |    ^
<scratch>/codex/chainhash-m2-adjacent/smhasher3/hashes/goodhart.cpp:163:4: warning: '$' in identifier [-Wdollar-in-identifier-extension]
  163 |    $.bits            = 128,
      |    ^
<scratch>/codex/chainhash-m2-adjacent/smhasher3/hashes/goodhart.cpp:164:4: warning: '$' in identifier [-Wdollar-in-identifier-extension]
  164 |    $.verification_LE = 0x16C82F7A,
      |    ^
<scratch>/codex/chainhash-m2-adjacent/smhasher3/hashes/goodhart.cpp:165:4: warning: '$' in identifier [-Wdollar-in-identifier-extension]
  165 |    $.verification_BE = 0x5F57974F,
      |    ^
<scratch>/codex/chainhash-m2-adjacent/smhasher3/hashes/goodhart.cpp:166:4: warning: '$' in identifier [-Wdollar-in-identifier-extension]
  166 |    $.seedfn          = init_seed,
      |    ^
<scratch>/codex/chainhash-m2-adjacent/smhasher3/hashes/goodhart.cpp:167:4: warning: '$' in identifier [-Wdollar-in-identifier-extension]
  167 |    $.hashfn_native   = GoodhartHashAll<2, false>,
      |    ^
<scratch>/codex/chainhash-m2-adjacent/smhasher3/hashes/goodhart.cpp:168:4: warning: '$' in identifier [-Wdollar-in-identifier-extension]
  168 |    $.hashfn_bswap    = GoodhartHashAll<2, true>
      |    ^
<scratch>/codex/chainhash-m2-adjacent/smhasher3/hashes/goodhart.cpp:172:4: warning: '$' in identifier [-Wdollar-in-identifier-extension]
  172 |    $.desc            = "Goodhart Hash 3",
      |    ^
<scratch>/codex/chainhash-m2-adjacent/smhasher3/hashes/goodhart.cpp:173:4: warning: '$' in identifier [-Wdollar-in-identifier-extension]
  173 |    $.hash_flags      =
      |    ^
<scratch>/codex/chainhash-m2-adjacent/smhasher3/hashes/goodhart.cpp:175:4: warning: '$' in identifier [-Wdollar-in-identifier-extension]
  175 |    $.impl_flags      =
      |    ^
<scratch>/codex/chainhash-m2-adjacent/smhasher3/hashes/goodhart.cpp:178:4: warning: '$' in identifier [-Wdollar-in-identifier-extension]
  178 |    $.bits            = 128,
      |    ^
<scratch>/codex/chainhash-m2-adjacent/smhasher3/hashes/goodhart.cpp:179:4: warning: '$' in identifier [-Wdollar-in-identifier-extension]
  179 |    $.verification_LE = 0x504DEE5A,
      |    ^
<scratch>/codex/chainhash-m2-adjacent/smhasher3/hashes/goodhart.cpp:180:4: warning: '$' in identifier [-Wdollar-in-identifier-extension]
  180 |    $.verification_BE = 0x83DC9414,
      |    ^
<scratch>/codex/chainhash-m2-adjacent/smhasher3/hashes/goodhart.cpp:181:4: warning: '$' in identifier [-Wdollar-in-identifier-extension]
  181 |    $.seedfn          = init_seed,
      |    ^
<scratch>/codex/chainhash-m2-adjacent/smhasher3/hashes/goodhart.cpp:182:4: warning: '$' in identifier [-Wdollar-in-identifier-extension]
  182 |    $.hashfn_native   = GoodhartHashAll<3, false>,
      |    ^
<scratch>/codex/chainhash-m2-adjacent/smhasher3/hashes/goodhart.cpp:183:4: warning: '$' in identifier [-Wdollar-in-identifier-extension]
  183 |    $.hashfn_bswap    = GoodhartHashAll<3, true>
      |    ^
<scratch>/codex/chainhash-m2-adjacent/smhasher3/hashes/goodhart.cpp:187:4: warning: '$' in identifier [-Wdollar-in-identifier-extension]
  187 |    $.desc            = "Goodhart Hash 4 (bad)",
      |    ^
<scratch>/codex/chainhash-m2-adjacent/smhasher3/hashes/goodhart.cpp:188:4: warning: '$' in identifier [-Wdollar-in-identifier-extension]
  188 |    $.hash_flags      =
      |    ^
<scratch>/codex/chainhash-m2-adjacent/smhasher3/hashes/goodhart.cpp:190:4: warning: '$' in identifier [-Wdollar-in-identifier-extension]
  190 |    $.impl_flags      =
      |    ^
<scratch>/codex/chainhash-m2-adjacent/smhasher3/hashes/goodhart.cpp:193:4: warning: '$' in identifier [-Wdollar-in-identifier-extension]
  193 |    $.bits            = 128,
      |    ^
<scratch>/codex/chainhash-m2-adjacent/smhasher3/hashes/goodhart.cpp:194:4: warning: '$' in identifier [-Wdollar-in-identifier-extension]
  194 |    $.verification_LE = 0xE71EE0DC,
      |    ^
<scratch>/codex/chainhash-m2-adjacent/smhasher3/hashes/goodhart.cpp:195:4: warning: '$' in identifier [-Wdollar-in-identifier-extension]
  195 |    $.verification_BE = 0xB5176566,
      |    ^
<scratch>/codex/chainhash-m2-adjacent/smhasher3/hashes/goodhart.cpp:196:4: warning: '$' in identifier [-Wdollar-in-identifier-extension]
  196 |    $.seedfn          = init_seed,
      |    ^
<scratch>/codex/chainhash-m2-adjacent/smhasher3/hashes/goodhart.cpp:197:4: warning: '$' in identifier [-Wdollar-in-identifier-extension]
  197 |    $.hashfn_native   = GoodhartHashAll<4, false>,
      |    ^
<scratch>/codex/chainhash-m2-adjacent/smhasher3/hashes/goodhart.cpp:198:4: warning: '$' in identifier [-Wdollar-in-identifier-extension]
  198 |    $.hashfn_bswap    = GoodhartHashAll<4, true>
      |    ^
<scratch>/codex/chainhash-m2-adjacent/smhasher3/hashes/goodhart.cpp:202:4: warning: '$' in identifier [-Wdollar-in-identifier-extension]
  202 |    $.desc            = "Goodhart Hash 5 (bad)",
      |    ^
<scratch>/codex/chainhash-m2-adjacent/smhasher3/hashes/goodhart.cpp:203:4: warning: '$' in identifier [-Wdollar-in-identifier-extension]
  203 |    $.hash_flags      =
      |    ^
<scratch>/codex/chainhash-m2-adjacent/smhasher3/hashes/goodhart.cpp:205:4: warning: '$' in identifier [-Wdollar-in-identifier-extension]
  205 |    $.impl_flags      =
      |    ^
<scratch>/codex/chainhash-m2-adjacent/smhasher3/hashes/goodhart.cpp:208:4: warning: '$' in identifier [-Wdollar-in-identifier-extension]
  208 |    $.bits            = 128,
      |    ^
<scratch>/codex/chainhash-m2-adjacent/smhasher3/hashes/goodhart.cpp:209:4: warning: '$' in identifier [-Wdollar-in-identifier-extension]
  209 |    $.verification_LE = 0x6F8788F7,
      |    ^
<scratch>/codex/chainhash-m2-adjacent/smhasher3/hashes/goodhart.cpp:210:4: warning: '$' in identifier [-Wdollar-in-identifier-extension]
  210 |    $.verification_BE = 0x73D864DA,
      |    ^
<scratch>/codex/chainhash-m2-adjacent/smhasher3/hashes/goodhart.cpp:211:4: warning: '$' in identifier [-Wdollar-in-identifier-extension]
  211 |    $.seedfn          = init_seed,
      |    ^
<scratch>/codex/chainhash-m2-adjacent/smhasher3/hashes/goodhart.cpp:212:4: warning: '$' in identifier [-Wdollar-in-identifier-extension]
  212 |    $.hashfn_native   = GoodhartHashAll<5, false>,
      |    ^
<scratch>/codex/chainhash-m2-adjacent/smhasher3/hashes/goodhart.cpp:213:4: warning: '$' in identifier [-Wdollar-in-identifier-extension]
  213 |    $.hashfn_bswap    = GoodhartHashAll<5, true>
      |    ^
<scratch>/codex/chainhash-m2-adjacent/smhasher3/hashes/goodhart.cpp:217:4: warning: '$' in identifier [-Wdollar-in-identifier-extension]
  217 |    $.desc            = "Goodhart Hash 6 (evil)",
      |    ^
<scratch>/codex/chainhash-m2-adjacent/smhasher3/hashes/goodhart.cpp:218:4: warning: '$' in identifier [-Wdollar-in-identifier-extension]
  218 |    $.hash_flags      =
      |    ^
<scratch>/codex/chainhash-m2-adjacent/smhasher3/hashes/goodhart.cpp:220:4: warning: '$' in identifier [-Wdollar-in-identifier-extension]
  220 |    $.impl_flags      =
      |    ^
<scratch>/codex/chainhash-m2-adjacent/smhasher3/hashes/goodhart.cpp:223:4: warning: '$' in identifier [-Wdollar-in-identifier-extension]
  223 |    $.bits            = 128,
      |    ^
<scratch>/codex/chainhash-m2-adjacent/smhasher3/hashes/goodhart.cpp:224:4: warning: '$' in identifier [-Wdollar-in-identifier-extension]
  224 |    $.verification_LE = 0x7EE56518,
      |    ^
<scratch>/codex/chainhash-m2-adjacent/smhasher3/hashes/goodhart.cpp:225:4: warning: '$' in identifier [-Wdollar-in-identifier-extension]
  225 |    $.verification_BE = 0x47495960,
      |    ^
<scratch>/codex/chainhash-m2-adjacent/smhasher3/hashes/goodhart.cpp:226:4: warning: '$' in identifier [-Wdollar-in-identifier-extension]
  226 |    $.seedfn          = init_seed,
      |    ^
<scratch>/codex/chainhash-m2-adjacent/smhasher3/hashes/goodhart.cpp:227:4: warning: '$' in identifier [-Wdollar-in-identifier-extension]
  227 |    $.hashfn_native   = GoodhartHashAll<6, false>,
      |    ^
<scratch>/codex/chainhash-m2-adjacent/smhasher3/hashes/goodhart.cpp:228:4: warning: '$' in identifier [-Wdollar-in-identifier-extension]
  228 |    $.hashfn_bswap    = GoodhartHashAll<6, true>
      |    ^
43 warnings generated.
61 warnings generated.
[ 75%] Building CXX object CMakeFiles/SMHasher3Hashlib.dir/hashes/tabulation.cpp.o
[ 76%] Building CXX object CMakeFiles/SMHasher3Hashlib.dir/hashes/khash.cpp.o
In file included from <scratch>/codex/chainhash-m2-adjacent/smhasher3/hashes/komihash.cpp:27:
<scratch>/codex/chainhash-m2-adjacent/smhasher3/include/hashlib/Hashlib.h:44:20: warning: '$' in identifier [-Wdollar-in-identifier-extension]
   44 |     HashFamilyInfo $(#N);                          \
      |                    ^
<scratch>/codex/chainhash-m2-adjacent/smhasher3/include/hashlib/Hashlib.h:46:12: warning: '$' in identifier [-Wdollar-in-identifier-extension]
   46 |     return $;                                      \
      |            ^
<scratch>/codex/chainhash-m2-adjacent/smhasher3/include/hashlib/Hashlib.h:54:14: warning: '$' in identifier [-Wdollar-in-identifier-extension]
   54 |     HashInfo $(#N, THIS_HASH_FAMILY.name);       \
      |              ^
<scratch>/codex/chainhash-m2-adjacent/smhasher3/include/hashlib/Hashlib.h:56:20: warning: '$' in identifier [-Wdollar-in-identifier-extension]
   56 |     register_hash(&$);                           \
      |                    ^
<scratch>/codex/chainhash-m2-adjacent/smhasher3/include/hashlib/Hashlib.h:57:12: warning: '$' in identifier [-Wdollar-in-identifier-extension]
   57 |     return $;                                    \
      |            ^
<scratch>/codex/chainhash-m2-adjacent/smhasher3/hashes/komihash.cpp:294:4: warning: '$' in identifier [-Wdollar-in-identifier-extension]
  294 |    $.src_url    = "https://github.com/avaneev/komihash/",
      |    ^
<scratch>/codex/chainhash-m2-adjacent/smhasher3/hashes/komihash.cpp:295:4: warning: '$' in identifier [-Wdollar-in-identifier-extension]
  295 |    $.src_status = HashFamilyInfo::SRC_ACTIVE
      |    ^
<scratch>/codex/chainhash-m2-adjacent/smhasher3/hashes/komihash.cpp:299:4: warning: '$' in identifier [-Wdollar-in-identifier-extension]
  299 |    $.desc       = "komihash v5.27",
      |    ^
<scratch>/codex/chainhash-m2-adjacent/smhasher3/hashes/komihash.cpp:300:4: warning: '$' in identifier [-Wdollar-in-identifier-extension]
  300 |    $.hash_flags =
      |    ^
<scratch>/codex/chainhash-m2-adjacent/smhasher3/hashes/komihash.cpp:302:4: warning: '$' in identifier [-Wdollar-in-identifier-extension]
  302 |    $.impl_flags =
      |    ^
<scratch>/codex/chainhash-m2-adjacent/smhasher3/hashes/komihash.cpp:307:4: warning: '$' in identifier [-Wdollar-in-identifier-extension]
  307 |    $.bits = 64,
      |    ^
<scratch>/codex/chainhash-m2-adjacent/smhasher3/hashes/komihash.cpp:308:4: warning: '$' in identifier [-Wdollar-in-identifier-extension]
  308 |    $.verification_LE = 0x8157FF6D,
      |    ^
<scratch>/codex/chainhash-m2-adjacent/smhasher3/hashes/komihash.cpp:309:4: warning: '$' in identifier [-Wdollar-in-identifier-extension]
  309 |    $.verification_BE = 0x68E116C0,
      |    ^
<scratch>/codex/chainhash-m2-adjacent/smhasher3/hashes/komihash.cpp:310:4: warning: '$' in identifier [-Wdollar-in-identifier-extension]
  310 |    $.hashfn_native   = komihash<false>,
      |    ^
<scratch>/codex/chainhash-m2-adjacent/smhasher3/hashes/komihash.cpp:311:4: warning: '$' in identifier [-Wdollar-in-identifier-extension]
  311 |    $.hashfn_bswap    = komihash<true>
      |    ^
In file included from <scratch>/codex/chainhash-m2-adjacent/smhasher3/hashes/aesnihash-majek.cpp:36:
<scratch>/codex/chainhash-m2-adjacent/smhasher3/include/hashlib/Hashlib.h:44:20: warning: '$' in identifier [-Wdollar-in-identifier-extension]
   44 |     HashFamilyInfo $(#N);                          \
      |                    ^
<scratch>/codex/chainhash-m2-adjacent/smhasher3/include/hashlib/Hashlib.h:46:12: warning: '$' in identifier [-Wdollar-in-identifier-extension]
   46 |     return $;                                      \
      |            ^
<scratch>/codex/chainhash-m2-adjacent/smhasher3/include/hashlib/Hashlib.h:54:14: warning: '$' in identifier [-Wdollar-in-identifier-extension]
   54 |     HashInfo $(#N, THIS_HASH_FAMILY.name);       \
      |              ^
<scratch>/codex/chainhash-m2-adjacent/smhasher3/include/hashlib/Hashlib.h:56:20: warning: '$' in identifier [-Wdollar-in-identifier-extension]
   56 |     register_hash(&$);                           \
      |                    ^
<scratch>/codex/chainhash-m2-adjacent/smhasher3/include/hashlib/Hashlib.h:57:12: warning: '$' in identifier [-Wdollar-in-identifier-extension]
   57 |     return $;                                    \
      |            ^
<scratch>/codex/chainhash-m2-adjacent/smhasher3/hashes/aesnihash-majek.cpp:86:4: warning: '$' in identifier [-Wdollar-in-identifier-extension]
   86 |    $.src_url    = "https://gist.github.com/majek/96dd615ed6c8aa64f60aac14e3f6ab5a",
      |    ^
<scratch>/codex/chainhash-m2-adjacent/smhasher3/hashes/aesnihash-majek.cpp:87:4: warning: '$' in identifier [-Wdollar-in-identifier-extension]
   87 |    $.src_status = HashFamilyInfo::SRC_FROZEN
      |    ^
15 warnings generated.
7 warnings generated.
[ 76%] Building CXX object CMakeFiles/SMHasher3Hashlib.dir/hashes/murmurhash2.cpp.o
[ 77%] Building CXX object CMakeFiles/SMHasher3Hashlib.dir/hashes/fletcher.cpp.o
In file included from <scratch>/codex/chainhash-m2-adjacent/smhasher3/hashes/tabulation.cpp:34:
<scratch>/codex/chainhash-m2-adjacent/smhasher3/include/hashlib/Hashlib.h:44:20: warning: '$' in identifier [-Wdollar-in-identifier-extension]
   44 |     HashFamilyInfo $(#N);                          \
      |                    ^
<scratch>/codex/chainhash-m2-adjacent/smhasher3/include/hashlib/Hashlib.h:46:12: warning: '$' in identifier [-Wdollar-in-identifier-extension]
   46 |     return $;                                      \
      |            ^
<scratch>/codex/chainhash-m2-adjacent/smhasher3/include/hashlib/Hashlib.h:54:14: warning: '$' in identifier [-Wdollar-in-identifier-extension]
   54 |     HashInfo $(#N, THIS_HASH_FAMILY.name);       \
      |              ^
<scratch>/codex/chainhash-m2-adjacent/smhasher3/include/hashlib/Hashlib.h:56:20: warning: '$' in identifier [-Wdollar-in-identifier-extension]
   56 |     register_hash(&$);                           \
      |                    ^
<scratch>/codex/chainhash-m2-adjacent/smhasher3/include/hashlib/Hashlib.h:57:12: warning: '$' in identifier [-Wdollar-in-identifier-extension]
   57 |     return $;                                    \
      |            ^
<scratch>/codex/chainhash-m2-adjacent/smhasher3/hashes/tabulation.cpp:342:4: warning: '$' in identifier [-Wdollar-in-identifier-extension]
  342 |    $.src_url    = "https://github.com/rurban/smhasher/blob/master/Hashes.cpp",
      |    ^
<scratch>/codex/chainhash-m2-adjacent/smhasher3/hashes/tabulation.cpp:343:4: warning: '$' in identifier [-Wdollar-in-identifier-extension]
  343 |    $.src_status = HashFamilyInfo::SRC_FROZEN
      |    ^
<scratch>/codex/chainhash-m2-adjacent/smhasher3/hashes/tabulation.cpp:347:4: warning: '$' in identifier [-Wdollar-in-identifier-extension]
  347 |    $.desc       = "32-bit Tabulation with Multiply-Shift Mixer",
      |    ^
<scratch>/codex/chainhash-m2-adjacent/smhasher3/hashes/tabulation.cpp:348:4: warning: '$' in identifier [-Wdollar-in-identifier-extension]
  348 |    $.hash_flags =
      |    ^
<scratch>/codex/chainhash-m2-adjacent/smhasher3/hashes/tabulation.cpp:351:4: warning: '$' in identifier [-Wdollar-in-identifier-extension]
  351 |    $.impl_flags =
      |    ^
<scratch>/codex/chainhash-m2-adjacent/smhasher3/hashes/tabulation.cpp:354:4: warning: '$' in identifier [-Wdollar-in-identifier-extension]
  354 |    $.bits = 32,
      |    ^
<scratch>/codex/chainhash-m2-adjacent/smhasher3/hashes/tabulation.cpp:355:4: warning: '$' in identifier [-Wdollar-in-identifier-extension]
  355 |    $.verification_LE = 0x0D34E471,
      |    ^
<scratch>/codex/chainhash-m2-adjacent/smhasher3/hashes/tabulation.cpp:356:4: warning: '$' in identifier [-Wdollar-in-identifier-extension]
  356 |    $.verification_BE = 0x84CD19C4,
      |    ^
<scratch>/codex/chainhash-m2-adjacent/smhasher3/hashes/tabulation.cpp:357:4: warning: '$' in identifier [-Wdollar-in-identifier-extension]
  357 |    $.seedfn          = tabulation32_seed,
      |    ^
<scratch>/codex/chainhash-m2-adjacent/smhasher3/hashes/tabulation.cpp:358:4: warning: '$' in identifier [-Wdollar-in-identifier-extension]
  358 |    $.hashfn_native   = tabulation32<false>,
      |    ^
<scratch>/codex/chainhash-m2-adjacent/smhasher3/hashes/tabulation.cpp:359:4: warning: '$' in identifier [-Wdollar-in-identifier-extension]
  359 |    $.hashfn_bswap    = tabulation32<true>
      |    ^
<scratch>/codex/chainhash-m2-adjacent/smhasher3/hashes/tabulation.cpp:364:4: warning: '$' in identifier [-Wdollar-in-identifier-extension]
  364 |    $.desc       = "64-bit Tabulation with Multiply-Shift Mixer",
      |    ^
<scratch>/codex/chainhash-m2-adjacent/smhasher3/hashes/tabulation.cpp:365:4: warning: '$' in identifier [-Wdollar-in-identifier-extension]
  365 |    $.impl       = "int128",
      |    ^
<scratch>/codex/chainhash-m2-adjacent/smhasher3/hashes/tabulation.cpp:366:4: warning: '$' in identifier [-Wdollar-in-identifier-extension]
  366 |    $.hash_flags =
      |    ^
<scratch>/codex/chainhash-m2-adjacent/smhasher3/hashes/tabulation.cpp:369:4: warning: '$' in identifier [-Wdollar-in-identifier-extension]
  369 |    $.impl_flags =
      |    ^
<scratch>/codex/chainhash-m2-adjacent/smhasher3/hashes/tabulation.cpp:373:4: warning: '$' in identifier [-Wdollar-in-identifier-extension]
  373 |    $.bits = 64,
      |    ^
<scratch>/codex/chainhash-m2-adjacent/smhasher3/hashes/tabulation.cpp:374:4: warning: '$' in identifier [-Wdollar-in-identifier-extension]
  374 |    $.verification_LE = 0x53B08B2D,
      |    ^
<scratch>/codex/chainhash-m2-adjacent/smhasher3/hashes/tabulation.cpp:375:4: warning: '$' in identifier [-Wdollar-in-identifier-extension]
  375 |    $.verification_BE = 0x164CA53D,
      |    ^
<scratch>/codex/chainhash-m2-adjacent/smhasher3/hashes/tabulation.cpp:376:4: warning: '$' in identifier [-Wdollar-in-identifier-extension]
  376 |    $.seedfn          = tabulation64_seed,
      |    ^
<scratch>/codex/chainhash-m2-adjacent/smhasher3/hashes/tabulation.cpp:377:4: warning: '$' in identifier [-Wdollar-in-identifier-extension]
  377 |    $.hashfn_native   = tabulation64<false>,
      |    ^
<scratch>/codex/chainhash-m2-adjacent/smhasher3/hashes/tabulation.cpp:378:4: warning: '$' in identifier [-Wdollar-in-identifier-extension]
  378 |    $.hashfn_bswap    = tabulation64<true>,
      |    ^
<scratch>/codex/chainhash-m2-adjacent/smhasher3/hashes/tabulation.cpp:379:4: warning: '$' in identifier [-Wdollar-in-identifier-extension]
  379 |    $.badseeddesc     = "Many seeds can collide on keys of all zero bytes"
      |    ^
In file included from <scratch>/codex/chainhash-m2-adjacent/smhasher3/hashes/khash.cpp:29:
<scratch>/codex/chainhash-m2-adjacent/smhasher3/include/hashlib/Hashlib.h:44:20: warning: '$' in identifier [-Wdollar-in-identifier-extension]
   44 |     HashFamilyInfo $(#N);                          \
      |                    ^
<scratch>/codex/chainhash-m2-adjacent/smhasher3/include/hashlib/Hashlib.h:46:12: warning: '$' in identifier [-Wdollar-in-identifier-extension]
   46 |     return $;                                      \
      |            ^
<scratch>/codex/chainhash-m2-adjacent/smhasher3/include/hashlib/Hashlib.h:54:14: warning: '$' in identifier [-Wdollar-in-identifier-extension]
   54 |     HashInfo $(#N, THIS_HASH_FAMILY.name);       \
      |              ^
<scratch>/codex/chainhash-m2-adjacent/smhasher3/include/hashlib/Hashlib.h:56:20: warning: '$' in identifier [-Wdollar-in-identifier-extension]
   56 |     register_hash(&$);                           \
      |                    ^
<scratch>/codex/chainhash-m2-adjacent/smhasher3/include/hashlib/Hashlib.h:57:12: warning: '$' in identifier [-Wdollar-in-identifier-extension]
   57 |     return $;                                    \
      |            ^
<scratch>/codex/chainhash-m2-adjacent/smhasher3/hashes/khash.cpp:144:4: warning: '$' in identifier [-Wdollar-in-identifier-extension]
  144 |    $.src_url    = "https://github.com/Keith-Cancel/k-hash",
      |    ^
<scratch>/codex/chainhash-m2-adjacent/smhasher3/hashes/khash.cpp:145:4: warning: '$' in identifier [-Wdollar-in-identifier-extension]
  145 |    $.src_status = HashFamilyInfo::SRC_ACTIVE
      |    ^
<scratch>/codex/chainhash-m2-adjacent/smhasher3/hashes/khash.cpp:149:4: warning: '$' in identifier [-Wdollar-in-identifier-extension]
  149 |    $.desc       = "K-Hash 32 bit mixer-based hash",
      |    ^
<scratch>/codex/chainhash-m2-adjacent/smhasher3/hashes/khash.cpp:150:4: warning: '$' in identifier [-Wdollar-in-identifier-extension]
  150 |    $.hash_flags =
      |    ^
<scratch>/codex/chainhash-m2-adjacent/smhasher3/hashes/khash.cpp:152:4: warning: '$' in identifier [-Wdollar-in-identifier-extension]
  152 |    $.impl_flags =
      |    ^
<scratch>/codex/chainhash-m2-adjacent/smhasher3/hashes/khash.cpp:157:4: warning: '$' in identifier [-Wdollar-in-identifier-extension]
  157 |    $.bits = 32,
      |    ^
<scratch>/codex/chainhash-m2-adjacent/smhasher3/hashes/khash.cpp:158:4: warning: '$' in identifier [-Wdollar-in-identifier-extension]
  158 |    $.verification_LE = 0xA17DA29E,
      |    ^
<scratch>/codex/chainhash-m2-adjacent/smhasher3/hashes/khash.cpp:159:4: warning: '$' in identifier [-Wdollar-in-identifier-extension]
  159 |    $.verification_BE = 0x59073F57,
      |    ^
<scratch>/codex/chainhash-m2-adjacent/smhasher3/hashes/khash.cpp:160:4: warning: '$' in identifier [-Wdollar-in-identifier-extension]
  160 |    $.hashfn_native   = khash32<false>,
      |    ^
<scratch>/codex/chainhash-m2-adjacent/smhasher3/hashes/khash.cpp:161:4: warning: '$' in identifier [-Wdollar-in-identifier-extension]
  161 |    $.hashfn_bswap    = khash32<true>
      |    ^
<scratch>/codex/chainhash-m2-adjacent/smhasher3/hashes/khash.cpp:165:4: warning: '$' in identifier [-Wdollar-in-identifier-extension]
  165 |    $.desc       = "K-Hash 64 bit mixer-based hash",
      |    ^
<scratch>/codex/chainhash-m2-adjacent/smhasher3/hashes/khash.cpp:166:4: warning: '$' in identifier [-Wdollar-in-identifier-extension]
  166 |    $.hash_flags =
      |    ^
<scratch>/codex/chainhash-m2-adjacent/smhasher3/hashes/khash.cpp:168:4: warning: '$' in identifier [-Wdollar-in-identifier-extension]
  168 |    $.impl_flags =
      |    ^
<scratch>/codex/chainhash-m2-adjacent/smhasher3/hashes/khash.cpp:173:4: warning: '$' in identifier [-Wdollar-in-identifier-extension]
  173 |    $.bits = 64,
      |    ^
<scratch>/codex/chainhash-m2-adjacent/smhasher3/hashes/khash.cpp:174:4: warning: '$' in identifier [-Wdollar-in-identifier-extension]
  174 |    $.verification_LE = 0x44BD88C4,
      |    ^
<scratch>/codex/chainhash-m2-adjacent/smhasher3/hashes/khash.cpp:175:4: warning: '$' in identifier [-Wdollar-in-identifier-extension]
  175 |    $.verification_BE = 0xCF3003D1,
      |    ^
<scratch>/codex/chainhash-m2-adjacent/smhasher3/hashes/khash.cpp:176:4: warning: '$' in identifier [-Wdollar-in-identifier-extension]
  176 |    $.hashfn_native   = khash64<false>,
      |    ^
<scratch>/codex/chainhash-m2-adjacent/smhasher3/hashes/khash.cpp:177:4: warning: '$' in identifier [-Wdollar-in-identifier-extension]
  177 |    $.hashfn_bswap    = khash64<true>,
      |    ^
<scratch>/codex/chainhash-m2-adjacent/smhasher3/hashes/khash.cpp:178:4: warning: '$' in identifier [-Wdollar-in-identifier-extension]
  178 |    $.badseeddesc     = "All seeds are bad"
      |    ^
24 warnings generated.
[ 78%] Building CXX object CMakeFiles/SMHasher3Hashlib.dir/hashes/floppsyhash.cpp.o
In file included from <scratch>/codex/chainhash-m2-adjacent/smhasher3/hashes/murmurhash2.cpp:31:
<scratch>/codex/chainhash-m2-adjacent/smhasher3/include/hashlib/Hashlib.h:44:20: warning: '$' in identifier [-Wdollar-in-identifier-extension]
   44 |     HashFamilyInfo $(#N);                          \
      |                    ^
In file included from <scratch>/codex/chainhash-m2-adjacent/smhasher3/hashes/fletcher.cpp:28:
<scratch>/codex/chainhash-m2-adjacent/smhasher3/include/hashlib/Hashlib.h:44:20: warning: '$' in identifier [-Wdollar-in-identifier-extension]
   44 |   <scratch>/codex/chainhash-m2-adjacent/smhasher3/include/hashlib/Hashlib.h:46:12: warning: '$' in identifier [-Wdollar-in-identifier-extension]
  HashFa   46 |     rmilyInfeturn $;   o $(#N);                                                             \
      |            ^
\
      | <scratch>/codex/chainhash-m2-adjacent/smhasher3/include/hashlib/Hashlib.h:54:14: warning:                    ^
'$' in identifier [-Wdollar-in-identifier-extension]
<scratch>/codex/chainhash-m2-adjacent/smhasher3/include/hashlib/Hashlib.h:46:12: warning:    54 |     Has'$' in identifier [-Wdollar-in-identifier-extension]
   46 |   hInfo $(#  return $; N, THIS_H                      ASH_FAMILY.n               ame);      \
      |            ^
 \
      |              ^<scratch>/codex/chainhash-m2-adjacent/smhasher3/include/hashlib/Hashlib.h:54:14: warning: 
'$' in identifier [-Wdollar-in-identifier-extension]
<scratch>/codex/chainhash-m2-adjacent/smhasher3/include/hashlib/Hashlib.h:56:20:    54 |     Hawarning: '$' in identifier [-Wdollar-in-identifier-extension]
shInfo $(#N, T   56 |     regiHIS_HASH_FAMIster_hash(&$); LY.name     );                  \
               |              ^
 \
      |                    ^<scratch>/codex/chainhash-m2-adjacent/smhasher3/include/hashlib/Hashlib.h:56:20: warning: 
'$' in identifier [-Wdollar-in-identifier-extension]
   56 |   <scratch>/codex/chainhash-m2-adjacent/smhasher3/include/hashlib/Hashlib.h:57:12: warning: '$' in identifier [-Wdollar-in-identifier-extension]
  register_ha   57 |     return $;       sh(&$);                                                     \
      |                    ^
<scratch>/codex/chainhash-m2-adjacent/smhasher3/include/hashlib/Hashlib.h:   \
      |            ^
57:12: warning: '$' in identifier [-Wdollar-in-identifier-extension]
   57 |     return $;                                    \
      |            ^
<scratch>/codex/chainhash-m2-adjacent/smhasher3/hashes/fletcher.cpp:191:4: warning: '$' in identifier [-Wdollar-in-identifier-extension]
  191 |    $.src_url    = "https://github.com/rurban/smhasher/blob/master/Hashes.cpp",
      |    ^
<scratch>/codex/chainhash-m2-adjacent/smhasher3/hashes/fletcher.cpp:192:4: warning: '$' in identifier [-Wdollar-in-identifier-extension]
  192 |    $.src_status = HashFamilyInfo::SRC_FROZEN
      |    ^
<scratch>/codex/chainhash-m2-adjacent/smhasher3/hashes/fletcher.cpp:196:4: warning: '$' in identifier [-Wdollar-in-identifier-extension]
  196 |    $.desc       = "fletcher2 from ZFS (one lane, best 64 b<scratch>/codex/chainhash-m2-adjacent/smhasher3/hashes/murmurhash2.cpp:237:its)",
      |    ^
4: warning: '$' in identifier [-Wdollar-in-identifier-extension]
  237 |    $.sr<scratch>/codex/chainhash-m2-adjacent/smhasher3/hashes/fletcher.cpp:197c_url   :4: warning: '$' in identifier [-Wdollar-in-identifier-extension]
  197 |   = "ht  $tps:.sort_//gitordhub.coer = 10,
      m/aap|    ^
<scratch>/codex/chainhash-m2-adjacent/smhasher3/hashes/fletcher.cpp:198:4: pleby/warning: '$' in identifier [-Wdollar-in-identifier-extension]
smhasher/",
        198 |    $.|    ^
hash_flag<scratch>/codex/chainhash-m2-adjacent/smhasher3/hashes/murmurhash2.cpp:238:4: warning: '$' in identifier [-Wdollar-in-identifier-extension]s =
      |    ^

<scratch>/codex/chainhash-m2-adjacent/smhasher3/hashes/fletcher.cpp:200:4:  238 |    $.sr warning: '$' in identifier [-Wdollar-in-identifier-extension]
  200 |  c_stat  $.ius =mpl_flags HashFa =
      | milyInfo   ^
::SRC_FRO<scratch>/codex/chainhash-m2-adjacent/smhasher3/hashes/fletcher.cpp:203:4: warning: '$' in identifier [-Wdollar-in-identifier-extension]
ZEN
      |    ^
  203 |    $.bits = 64,
      |    ^
<scratch>/codex/chainhash-m2-adjacent/smhasher3/hashes/fletcher.cpp:204:4: warning: '$' in identifier [-Wdollar-in-identifier-extension]
  204 |    $.verification_LE = 0x890767C0,
      |    ^
<scratch>/codex/chainhash-m2-adjacent/smhasher3/hashes/fletcher.cpp:205:4: warning: '$' in identifier [-Wdollar-in-identifier-extension]
  205 |    $.verification_BE = 0x8FC6FD34,
      |    ^
<scratch>/codex/chainhash-m2-adjacent/smhasher3/hashes/fletcher.cpp:206<scratch>/codex/chainhash-m2-adjacent/smhasher3/hashes/murmurhash2.cpp:242::4:4: warning:  warning: '$' in identifier [-Wdollar-in-identifier-extension]
  206 |    '$' in identifier [-Wdollar-in-identifier-extension]
  242 |    $.desc $.      = "Murmuhashfn_narHash v2, 32-bit vtiversion",
e         |    ^
<scratch>/codex/chainhash-m2-adjacent/smhasher3/hashes/murmurhash2.cpp:243:4: warning: '$' in identifier [-Wdollar-in-identifier-extension]
= fletcher2_64<false>,
      |    ^
<scratch>/codex/chainhash-m2-adjacent/smhasher3/hashes/fletcher.cpp:207:4:  243 |    $ warning: '$' in identifier [-Wdollar-in-identifier-extension]
  207 |    $.hashfn_bswap    = fletcher.hash_flags =
      |    ^
2_64<true>,
      | <scratch>/codex/chainhash-m2-adjacent/smhasher3/hashes/murmurhash2.cpp:245   ^
<scratch>/codex/chainhash-m2-adjacent/smhasher3/hashes/fletcher.cpp:208::4:4: warning: '$' in identifier [-Wdollar-in-identifier-extension]
 warning: '$' in identifier [-Wdollar-in-identifier-extension]
  245  208 |  |      $.badse $.impl_fleddags =
      |    ^esc  
<scratch>/codex/chainhash-m2-adjacent/smhasher3/hashes/murmurhash2.cpp:248:4: warning: '$' in identifier [-Wdollar-in-identifier-extension]
  248 |    $.bi   ts = "= 3All2,
      |    ^
<scratch>/codex/chainhash-m2-adjacent/smhasher3/hashes/murmurhash2.cpp:249:4: warning: '$' in identifier [-Wdollar-in-identifier-extension]
   seed249 |    $.vs collierification_LE =de for keys of all z 0x2786ero for s4C1ome lengths (e.g. 3E,
      |    ^
<scratch>/codex/chainhash-m2-adjacent/smhasher3/hashes/murmurhash2.cpp: bytes 250:4:vs. 6, warning: '$' in identifier [-Wdollar-in-identifier-extension]
  250 |   15 vs. 18"
      |    ^
  $.verification_BE = 0xE87D9B54,
      |    ^
<scratch>/codex/chainhash-m2-adjacent/smhasher3/hashes/murmurhash2.cpp:251:4: warning: '$' in identifier [-Wdollar-in-identifier-extension]
  251 |    $.hashfn_native   = MurmurHash2_32<false>,
      |    ^
<scratch>/codex/chainhash-m2-adjacent/smhasher3/hashes/murmurhash2.cpp:252:4: warning: '$' in identifier [-Wdollar-in-identifier-extension]
<scratch>/codex/chainhash-m2-adjacent/smhasher3/hashes/fletcher.cpp:212:4: warning:   252 |    $.'$' in identifier [-Wdollar-in-identifier-extension]
  212 |    $.deschashfn_bs       = "fletwap  cher2 from Z  = MurmurFS Has(onh2_e l32<ane, all 128 bits)"tru,
      e>,
      |    ^
<scratch>/codex/chainhash-m2-adjacent/smhasher3/hashes/murmurhash2.cpp:253|    ^
:4:<scratch>/codex/chainhash-m2-adjacent/smhasher3/hashes/fletcher.cpp:213 warning: '$' in identifier [-Wdollar-in-identifier-extension]:4: 
  253 |    $.seedfixfn  warning: '$' in identifier [-Wdollar-in-identifier-extension]
  213 |       $.hash_flags  = ex =
clude      |    ^
<scratch>/codex/chainhash-m2-adjacent/smhasher3/hashes/fletcher.cpp:215:4Bad: warning: see'$' in identifier [-Wdollar-in-identifier-extension]
  215 |    ds,$.i
      | mpl   ^
_flags =
<scratch>/codex/chainhash-m2-adjacent/smhasher3/hashes/murmurhash2.cpp:254      |    ^
:4:<scratch>/codex/chainhash-m2-adjacent/smhasher3/hashes/fletcher.cpp:218 warning: '$' in identifier [-Wdollar-in-identifier-extension]
:4:  254 |  warning: '$' in identifier [-Wdollar-in-identifier-extension]   
  218 |    $.$.bbitsadseeds        = { 0 = x10128 }
,
            |    ^|    ^

<scratch>/codex/chainhash-m2-adjacent/smhasher3/hashes/fletcher.cpp:219:4: warning: '$' in identifier [-Wdollar-in-identifier-extension]
  219 |    $.verification_LE = 0x70FD3480,
      |    ^
<scratch>/codex/chainhash-m2-adjacent/smhasher3/hashes/fletcher.cpp:220:4: warning: '$' in identifier [-Wdollar-in-identifier-extension]
  220 |    $.verification_BE = 0xFC346DA5,
      |    ^
<scratch>/codex/chainhash-m2-adjacent/smhasher3/hashes/fletcher.cpp:221:4: warning: '$' in identifier [-Wdollar-in-identifier-extension]
  221 |    $.hashfn_<scratch>/codex/chainhash-m2-adjacent/smhasher3/hashes/murmurhash2.cpp:258:4:native   =  warning: '$' in identifier [-Wdollar-in-identifier-extension]
  258 |    $.defletcher2_sc     128<fal  = se>"MurmurH,
      |    ^
<scratch>/codex/chainhash-m2-adjacent/smhasher3/hashes/fletcher.cpp:222ash v:4: warning: 2, 64-bi'$' in identifier [-Wdollar-in-identifier-extension]
  222 | t version",
         $.has|    ^
<scratch>/codex/chainhash-m2-adjacent/smhasher3/hashes/murmurhash2.cpp:259:4: warning: '$' in identifier [-Wdollar-in-identifier-extension]hfn
  259 |    $.hash_flag_bswap    s == fletcher2
      | _128<true>,
      |    ^
<scratch>/codex/chainhash-m2-adjacent/smhasher3/hashes/fletcher.cpp:223   ^
<scratch>/codex/chainhash-m2-adjacent/smhasher3/hashes/murmurhash2.cpp:261:4: warning: '$' in identifier [-Wdollar-in-identifier-extension]
:4: warning: '$' in identifier [-Wdollar-in-identifier-extension]
  261 |    $.i  223 | mpl_fla   $.badgs =
      |    ^
<scratch>/codex/chainhash-m2-adjacent/smhasher3/hashes/murmurhash2.cpp:264:4: warning: '$' in identifier [-Wdollar-in-identifier-extension]
  see264 |  ddesc      $ = "All seeds col.bilide for kets = 64,
      |    ^
ys of all <scratch>/codex/chainhash-m2-adjacent/smhasher3/hashes/murmurhash2.cpp:265:4: warning: '$' in identifier [-Wdollar-in-identifier-extension]
  265 |   zero for  $.verificsome lengths (e.g. ati3 bon_LE = 0xytes vs. 6, 15 v1F0D3804,
      | s. 18)"
      |    ^
   ^
<scratch>/codex/chainhash-m2-adjacent/smhasher3/hashes/murmurhash2.cpp:266:4: warning: '$' in identifier [-Wdollar-in-identifier-extension]
  266 |    $.verification_BE = 0x8FDA498D,
      |    ^
<scratch>/codex/chainhash-m2-adjacent/smhasher3/hashes/murmurhash2.cpp:267:4: warning: '$' in identifier [-Wdollar-in-identifier-extension]
  267 |    $.hashfn_native   = MurmurHash2_64<false>,
      |    ^
<scratch>/codex/chainhash-m2-adjacent/smhasher3/hashes/murmurhash2.cpp:268:4: warning: '$' in identifier [-Wdollar-in-identifier-extension]
  268 |    $.hashfn_bswap    = MurmurHash2_64<true>,
      |    ^
<scratch>/codex/chainhash-m2-adjacent/smhasher3/hashes/murmurhash2.cpp:269:4: warning: '$' in identifier [-Wdollar-in-identifier-extension]
  269 |    $.seedfixfn       = excludeBadseeds,
      |    ^
<scratch>/codex/chainhash-m2-adjacent/smhasher3/hashes/murmurhash2.cpp:270:4: warning: '$' in identifier [-Wdollar-in-identifier-extension]
  270 |    $.badseeds        = { 0xc6a4a7935bd1e995 }
      |    ^
<scratch>/codex/chainhash-m2-adjacent/smhasher3/hashes/murmurhash2.cpp:274:4: warning: '$' in identifier [-Wdollar-in-identifier-extension]
  274 |    $.desc       = "MurmurHash v2, 64-bit version using 32-b<scratch>/codex/chainhash-m2-adjacent/smhasher3/hashes/fletcher.cpp:227:4: warning: it vari'$' in identifier [-Wdollar-in-identifier-extension]
ables"  227 |    $,
      |    ^
.desc<scratch>/codex/chainhash-m2-adjacent/smhasher3/hashes/murmurhash2.cpp:275:4:       = "fl warning: '$' in identifier [-Wdollar-in-identifier-extension]
  275 |    $etche.hash_r4 frflags =
om ZF      |    ^
<scratch>/codex/chainhash-m2-adjacent/smhasher3/hashes/murmurhash2.cpp:277:4: warning: '$' in identifier [-Wdollar-in-identifier-extension]
  277 |    $.impl_flagsS (one l =
      |    ^
<scratch>/codex/chainhash-m2-adjacent/smhasher3/hashes/murmurhash2.cpp:280:4: warning: '$' in identifier [-Wdollar-in-identifier-extension]
  280ane, best 64 bits)",
      |    ^
<scratch>/codex/chainhash-m2-adjacent/smhasher3/hashes/fletcher.cpp:228:4: |    $.bits = 64,
      |    ^
<scratch>/codex/chainhash-m2-adjacent/smhasher3/hashes/murmurhash2.cpp:281:4: warning:  warning: '$' in identifier [-Wdollar-in-identifier-extension]
  228 |    $'$' in identifier [-Wdollar-in-identifier-extension]
  281 |    $..sort_veriforder =icati 20,
      | on_L   ^
<scratch>/codex/chainhash-m2-adjacent/smhasher3/hashes/fletcher.cpp:229E = 0:4: warning: '$' in identifier [-Wdollar-in-identifier-extension]
  229 |  xDD537  $.hash_flagsC05,
      |    ^
 =
      | <scratch>/codex/chainhash-m2-adjacent/smhasher3/hashes/murmurhash2.cpp:282:4   ^
: warning: '$' in identifier [-Wdollar-in-identifier-extension]
  282 |    <scratch>/codex/chainhash-m2-adjacent/smhasher3/hashes/fletcher.cpp:231:4: $.verificationwarning: '$' in identifier [-Wdollar-in-identifier-extension]
  231 |    $._BE = 0xBF573795,
impl_f      |    ^lags 
<scratch>/codex/chainhash-m2-adjacent/smhasher3/hashes/murmurhash2.cpp:283:4: warning: '$' in identifier [-Wdollar-in-identifier-extension]
=
      |    ^
  283 |    $<scratch>/codex/chainhash-m2-adjacent/smhasher3/hashes/fletcher.cpp:234.hash:4: warning: fn_native   = MurmurHash2_32_64<fal'$' in identifier [-Wdollar-in-identifier-extension]
se>,
  234 |         |    ^
 $.bit<scratch>/codex/chainhash-m2-adjacent/smhasher3/hashes/murmurhash2.cpp:284:4:s  warning: '$' in identifier [-Wdollar-in-identifier-extension]
  284 | = 64,
      |    ^
   $.hashfn_bs<scratch>/codex/chainhash-m2-adjacent/smhasher3/hashes/fletcher.cpp:235:4: warning: '$' in identifier [-Wdollar-in-identifier-extension]
  235 |    $.vwap    = MurmurHash2_32erific_64<tation_rueLE = 0x476>,
      |    ^
<scratch>/codex/chainhash-m2-adjacent/smhasher3/hashes/murmurhash2.cpp:285:4: warning: '$' in identifier [-Wdollar-in-identifier-extension]
  60E285 |    $.seedfB7,ixfn       
      | = M   ^
<scratch>/codex/chainhash-m2-adjacent/smhasher3/hashes/fletcher.cpp:236:4urm: warning: '$' in identifier [-Wdollar-in-identifier-extension]
  236 |    $.veriurHash2_32_64fic_seatiedfon_ix,BE 
      | = 0   ^
<scratch>/codex/chainhash-m2-adjacent/smhasher3/hashes/murmurhash2.cpp:286:4:xA5 warning: '$' in identifier [-Wdollar-in-identifier-extension]02F
  286 |    $.badseeddesD23c  ,
         = "If seed==l|    ^
en,<scratch>/codex/chainhash-m2-adjacent/smhasher3/hashes/fletcher.cpp:237 then hash :4:of  warning: '$' in identifier [-Wdollar-in-identifier-extension]
all  237 |  ze   roe$.hs iashs zfn_eronat. Miveany    se= fedslet collide on varying lengths ofche alr4_l z64<ero bytes."
      |    ^false>,
      |    ^
<scratch>/codex/chainhash-m2-adjacent/smhasher3/hashes/fletcher.cpp:
238:4: warning: '$' in identifier [-Wdollar-in-identifier-extension]
  238 |    $.hashfn_bswap    = fletcher4_64<true>,
      |    ^
<scratch>/codex/chainhash-m2-adjacent/smhasher3/hashes/fletcher.cpp:239:4: warning: '$' in identifier [-Wdollar-in-identifier-extension]
  239 |    $.badseeddesc     = "All seeds coll<scratch>/codex/chainhash-m2-adjacent/smhasher3/hashes/murmurhash2.cpp:290:4: ide for warning: '$' in identifier [-Wdollar-in-identifier-extension]
  290 | keys of al   l z$.desero for some lengthc       = "Murmus (e.g. 3 rHash v2a, byt32-es bitvs. 6, 15 v ves. rsi18)"
      on |    ^
using variant mixing",
      |    ^
<scratch>/codex/chainhash-m2-adjacent/smhasher3/hashes/murmurhash2.cpp:291:4: warning: '$' in identifier [-Wdollar-in-identifier-extension]
  291 |    $.hash_flags =
      |    ^
<scratch>/codex/chainhash-m2-adjacent/smhasher3/hashes/murmurhash2.cpp:293:4: warning: '$' in identifier [-Wdollar-in-identifier-extension]
  293 |    $.impl_flags =
      |    ^
<scratch>/codex/chainhash-m2-adjacent/smhasher3/hashes/murmurhash2.cpp:296:<scratch>/codex/chainhash-m2-adjacent/smhasher3/hashes/fletcher.cpp:243:4: 4: warning: '$' in identifier [-Wdollar-in-identifier-extension]
  296 |    $.warning: '$' in identifier [-Wdollar-in-identifier-extension]
bits = 3  243 |    $.desc       = 2,
      |    ^
"fletcher4<scratch>/codex/chainhash-m2-adjacent/smhasher3/hashes/murmurhash2.cpp:297:4: warning: '$' in identifier [-Wdollar-in-identifier-extension]
  297 |    $.verification_LE = 0x from ZFS (one7FBD4396,
      |    ^
 lane, a<scratch>/codex/chainhash-m2-adjacent/smhasher3/hashes/murmurhash2.cpp:298:4: ll 256 bwarning: '$' in identifier [-Wdollar-in-identifier-extension]
its)",
      |    ^
<scratch>/codex/chainhash-m2-adjacent/smhasher3/hashes/fletcher.cpp:244:4: warning: '$' in identifier [-Wdollar-in-identifier-extension]
  298 |    $.verif  244 |    $.hash_flags =
ication_BE = 0x7D9      |    ^
<scratch>/codex/chainhash-m2-adjacent/smhasher3/hashes/fletcher.cpp:246:4: warning: '$' in identifier [-Wdollar-in-identifier-extension]
  246 | 69EB5,   $.impl_flags 
      |    ^
<scratch>/codex/chainhash-m2-adjacent/smhasher3/hashes/murmurhash2.cpp:299:4: =
      |    ^
<scratch>/codex/chainhash-m2-adjacent/smhasher3/hashes/fletcher.cpp:249:4: warning: '$' in identifier [-Wdollar-in-identifier-extension]
warning: '$' in identifier [-Wdollar-in-identifier-extension]
  299 |      249 |    $.bits = 256$.hashfn_,
      |    ^
<scratch>/codex/chainhash-m2-adjacent/smhasher3/hashes/fletcher.cpp:250:4: warning: '$' in identifier [-Wdollar-in-identifier-extension]
  250 |    $.native   verific= MurmurHash2A_ation_LE = 0x1F1358EF,
      |    ^
<scratch>/codex/chainhash-m2-adjacent/smhasher3/hashes/fletcher.cpp:25132<false>,
      |    ^
<scratch>/codex/chainhash-m2-adjacent/smhasher3/hashes/murmurhash2.cpp::4: warning: '$' in identifier [-Wdollar-in-identifier-extension]
  251 |  300:4: warning: '$' in identifier [-Wdollar-in-identifier-extension]
  $.verificat  300 |    $.ion_Bhashfn_E = 0xbswap    = Mur94EEmurHashCE23,
      | 2A_32<true>,
      |    ^   ^
<scratch>/codex/chainhash-m2-adjacent/smhasher3/hashes/fletcher.cpp:252
<scratch>/codex/chainhash-m2-adjacent/smhasher3/hashes/murmurhash2.cpp:301:4: warning: '$' in identifier [-Wdollar-in-identifier-extension]
  252 | :4: warning: '$' in identifier [-Wdollar-in-identifier-extension]
  301 |    $.se   $.hashfn_nedfixfative  n       = fletcher4_256<fa = excllse>udeBadseeds,
,
      |    ^
      |    ^
<scratch>/codex/chainhash-m2-adjacent/smhasher3/hashes/murmurhash2.cpp:302:4: <scratch>/codex/chainhash-m2-adjacent/smhasher3/hashes/fletcher.cpp:253:4: warning: '$' in identifier [-Wdollar-in-identifier-extension]
warning: '$' in identifier [-Wdollar-in-identifier-extension]
  253 |    $.hashfn_  302 |    $.babswap    = fldseeds   etcher4_256<tr     = {ue>,
      |    ^ 0x
<scratch>/codex/chainhash-m2-adjacent/smhasher3/hashes/fletcher.cpp:254:4: warning: '$' in identifier [-Wdollar-in-identifier-extension]
  254 |    $.badseeddesc     = "All s2fc301ceeds co9 }
      |    ^
llide for keys of all zero for some lengths (e.g. 3 bytes vs. 6, 15 vs. 18)"
      |    ^
<scratch>/codex/chainhash-m2-adjacent/smhasher3/hashes/fletcher.cpp:258:4: warning: '$' in identifier [-Wdollar-in-identifier-extension]
  258 |    $.desc       = "Fletcher's checksum, 32-bit, IV == len",
      |    ^
<scratch>/codex/chainhash-m2-adjacent/smhasher3/hashes/fletcher.cpp:259:4: warning: '$' in identifier [-Wdollar-in-identifier-extension]
  259 |    $.hash_flags =
      |    ^
<scratch>/codex/chainhash-m2-adjacent/smhasher3/hashes/fletcher.cpp:261:4: warning: '$' in identifier [-Wdollar-in-identifier-extension]
  261 |    $.impl_flags =
      |    ^
<scratch>/codex/chainhash-m2-adjacent/smhasher3/hashes/fletcher.cpp:264:4: warning: '$' in identifier [-Wdollar-in-identifier-extension]
  264 |    $.bits = 32,
      |    ^
<scratch>/codex/chainhash-m2-adjacent/smhasher3/hashes/fletcher.cpp:265:4: warning: '$' in identifier [-Wdollar-in-identifier-extension]
  265 |    $.verification_LE = 0x4FE14644,
      |    ^
<scratch>/codex/chainhash-m2-adjacent/smhasher3/hashes/fletcher.cpp:266:4: warning: '$' in identifier [-Wdollar-in-identifier-extension]
  266 |    $.verification_BE = 0x05853CCE,
      |    ^
<scratch>/codex/chainhash-m2-adjacent/smhasher3/hashes/fletcher.cpp:267:4: warning: '$' in identifier [-Wdollar-in-identifier-extension]
  267 |    $.hashfn_native   = fletcher32<false>,
      |    ^
<scratch>/codex/chainhash-m2-adjacent/smhasher3/hashes/fletcher.cpp:268:4: warning: '$' in identifier [-Wdollar-in-identifier-extension]
  268 |    $.hashfn_bswap    = fletcher32<true>
      |    ^
<scratch>/codex/chainhash-m2-adjacent/smhasher3/hashes/fletcher.cpp:272:4: warning: '$' in identifier [-Wdollar-in-identifier-extension]
  272 |    $.desc       = "Fletcher's checksum, 64-bit, IV == len",
      |    ^
<scratch>/codex/chainhash-m2-adjacent/smhasher3/hashes/fletcher.cpp:273:4: warning: '$' in identifier [-Wdollar-in-identifier-extension]
  273 |    $.sort_order = 0,
      |    ^
<scratch>/codex/chainhash-m2-adjacent/smhasher3/hashes/fletcher.cpp:274:4: warning: '$' in identifier [-Wdollar-in-identifier-extension]
  274 |    $.hash_flags =
      |    ^
<scratch>/codex/chainhash-m2-adjacent/smhasher3/hashes/fletcher.cpp:276:4: warning: '$' in identifier [-Wdollar-in-identifier-extension]
  276 |    $.impl_flags =
      |    ^
<scratch>/codex/chainhash-m2-adjacent/smhasher3/hashes/fletcher.cpp:279:4: warning: '$' in identifier [-Wdollar-in-identifier-extension]
  279 |    $.bits = 64,
      |    ^
<scratch>/codex/chainhash-m2-adjacent/smhasher3/hashes/fletcher.cpp:280:4: warning: '$' in identifier [-Wdollar-in-identifier-extension]
  280 |    $.verification_LE = 0x2E16C3AA,
      |    ^
<scratch>/codex/chainhash-m2-adjacent/smhasher3/hashes/fletcher.cpp:281:4: warning: '$' in identifier [-Wdollar-in-identifier-extension]
  281 |    $.verification_BE = 0x1E644927,
      |    ^
<scratch>/codex/chainhash-m2-adjacent/smhasher3/hashes/fletcher.cpp:282:4: warning: '$' in identifier [-Wdollar-in-identifier-extension]
  282 |    $.hashfn_native   = fletcher64<false>,
      |    ^
<scratch>/codex/chainhash-m2-adjacent/smhasher3/hashes/fletcher.cpp:283:4: warning: '$' in identifier [-Wdollar-in-identifier-extension]
  283 |    $.hashfn_bswap    = fletcher64<true>,
      |    ^
<scratch>/codex/chainhash-m2-adjacent/smhasher3/hashes/fletcher.cpp:284:4: warning: '$' in identifier [-Wdollar-in-identifier-extension]
  284 |    $.badseeddesc     = "Many seeds collide for keys of all 0x00 versus all 0xFF"
      |    ^
27 warnings generated.
[ 78%] Building CXX object CMakeFiles/SMHasher3Hashlib.dir/hashes/seahash.cpp.o
47 warnings generated.
63 warnings generated.
[ 79%] Building CXX object CMakeFiles/SMHasher3Hashlib.dir/hashes/crap.cpp.o
[ 79%] Building CXX object CMakeFiles/SMHasher3Hashlib.dir/hashes/blockpearson.cpp.o
In file included from <scratch>/codex/chainhash-m2-adjacent/smhasher3/hashes/floppsyhash.cpp:28:
<scratch>/codex/chainhash-m2-adjacent/smhasher3/include/hashlib/Hashlib.h:44:20: warning: '$' in identifier [-Wdollar-in-identifier-extension]
   44 |     HashFamilyInfo $(#N);                          \
      |                    ^
<scratch>/codex/chainhash-m2-adjacent/smhasher3/include/hashlib/Hashlib.h:46:12: warning: '$' in identifier [-Wdollar-in-identifier-extension]
   46 |     return $;                                      \
      |            ^
<scratch>/codex/chainhash-m2-adjacent/smhasher3/include/hashlib/Hashlib.h:54:14: warning: '$' in identifier [-Wdollar-in-identifier-extension]
   54 |     HashInfo $(#N, THIS_HASH_FAMILY.name);       \
      |              ^
<scratch>/codex/chainhash-m2-adjacent/smhasher3/include/hashlib/Hashlib.h:56:20: warning: '$' in identifier [-Wdollar-in-identifier-extension]
   56 |     register_hash(&$);                           \
      |                    ^
<scratch>/codex/chainhash-m2-adjacent/smhasher3/include/hashlib/Hashlib.h:57:12: warning: '$' in identifier [-Wdollar-in-identifier-extension]
   57 |     return $;                                    \
      |            ^
<scratch>/codex/chainhash-m2-adjacent/smhasher3/hashes/floppsyhash.cpp:153:4: warning: '$' in identifier [-Wdollar-in-identifier-extension]
  153 |    $.src_url    = "https://github.com/dosyago/floppsy",
      |    ^
<scratch>/codex/chainhash-m2-adjacent/smhasher3/hashes/floppsyhash.cpp:154:4: warning: '$' in identifier [-Wdollar-in-identifier-extension]
  154 |    $.src_status = HashFamilyInfo::SRC_STABLEISH
      |    ^
<scratch>/codex/chainhash-m2-adjacent/smhasher3/hashes/floppsyhash.cpp:158:4: warning: '$' in identifier [-Wdollar-in-identifier-extension]
  158 |    $.desc       = "Floppsyhash v1.1.10 (floating-point hash using continued Egyptian fractions)",
      |    ^
<scratch>/codex/chainhash-m2-adjacent/smhasher3/hashes/floppsyhash.cpp:159:4: warning: '$' in identifier [-Wdollar-in-identifier-extension]
  159 |    $.hash_flags =
      |    ^
<scratch>/codex/chainhash-m2-adjacent/smhasher3/hashes/floppsyhash.cpp:162:4: warning: '$' in identifier [-Wdollar-in-identifier-extension]
  162 |    $.impl_flags =
      |    ^
<scratch>/codex/chainhash-m2-adjacent/smhasher3/hashes/floppsyhash.cpp:166:4: warning: '$' in identifier [-Wdollar-in-identifier-extension]
  166 |    $.bits = 64,
      |    ^
<scratch>/codex/chainhash-m2-adjacent/smhasher3/hashes/floppsyhash.cpp:167:4: warning: '$' in identifier [-Wdollar-in-identifier-extension]
  167 |    $.verification_LE = 0x5F9F6226,
      |    ^
<scratch>/codex/chainhash-m2-adjacent/smhasher3/hashes/floppsyhash.cpp:168:4: warning: '$' in identifier [-Wdollar-in-identifier-extension]
  168 |    $.verification_BE = 0x4D4F96F0,
      |    ^
<scratch>/codex/chainhash-m2-adjacent/smhasher3/hashes/floppsyhash.cpp:169:4: warning: '$' in identifier [-Wdollar-in-identifier-extension]
  169 |    $.hashfn_native   = floppsyhash<false, false>,
      |    ^
<scratch>/codex/chainhash-m2-adjacent/smhasher3/hashes/floppsyhash.cpp:170:4: warning: '$' in identifier [-Wdollar-in-identifier-extension]
  170 |    $.hashfn_bswap    = floppsyhash<false, true>
      |    ^
<scratch>/codex/chainhash-m2-adjacent/smhasher3/hashes/floppsyhash.cpp:174:4: warning: '$' in identifier [-Wdollar-in-identifier-extension]
  174 |    $.desc       = "Floppsyhash (old version, fka \"tifuhash\")",
      |    ^
<scratch>/codex/chainhash-m2-adjacent/smhasher3/hashes/floppsyhash.cpp:175:4: warning: '$' in identifier [-Wdollar-in-identifier-extension]
  175 |    $.hash_flags =
      |    ^
<scratch>/codex/chainhash-m2-adjacent/smhasher3/hashes/floppsyhash.cpp:178:4: warning: '$' in identifier [-Wdollar-in-identifier-extension]
  178 |    $.impl_flags =
      |    ^
<scratch>/codex/chainhash-m2-adjacent/smhasher3/hashes/floppsyhash.cpp:182:4: warning: '$' in identifier [-Wdollar-in-identifier-extension]
  182 |    $.bits = 64,
      |    ^
<scratch>/codex/chainhash-m2-adjacent/smhasher3/hashes/floppsyhash.cpp:183:4: warning: '$' in identifier [-Wdollar-in-identifier-extension]
  183 |    $.verification_LE = 0x644236D4,
      |    ^
<scratch>/codex/chainhash-m2-adjacent/smhasher3/hashes/floppsyhash.cpp:184:4: warning: '$' in identifier [-Wdollar-in-identifier-extension]
  184 |    $.verification_BE = 0x7A3D2F7E,
      |    ^
<scratch>/codex/chainhash-m2-adjacent/smhasher3/hashes/floppsyhash.cpp:185:4: warning: '$' in identifier [-Wdollar-in-identifier-extension]
  185 |    $.hashfn_native   = floppsyhash<true, false>,
      |    ^
<scratch>/codex/chainhash-m2-adjacent/smhasher3/hashes/floppsyhash.cpp:186:4: warning: '$' in identifier [-Wdollar-in-identifier-extension]
  186 |    $.hashfn_bswap    = floppsyhash<true, true>
      |    ^
23 warnings generated.
[ 80%] Building CXX object CMakeFiles/SMHasher3Hashlib.dir/hashes/sha3.cpp.o
In file included from <scratch>/codex/chainhash-m2-adjacent/smhasher3/hashes/seahash.cpp:30:
<scratch>/codex/chainhash-m2-adjacent/smhasher3/include/hashlib/Hashlib.h:44:20: warning: '$' in identifier [-Wdollar-in-identifier-extension]
   44 |     HashFamilyInfo $(#N);                          \
      |                    ^
<scratch>/codex/chainhash-m2-adjacent/smhasher3/include/hashlib/Hashlib.h:46:12: warning: '$' in identifier [-Wdollar-in-identifier-extension]
   46 |     return $;                                      \
      |            ^
<scratch>/codex/chainhash-m2-adjacent/smhasher3/include/hashlib/Hashlib.h:54:14: warning: '$' in identifier [-Wdollar-in-identifier-extension]
   54 |     HashInfo $(#N, THIS_HASH_FAMILY.name);       \
      |              ^
<scratch>/codex/chainhash-m2-adjacent/smhasher3/include/hashlib/Hashlib.h:56:20: warning: '$' in identifier [-Wdollar-in-identifier-extension]
   56 |     register_hash(&$);                           \
      |                    ^
<scratch>/codex/chainhash-m2-adjacent/smhasher3/include/hashlib/Hashlib.h:57:12: warning: '$' in identifier [-Wdollar-in-identifier-extension]
   57 |     return $;                                    \
      |            ^
<scratch>/codex/chainhash-m2-adjacent/smhasher3/hashes/seahash.cpp:142:4: warning: '$' in identifier [-Wdollar-in-identifier-extension]
  142 |    $.src_url    = "https://gist.github.com/vstakhov/b58b855532a424cd634b6c7ea7baa1b9",
      |    ^
<scratch>/codex/chainhash-m2-adjacent/smhasher3/hashes/seahash.cpp:143:4: warning: '$' in identifier [-Wdollar-in-identifier-extension]
  143 |    $.src_status = HashFamilyInfo::SRC_FROZEN
      |    ^
<scratch>/codex/chainhash-m2-adjacent/smhasher3/hashes/seahash.cpp:147:4: warning: '$' in identifier [-Wdollar-in-identifier-extension]
  147 |    $.desc       = "seahash",
      |    ^
<scratch>/codex/chainhash-m2-adjacent/smhasher3/hashes/seahash.cpp:148:4: warning: '$' in identifier [-Wdollar-in-identifier-extension]
  148 |    $.hash_flags =
      |    ^
<scratch>/codex/chainhash-m2-adjacent/smhasher3/hashes/seahash.cpp:150:4: warning: '$' in identifier [-Wdollar-in-identifier-extension]
  150 |    $.impl_flags =
      |    ^
<scratch>/codex/chainhash-m2-adjacent/smhasher3/hashes/seahash.cpp:155:4: warning: '$' in identifier [-Wdollar-in-identifier-extension]
  155 |    $.bits = 64,
      |    ^
<scratch>/codex/chainhash-m2-adjacent/smhasher3/hashes/seahash.cpp:156:4: warning: '$' in identifier [-Wdollar-in-identifier-extension]
  156 |    $.verification_LE = 0xF0374078,
      |    ^
<scratch>/codex/chainhash-m2-adjacent/smhasher3/hashes/seahash.cpp:157:4: warning: '$' in identifier [-Wdollar-in-identifier-extension]
  157 |    $.verification_BE = 0x5BD66274,
      |    ^
<scratch>/codex/chainhash-m2-adjacent/smhasher3/hashes/seahash.cpp:158:4: warning: '$' in identifier [-Wdollar-in-identifier-extension]
  158 |    $.hashfn_native   = SeaHash<false>,
      |    ^
<scratch>/codex/chainhash-m2-adjacent/smhasher3/hashes/seahash.cpp:159:4: warning: '$' in identifier [-Wdollar-in-identifier-extension]
  159 |    $.hashfn_bswap    = SeaHash<true>
      |    ^
In file included from <scratch>/codex/chainhash-m2-adjacent/smhasher3/hashes/blockpearson.cpp:32:
<scratch>/codex/chainhash-m2-adjacent/smhasher3/include/hashlib/Hashlib.h:44:20: warning: '$' in identifier [-Wdollar-in-identifier-extension]
   44 |     HashFamilyInfo $(#N);                          \
      |                    ^
<scratch>/codex/chainhash-m2-adjacent/smhasher3/include/hashlib/Hashlib.h:46:12: warning: '$' in identifier [-Wdollar-in-identifier-extension]
   46 |     return $;              In file included from <scratch>/codex/chainhash-m2-adjacent/smhasher3/hashes/crap.cpp:28:
<scratch>/codex/chainhash-m2-adjacent/smhasher3/include/hashlib/Hashlib.h:44:                    20: warning: '$' in identifier [-Wdollar-in-identifier-extension]
    \
      |    44 |            ^
    HashFamilyInfo $(#N);                  <scratch>/codex/chainhash-m2-adjacent/smhasher3/include/hashlib/Hashlib.h:54:14: warning: '$' in identifier [-Wdollar-in-identifier-extension]
      54 |          \Has
      | hIn                   ^
f<scratch>/codex/chainhash-m2-adjacent/smhasher3/include/hashlib/Hashlib.h:46:12: warning: o $'$' in identifier [-Wdollar-in-identifier-extension]
   46 | (#N   , THIS_HASH_FAMILY.name) r;       \
      |              ^
etu<scratch>/codex/chainhash-m2-adjacent/smhasher3/include/hashlib/Hashlib.h:56:20:rn $;            warning: '$' in identifier [-Wdollar-in-identifier-extension]
                              56 | \
         |            ^
 reg<scratch>/codex/chainhash-m2-adjacent/smhasher3/include/hashlib/Hashlib.h:54:14: warning: '$' in identifier [-Wdollar-in-identifier-extension]
ist   54 | er_    Hhash(&$);           ash            Inf   o $ \
(#N, THIS_      |                    ^
<scratch>/codex/chainhash-m2-adjacent/smhasher3/include/hashlib/Hashlib.h:57:12: warning: HAS'$' in identifier [-Wdollar-in-identifier-extension]
   57 |  H_FAMILY.nam   ree); tur    n $;              \
            |              ^
      <scratch>/codex/chainhash-m2-adjacent/smhasher3/include/hashlib/Hashlib.h:56:20:        warning: '$' in identifier [-Wdollar-in-identifier-extension]
   56 |          register\
      |            ^
_hash(&$);                           \
      |                    ^
<scratch>/codex/chainhash-m2-adjacent/smhasher3/include/hashlib/Hashlib.h:57:12: warning: '$' in identifier [-Wdollar-in-identifier-extension]
   57 |     return $;                                    \
      |            ^
<scratch>/codex/chainhash-m2-adjacent/smhasher3/hashes/blockpearson.cpp:200:4: warning: '$' in identifier [-Wdollar-in-identifier-extension]
  200 |    $.src_url    = "https://github.com/Logan007/pearsonB",
      |    ^
<scratch>/codex/chainhash-m2-adjacent/smhasher3/hashes/blockpearson.cpp:201:4: warning: '$' in identifier [-Wdollar-in-identifier-extension]
  201 |    $.src_status = HashFamilyInfo::SRC_STABLEISH
      |    ^
<scratch>/codex/chainhash-m2-adjacent/smhasher3/hashes/crap.cpp:177:4: warning: '$' in identifier [-Wdollar-in-identifier-extension]
  177 |    $.src_url<scratch>/codex/chainhash-m2-adjacent/smhasher3/hashes/blockpearson.cpp:205:4: warning: '$' in identifier [-Wdollar-in-identifier-extension]
  205 |    $.de    = "httpsc       = "Peas://web.archive.org/web/20rson-insp150218ired block hash, 64011033/htt-bit sp://floodyberry.com/noncryptohastate",
      |    ^
<scratch>/codex/chainhash-m2-adjacent/smhasher3/hashes/blockpearson.cpp:206:4: warning: '$' in identifier [-Wdollar-in-identifier-extension]hzoo/",
      | 
  206 |      ^
<scratch>/codex/chainhash-m2-adjacent/smhasher3/hashes/crap.cpp:178:4: warning:  $.has'$' in identifier [-Wdollar-in-identifier-extension]
  178 |    $.sh_flags =
      rc_status = Hash|    ^
FamilyInfo::SR<scratch>/codex/chainhash-m2-adjacent/smhasher3/hashes/blockpearson.cpp:208:4:C_FROZEN
      |    ^
 warning: '$' in identifier [-Wdollar-in-identifier-extension]
  208 |    $.impl_flags =
      |    ^
<scratch>/codex/chainhash-m2-adjacent/smhasher3/hashes/blockpearson.cpp:213:4: warning: '$' in identifier [-Wdollar-in-identifier-extension]
  213 |    $.bits = 64,
      |    ^
<scratch>/codex/chainhash-m2-adjacent/smhasher3/hashes/blockpearson.cpp:214:4: warning: '$' in identifier [-Wdollar-in-identifier-extension]
  214 |    $.verification_LE = 0x14C3D184,
      |    ^
<scratch>/codex/chainhash-m2-adjacent/smhasher3/hashes/blockpearson.cpp:215:4: warning: '$' in identifier [-Wdollar-in-identifier-extension]
  215 |    $.verification_BE = 0x162C2D8A,
      |    ^
<scratch>/codex/chainhash-m2-adjacent/smhasher3/hashes/blockpearson.cpp:216:4: warning: '$' in identifier [-Wdollar-in-identifier-extension]
  216 |    $.hashfn_native   = b<scratch>/codex/chainhash-m2-adjacent/smhasher3/hashes/crap.cpp:182:4: warning: '$' in identifier [-Wdollar-in-identifier-extension]
  182 | lockpearson_h   $.ash_64desc  <false>,
      |    ^
<scratch>/codex/chainhash-m2-adjacent/smhasher3/hashes/blockpearson.cpp:217:4: warning:      = '$' in identifier [-Wdollar-in-identifier-extension]
  217"Noncryptohashzoo's Crap8 hash",
      |    ^ |    $.
<scratch>/codex/chainhash-m2-adjacent/smhasher3/hashes/crap.cpphashfn_bswap    = blockp:183:4: warning: '$' in identifier [-Wdollar-in-identifier-extension]
  183 |    $earson_hash_64<true>
      | .hash_flags   ^
 =
      |    ^
<scratch>/codex/chainhash-m2-adjacent/smhasher3/hashes/crap.cpp:185:4: warning: '$' in identifier [-Wdollar-in-identifier-extension]
  185 |    $.impl_flags =
      |    ^
<scratch>/codex/chainhash-m2-adjacent/smhasher3/hashes/crap.cpp:189:4: warning: '$' in identifier [-Wdollar-in-identifier-extension]
  189 |    $.bits = 32,
      |    ^
<scratch>/codex/chainhash-m2-adjacent/smhasher3/hashes/crap.cpp:190:4: warning: '$' in identifier [-Wdollar-in-identifier-extension]
  190 |    $.verification_LE = 0x743E97A1,
      |    ^
<scratch>/codex/chainhash-m2-adjacent/smhasher3/hashes/crap.cpp:191:4: warning: '$' in identifier [-Wdollar-in-identifier-extension]
<scratch>/codex/chainhash-m2-adjacent/smhasher3/hashes/blockpearson.cpp:221:  191 | 4: warning: '$' in identifier [-Wdollar-in-identifier-extension]
  221 |      $ $..verification_BE desc       = "Pears= 0xDFE06on-AD9ins,
      pired block has|    ^
h, 128-bit state",
<scratch>/codex/chainhash-m2-adjacent/smhasher3/hashes/crap.cpp:192      |    ^
:4:<scratch>/codex/chainhash-m2-adjacent/smhasher3/hashes/blockpearson.cpp:222 warning: '$' in identifier [-Wdollar-in-identifier-extension]
  192 |    $.ha:4: warning: '$' in identifier [-Wdollar-in-identifier-extension]
  222 | shfn_native      $.h= Cashrap_flags =
      |    ^
<scratch>/codex/chainhash-m2-adjacent/smhasher3/hashes/blockpearson.cpp:224:4: warning: '$' in identifier [-Wdollar-in-identifier-extension]8<f
  224 |    $.ialsmpl_e>,fla
      |    ^
gs =<scratch>/codex/chainhash-m2-adjacent/smhasher3/hashes/crap.cpp:193:4: warning: '$' in identifier [-Wdollar-in-identifier-extension]

      |    ^
<scratch>/codex/chainhash-m2-adjacent/smhasher3/hashes/blockpearson.cpp:229:4: warning: '$' in identifier [-Wdollar-in-identifier-extension]  193 | 
  229 |       $.bits$.hashfn_ = bsw128ap ,
         |    ^
<scratch>/codex/chainhash-m2-adjacent/smhasher3/hashes/blockpearson.cpp:230:4: warning: '$' in identifier [-Wdollar-in-identifier-extension]
  230 |    $.v= Cerirap8<true>ficatio
      | n_LE = 0x   ^
6BEFE6EA,
      |    ^
<scratch>/codex/chainhash-m2-adjacent/smhasher3/hashes/blockpearson.cpp:231:4: warning: '$' in identifier [-Wdollar-in-identifier-extension]
  231 |    $.verification_BE = 0x00D61079,
      |    ^
<scratch>/codex/chainhash-m2-adjacent/smhasher3/hashes/blockpearson.cpp:232:4: warning: '$' in identifier [-Wdollar-in-identifier-extension]
  232 |    $.hashfn_native   = blockpearson_hash_128<false>,<scratch>/codex/chainhash-m2-adjacent/smhasher3/hashes/crap.cpp:197
      | :4: warning: '$' in identifier [-Wdollar-in-identifier-extension]
   ^
<scratch>/codex/chainhash-m2-adjacent/smhasher3/hashes/blockpearson.cpp:233:4:  197 |  warning: '$' in identifier [-Wdollar-in-identifier-extension]   
  233 |    $.desc       = "Noncryptoha$.hashfn_bshzswaoo'p  s C  =rap blWowock hash",
      |    ^
pea<scratch>/codex/chainhash-m2-adjacent/smhasher3/hashes/crap.cpp:198rso:4:n_h warning: '$' in identifier [-Wdollar-in-identifier-extension]ash
  198 | _12   8<t$.hrueash>
      |    ^
_flags =
      |    ^
<scratch>/codex/chainhash-m2-adjacent/smhasher3/hashes/crap.cpp:200:4: warning: '$' in identifier [-Wdollar-in-identifier-extension]
  200 |    $.impl_flags =
      |    ^
<scratch>/codex/chainhash-m2-adjacent/smhasher3/hashes/crap.cpp:205:4: warning: '$' in identifier [-Wdollar-in-identifier-extension]
  205 |    $.bits = 32,
      |    ^
<scratch>/codex/chainhash-m2-adjacent/smhasher3/hashes/crap.cpp:206:4: warning: '$' in identifier [-Wdollar-in-identifier-extension]
  206 |    $.verification_LE = 0x49ECB015,
      |    ^
<scratch>/codex/chainhash-m2-adjacent/smhasher3/hashes/crap.cpp:207:4: warning: '$' in identifier [-Wdollar-in-identifier-extension]
  207 |    $.verification_BE = 0x4EF994DF,
      |    ^
<scratch>/codex/chainhash-m2-adjacent/smhasher3/hashes/crap.cpp:208:4: warning: '$' in identifier [-Wdollar-in-identifier-extension]
  208 |    $.hashfn_native   = CrapWow<false>,
      |    ^
<scratch>/codex/chainhash-m2-adjacent/smhasher3/hashes/crap.cpp:209:4: warning: '$' in identifier [-Wdollar-in-identifier-extension]
  209 |    $.hashfn_bswap    = CrapWow<true>
      |    ^
<scratch>/codex/chainhash-m2-adjacent/smhasher3/hashes/blockpearson.cpp:237:4: warning: '$' in identifier [-Wdollar-in-identifier-extension]
  237 |    $.desc       = "Pearson-inspired block hash, 256-bit state",
      |    ^
<scratch>/codex/chainhash-m2-adjacent/smhasher3/hashes/blockpearson.cpp:238:4: warning: '$' in identifier [-Wdollar-in-identifier-extension]
  238 |    $.hash_flags =
      |    ^
<scratch>/codex/chainhash-m2-adjacent/smhasher3/hashes/blockpearson.cpp:240:4: warning: '$' in identifier [-Wdollar-in-identifier-extension]
  240 |    $.impl_flags =
      |    ^
<scratch>/codex/chainhash-m2-adjacent/smhasher3/hashes/blockpearson.cpp:245:4: warning: '$' in identifier [-Wdollar-in-identifier-extension]
  245 |    $.bits = 256,
      |    ^
<scratch>/codex/chainhash-m2-adjacent/smhasher3/hashes/blockpearson.cpp:246:4<scratch>/codex/chainhash-m2-adjacent/smhasher3/hashes/crap.cpp:213:4: warning: '$' in identifier [-Wdollar-in-identifier-extension]
  246 |    $.ve: warning: '$' in identifier [-Wdollar-in-identifier-extension]
rification_LE = 0x  213 |    $.desc       = "Noncr999B3C19,
      |    ^
<scratch>/codex/chainhash-m2-adjacent/smhasher3/hashes/blockpearson.cpp:247:4ypto: warning: '$' in identifier [-Wdollar-in-identifier-extension]
  247 |    $.verificationhashzoo's CrapWow6_BE4  = 0xhash",
      |    ^
92D43B4F,
      |    ^
<scratch>/codex/chainhash-m2-adjacent/smhasher3/hashes/blockpearson.cpp:24815 warning<scratch>/codex/chainhash-m2-adjacent/smhasher3/hashes/crap.cpp:214:s generated.
4: warning: '$' in identifier [-Wdollar-in-identifier-extension]
:4: warning: '$' in identifier [-Wdollar-in-identifier-extension]
  214 |    $.  248 |    $hash_fl.hashfags n_nativ=
      |    ^
<scratch>/codex/chainhash-m2-adjacent/smhasher3/hashes/crap.cpp:216:4: warning: '$' in identifier [-Wdollar-in-identifier-extension]
  216 |    $.ime   = blockpearson_hash_25pl_flags 6<false=
      |    ^
<scratch>/codex/chainhash-m2-adjacent/smhasher3/hashes/crap.cpp:221:4: warning: >,
      |    ^
'$' in identifier [-Wdollar-in-identifier-extension]
  <scratch>/codex/chainhash-m2-adjacent/smhasher3/hashes/blockpearson.cpp:249:4: warning: '$' in identifier [-Wdollar-in-identifier-extension]
  221 |    $.bits = 64249 |    $.hashf,
      |    ^
n_bswa<scratch>/codex/chainhash-m2-adjacent/smhasher3/hashes/crap.cpp:222:p    = bloc4: kpeawarning: '$' in identifier [-Wdollar-in-identifier-extension]
  222 |  rson_has  $.verification_LE h_256<t= 0x6rue>
      |    ^69D3A
9B,
      |    ^
<scratch>/codex/chainhash-m2-adjacent/smhasher3/hashes/crap.cpp:223:4: warning: '$' in identifier [-Wdollar-in-identifier-extension]
  223 |    $.verification_BE = 0xCBB7690C,
      |    ^
<scratch>/codex/chainhash-m2-adjacent/smhasher3/hashes/crap.cpp:224:4: warning: '$' in identifier [-Wdollar-in-identifier-extension]
  224 |    $.hashfn_native   = CrapWow64<false>,
      |    ^
<scratch>/codex/chainhash-m2-adjacent/smhasher3/hashes/crap.cpp:225:4: warning: '$' in identifier [-Wdollar-in-identifier-extension]
  225 |    $.hashfn_bswap    = CrapWow64<true>,
      |    ^
<scratch>/codex/chainhash-m2-adjacent/smhasher3/hashes/crap.cpp:226:4: warning: '$' in identifier [-Wdollar-in-identifier-extension]
  226 |    $.badseeddesc     = "Any keys of len==32*N consisting of repeated 16-byte blocks collide with any seed"
      |    ^
[ 82%] Building CXX object CMakeFiles/SMHasher3Hashlib.dir/hashes/lookup3.cpp.o
31 warnings generated.
32 warnings generated.
[ 82%] Building CXX object CMakeFiles/SMHasher3Hashlib.dir/hashes/murmurhash1.cpp.o
[ 83%] Building CXX object CMakeFiles/SMHasher3Hashlib.dir/hashes/rust-fxhash.cpp.o
In file included from <scratch>/codex/chainhash-m2-adjacent/smhasher3/hashes/sha3.cpp:31:
<scratch>/codex/chainhash-m2-adjacent/smhasher3/include/hashlib/Hashlib.h:44:20: warning: '$' in identifier [-Wdollar-in-identifier-extension]
   44 |     HashFamilyInfo $(#N);                          \
      |                    ^
<scratch>/codex/chainhash-m2-adjacent/smhasher3/include/hashlib/Hashlib.h:46:12: warning: '$' in identifier [-Wdollar-in-identifier-extension]
   46 |     return $;                                      \
      |            ^
<scratch>/codex/chainhash-m2-adjacent/smhasher3/include/hashlib/Hashlib.h:54:14: warning: '$' in identifier [-Wdollar-in-identifier-extension]
   54 |     HashInfo $(#N, THIS_HASH_FAMILY.name);       \
      |              ^
<scratch>/codex/chainhash-m2-adjacent/smhasher3/include/hashlib/Hashlib.h:56:20: warning: '$' in identifier [-Wdollar-in-identifier-extension]
   56 |     register_hash(&$);                           \
      |                    ^
<scratch>/codex/chainhash-m2-adjacent/smhasher3/include/hashlib/Hashlib.h:57:12: warning: '$' in identifier [-Wdollar-in-identifier-extension]
   57 |     return $;                                    \
      |            ^
<scratch>/codex/chainhash-m2-adjacent/smhasher3/hashes/sha3.cpp:226:4: warning: '$' in identifier [-Wdollar-in-identifier-extension]
  226 |    $.src_url    = "https://github.com/brainhub/SHA3IUF",
      |    ^
<scratch>/codex/chainhash-m2-adjacent/smhasher3/hashes/sha3.cpp:227:4: warning: '$' in identifier [-Wdollar-in-identifier-extension]
  227 |    $.src_status = HashFamilyInfo::SRC_FROZEN
      |    ^
<scratch>/codex/chainhash-m2-adjacent/smhasher3/hashes/sha3.cpp:231:4: warning: '$' in identifier [-Wdollar-in-identifier-extension]
  231 |    $.desc       = "SHA-3, bits 0-63",
      |    ^
<scratch>/codex/chainhash-m2-adjacent/smhasher3/hashes/sha3.cpp:232:4: warning: '$' in identifier [-Wdollar-in-identifier-extension]
  232 |    $.hash_flags =
      |    ^
<scratch>/codex/chainhash-m2-adjacent/smhasher3/hashes/sha3.cpp:236:4: warning: '$' in identifier [-Wdollar-in-identifier-extension]
  236 |    $.impl_flags =
      |    ^
<scratch>/codex/chainhash-m2-adjacent/smhasher3/hashes/sha3.cpp:242:4: warning: '$' in identifier [-Wdollar-in-identifier-extension]
  242 |    $.bits = 64,
      |    ^
<scratch>/codex/chainhash-m2-adjacent/smhasher3/hashes/sha3.cpp:243:4: warning: '$' in identifier [-Wdollar-in-identifier-extension]
  243 |    $.verification_LE = 0x76804BEC,
      |    ^
<scratch>/codex/chainhash-m2-adjacent/smhasher3/hashes/sha3.cpp:244:4: warning: '$' in identifier [-Wdollar-in-identifier-extension]
  244 |    $.verification_BE = 0xC7D2D825,
      |    ^
<scratch>/codex/chainhash-m2-adjacent/smhasher3/hashes/sha3.cpp:245:4: warning: '$' in identifier [-Wdollar-in-identifier-extension]
  245 |    $.hashfn_native   = SHA3_256<64, false>,
      |    ^
<scratch>/codex/chainhash-m2-adjacent/smhasher3/hashes/sha3.cpp:246:4: warning: '$' in identifier [-Wdollar-in-identifier-extension]
  246 |    $.hashfn_bswap    = SHA3_256<64, true>
      |    ^
<scratch>/codex/chainhash-m2-adjacent/smhasher3/hashes/sha3.cpp:250:4: warning: '$' in identifier [-Wdollar-in-identifier-extension]
  250 |    $.desc       = "SHA-3",
      |    ^
<scratch>/codex/chainhash-m2-adjacent/smhasher3/hashes/sha3.cpp:251:4: warning: '$' in identifier [-Wdollar-in-identifier-extension]
  251 |    $.hash_flags =
      |    ^
<scratch>/codex/chainhash-m2-adjacent/smhasher3/hashes/sha3.cpp:255:4: warning: '$' in identifier [-Wdollar-in-identifier-extension]
  255 |    $.impl_flags =
      |    ^
<scratch>/codex/chainhash-m2-adjacent/smhasher3/hashes/sha3.cpp:261:4: warning: '$' in identifier [-Wdollar-in-identifier-extension]
  261 |    $.bits = 256,
      |    ^
<scratch>/codex/chainhash-m2-adjacent/smhasher3/hashes/sha3.cpp:262:4: warning: '$' in identifier [-Wdollar-in-identifier-extension]
  262 |    $.verification_LE = 0x79AEFB60,
      |    ^
<scratch>/codex/chainhash-m2-adjacent/smhasher3/hashes/sha3.cpp:263:4: warning: '$' in identifier [-Wdollar-in-identifier-extension]
  263 |    $.verification_BE = 0x074CB90C,
      |    ^
<scratch>/codex/chainhash-m2-adjacent/smhasher3/hashes/sha3.cpp:264:4: warning: '$' in identifier [-Wdollar-in-identifier-extension]
  264 |    $.hashfn_native   = SHA3_256<256, false>,
      |    ^
<scratch>/codex/chainhash-m2-adjacent/smhasher3/hashes/sha3.cpp:265:4: warning: '$' in identifier [-Wdollar-in-identifier-extension]
  265 |    $.hashfn_bswap    = SHA3_256<256, true>
      |    ^
23 warnings generated.
[ 83%] Building CXX object CMakeFiles/SMHasher3Hashlib.dir/hashes/falcon_oaat.cpp.o
In file included from <scratch>/codex/chainhash-m2-adjacent/smhasher3/hashes/lookup3.cpp:8:
<scratch>/codex/chainhash-m2-adjacent/smhasher3/include/hashlib/Hashlib.h:44:20: warning: '$' in identifier [-Wdollar-in-identifier-extension]
   44 |     HashFamilyInfo $(#N);                          \
      |                    ^
<scratch>/codex/chainhash-m2-adjacent/smhasher3/include/hashlib/Hashlib.h:46:12: warning: '$' in identifier [-Wdollar-in-identifier-extension]
   46 |     return $;                                      \
      |            ^
<scratch>/codex/chainhash-m2-adjacent/smhasher3/include/hashlib/Hashlib.h:54:14: warning: '$' in identifier [-Wdollar-in-identifier-extension]
   54 |     HashInfo $(#N, THIS_HASH_FAMILY.name);       \
      |              ^
<scratch>/codex/chainhash-m2-adjacent/smhasher3/include/hashlib/Hashlib.h:56:20: warning: '$' in identifier [-Wdollar-in-identifier-extension]
   56 |     register_hash(&$);                           \
      |                    ^
<scratch>/codex/chainhash-m2-adjacent/smhasher3/include/hashlib/Hashlib.h:57:12: warning: '$' in identifier [-Wdollar-in-identifier-extension]
   57 |     return $;                                    \
      |            ^
<scratch>/codex/chainhash-m2-adjacent/smhasher3/hashes/lookup3.cpp:98:4: warning: '$' in identifier [-Wdollar-in-identifier-extension]
   98 |    $.src_url    = "http://www.burtleburtle.net/bob/c/lookup3.c",
      |    ^
<scratch>/codex/chainhash-m2-adjacent/smhasher3/hashes/lookup3.cpp:99:4: warning: '$' in identifier [-Wdollar-in-identifier-extension]
   99 |    $.src_status = HashFamilyInfo::SRC_FROZEN
      |    ^
<scratch>/codex/chainhash-m2-adjacent/smhasher3/hashes/lookup3.cpp:103:4: warning: '$' in identifier [-Wdollar-in-identifier-extension]
  103 |    $.desc       = "Bob Jenkins' lookup3 (32-bit output)",
      |    ^
<scratch>/codex/chainhash-m2-adjacent/smhasher3/hashes/lookup3.cpp:104:4: warning: '$' in identifier [-Wdollar-in-identifier-extension]
  104 |    $.hash_flags =
      |    ^
<scratch>/codex/chainhash-m2-adjacent/smhasher3/hashes/lookup3.cpp:106:4: warning: '$' in identifier [-Wdollar-in-identifier-extension]
  106 |    $.impl_flags =
      |    ^
<scratch>/codex/chainhash-m2-adjacent/smhasher3/hashes/lookup3.cpp:110:4: warning: '$' in identifier [-Wdollar-in-identifier-extension]
  110 |    $.bits = 32,
      |    ^
<scratch>/codex/chainhash-m2-adjacent/smhasher3/hashes/lookup3.cpp:111:4: warning: '$' in identifier [-Wdollar-in-identifier-extension]
  111 |    $.verification_LE = 0x3D83917A,
      |    ^
<scratch>/codex/chainhash-m2-adjacent/smhasher3/hashes/lookup3.cpp:112:4: warning: '$' in identifier [-Wdollar-in-identifier-extension]
  112 |    $.verification_BE = 0x18E6AA76,
      |    ^
<scratch>/codex/chainhash-m2-adjacent/smhasher3/hashes/lookup3.cpp:113:4: warning: '$' in identifier [-Wdollar-in-identifier-extension]
  113 |    $.hashfn_native   = lookup3<false, false>,
      |    ^
<scratch>/codex/chainhash-m2-adjacent/smhasher3/hashes/lookup3.cpp:114:4: warning: '$' in identifier [-Wdollar-in-identifier-extension]
  114 |    $.hashfn_bswap    = lookup3<false, true>
      |    ^
<scratch>/codex/chainhash-m2-adjacent/smhasher3/hashes/lookup3.cpp:118:4: warning: '$' in identifier [-Wdollar-in-identifier-extension]
  118 |    $.desc       = "Bob Jenkins' lookup3 (64-bit output)",
      |    ^
<scratch>/codex/chainhash-m2-adjacent/smhasher3/hashes/lookup3.cpp:119:4: warning: '$' in identifier [-Wdollar-in-identifier-extension]
  119 |    $.hash_flags =
      |    ^
<scratch>/codex/chainhash-m2-adjacent/smhasher3/hashes/lookup3.cpp:121:4: warning: '$' in identifier [-Wdollar-in-identifier-extension]
  121 |    $.impl_flags =
      |    ^
<scratch>/codex/chainhash-m2-adjacent/smhasher3/hashes/lookup3.cpp:125:4: warning: '$' in identifier [-Wdollar-in-identifier-extension]
  125 |    $.bits = 64,
      |    ^
<scratch>/codex/chainhash-m2-adjacent/smhasher3/hashes/lookup3.cpp:126:4: warning: '$' in identifier [-Wdollar-in-identifier-extension]
  126 |    $.verification_LE = 0x6AE8AB7C,
      |    ^
<scratch>/codex/chainhash-m2-adjacent/smhasher3/hashes/lookup3.cpp:127:4: warning: '$' in identifier [-Wdollar-in-identifier-extension]
  127 |    $.verification_BE = 0x074EBE4E,
      |    ^
<scratch>/codex/chainhash-m2-adjacent/smhasher3/hashes/lookup3.cpp:128:4: warning: '$' in identifier [-Wdollar-in-identifier-extension]
  128 |    $.hashfn_native   = lookup3<true, false>,
      |    ^
<scratch>/codex/chainhash-m2-adjacent/smhasher3/hashes/lookup3.cpp:129:4: warning: '$' in identifier [-Wdollar-in-identifier-extension]
  129 |    $.hashfn_bswap    = lookup3<true, true>,
      |    ^
<scratch>/codex/chainhash-m2-adjacent/smhasher3/hashes/lookup3.cpp:130:4: warning: '$' in identifier [-Wdollar-in-identifier-extension]
  130 |    $.seedfixfn       = lookup3_seedfix,
      |    ^
<scratch>/codex/chainhash-m2-adjacent/smhasher3/hashes/lookup3.cpp:131:4: warning: '$' in identifier [-Wdollar-in-identifier-extension]
  131 |    $.badseeddesc     = "If seed+len==0x21524111, then hash of all zeros is zero."
      |    ^
In file included from <scratch>/codex/chainhash-m2-adjacent/smhasher3/hashes/murmurhash1.cpp:31:
<scratch>/codex/chainhash-m2-adjacent/smhasher3/include/hashlib/Hashlib.h:44:20: warning: '$' in identifier [-Wdollar-in-identifier-extension]
   44 |     HashFamilyInfo $(#N);                          \
      |                    ^
<scratch>/codex/chainhash-m2-adjacent/smhasher3/include/hashlib/Hashlib.h:46:12: warning: '$' in identifier [-Wdollar-in-identifier-extension]
   46 |     return $;                                      \
      |            ^
<scratch>/codex/chainhash-m2-adjacent/smhasher3/include/hashlib/Hashlib.h:54:14: warning: '$' in identifier [-Wdollar-in-identifier-extension]
   54 |     HashInfo $(#N, THIS_HASH_FAMILY.name);       \
      |              ^
<scratch>/codex/chainhash-m2-adjacent/smhasher3/include/hashlib/Hashlib.h:56:20: warning: '$' in identifier [-Wdollar-in-identifier-extension]
   56 |     register_hash(&$);                           \
      |                    ^
<scratch>/codex/chainhash-m2-adjacent/smhasher3/include/hashlib/Hashlib.h:57:12: warning: '$' in identifier [-Wdollar-in-identifier-extension]
   57 |     return $;                                    \
      |            ^
<scratch>/codex/chainhash-m2-adjacent/smhasher3/hashes/murmurhash1.cpp:81:4: warning: '$' in identifier [-Wdollar-in-identifier-extension]
   81 |    $.src_url    = "https://github.com/aappleby/smhasher/",
      |    ^
<scratch>/codex/chainhash-m2-adjacent/smhasher3/hashes/murmurhash1.cpp:82:4: warning: '$' in identifier [-Wdollar-in-identifier-extension]
   82 |    $.src_status = HashFamilyInfo::SRC_FROZEN
      |    ^
<scratch>/codex/chainhash-m2-adjacent/smhasher3/hashes/murmurhash1.cpp:86:4: warning: '$' in identifier [-Wdollar-in-identifier-extension]
   86 |    $.desc       = "MurmurHash v1",
      |    ^
<scratch>/codex/chainhash-m2-adjacent/smhasher3/hashes/murmurhash1.cpp:87:4: warning: '$' in identifier [-Wdollar-in-identifier-extension]
   87 |    $.hash_flags =
      |    ^
<scratch>/codex/chainhash-m2-adjacent/smhasher3/hashes/murmurhash1.cpp:89:4: warning: '$' in identifier [-Wdollar-in-identifier-extension]
   89 |    $.impl_fIn file included from <scratch>/codex/chainhash-m2-adjacent/smhasher3/hashes/rust-fxhash.cpp:28lags :
<scratch>/codex/chainhash-m2-adjacent/smhasher3/include/hashlib/Hashlib.h:44:=
      |    ^
<scratch>/codex/chainhash-m2-adjacent/smhasher3/hashes/murmurhash1.cpp:93:4:20: warning: '$' in identifier [-Wdollar-in-identifier-extension]
 warning: '$' in identifier [-Wdollar-in-identifier-extension]
   93 |    $.bits = 32,
      |    ^
<scratch>/codex/chainhash-m2-adjacent/smhasher3/hashes/murmurhash1.cpp:94:4: warning: '$' in identifier [-Wdollar-in-identifier-extension]
   94 |    $.verification_LE = 0x9EA7D056,
   44 |     HashFamilyInfo $(#N);              |    ^
                  \
      |                    ^
<scratch>/codex/chainhash-m2-adjacent/smhasher3/hashes/murmurhash1.cpp<scratch>/codex/chainhash-m2-adjacent/smhasher3/include/hashlib/Hashlib.h:46:12: warning: '$' in identifier [-Wdollar-in-identifier-extension]
   46 |     return $;                 :95:4: warning: '$' in identifier [-Wdollar-in-identifier-extension]
   95 |    $.verification_BE = 0x4B34A47A                     ,
      |    ^
<scratch>/codex/chainhash-m2-adjacent/smhasher3/hashes/murmurhash1.cpp:96:4: warning: '$' in identifier [-Wdollar-in-identifier-extension]
   96 |    $.hashfn_native   = MurmurHas\
      |            ^
h1<false>,
      |    ^
<scratch>/codex/chainhash-m2-adjacent/smhasher3/include/hashlib/Hashlib.h:54:14<scratch>/codex/chainhash-m2-adjacent/smhasher3/hashes/murmurhash1.cpp:97:4: warning: : warning: '$' in identifier [-Wdollar-in-identifier-extension]
   54 |     HashInfo $(#N, THIS_HASH_FAMILY.name);       \
      |              ^
'$' in identifier [-Wdollar-in-identifier-extension]
   97 |    $.hashfn_bsw<scratch>/codex/chainhash-m2-adjacent/smhasher3/include/hashlib/Hashlib.h:56:20ap    = : warning: '$' in identifier [-Wdollar-in-identifier-extension]
MurmurHas   56h1<tr |     register_hash(&$ue);         >,
      |    ^
<scratch>/codex/chainhash-m2-adjacent/smhasher3/hashes/murmurhash1.cpp     :98:4: warning: '$' in identifier [-Wdollar-in-identifier-extension]
           98 |      \
      |                    ^
25 warnings generated.
<scratch>/codex/chainhash-m2-adjacent/smhasher3/include/hashlib/Hashlib.h:57:12: warning: '$' in identifier [-Wdollar-in-identifier-extension]
   57 |     re   turn $;$.see   dfixfn                                    = excludeBa    \
      |            ^
dseeds,
      |    ^
<scratch>/codex/chainhash-m2-adjacent/smhasher3/hashes/murmurhash1.cpp:99:4: warning: '$' in identifier [-Wdollar-in-identifier-extension]
   99 |    $.badseeds        = { 0xc6a4a793 }
      |    ^
<scratch>/codex/chainhash-m2-adjacent/smhasher3/hashes/rust-fxhash.cpp:216:4: warning: '$' in identifier [-Wdollar-in-identifier-extension]
  216 |    $.src_url    = "https://github.com/rust-lang/rustc-hash",
      |    ^
<scratch>/codex/chainhash-m2-adjacent/smhasher3/hashes/rust-fxhash.cpp:217:4: warning: '$' in identifier [-Wdollar-in-identifier-extension]
  217 |    $.src_status = HashFamilyInfo::SRC_STABLEISH
      |    ^
<scratch>/codex/chainhash-m2-adjacent/smhasher3/hashes/rust-fxhash.cpp:221:4: warning: '$' in identifier [-Wdollar-in-identifier-extension]
  221 |    $.desc            = "Rust FxHash v2.1.1 64-bit version",
      |    ^
<scratch>/codex/chainhash-m2-adjacent/smhasher3/hashes/rust-fxhash.cpp:222:4: warning: '$' in identifier [-Wdollar-in-identifier-extension]
  222 |    $.hash_flags      =
      |    ^
<scratch>/codex/chainhash-m2-adjacent/smhasher3/hashes/rust-fxhash.cpp:224:4: warning: '$' in identifier [-Wdollar-in-identifier-extension]
  224 |    $.impl_flags      =
      |    ^
<scratch>/codex/chainhash-m2-adjacent/smhasher3/hashes/rust-fxhash.cpp:229:4: warning: '$' in identifier [-Wdollar-in-identifier-extension]
  229 |    $.bits            = 64,
      |    ^
<scratch>/codex/chainhash-m2-adjacent/smhasher3/hashes/rust-fxhash.cpp:230:4: warning: '$' in identifier [-Wdollar-in-identifier-extension]
  230 |    $.verification_LE = 0x8F177350,
      |    ^
<scratch>/codex/chainhash-m2-adjacent/smhasher3/hashes/rust-fxhash.cpp:231:4: warning: '$' in identifier [-Wdollar-in-identifier-extension]
  231 |    $.verification_BE = 0xDA24B5D0,
      |    ^
<scratch>/codex/chainhash-m2-adjacent/smhasher3/hashes/rust-fxhash.cpp:232:4: warning: '$' in identifier [-Wdollar-in-identifier-extension]
  232 |    $.hashfn_native   = FxHash64<false, false, true>,
      |    ^
<scratch>/codex/chainhash-m2-adjacent/smhasher3/hashes/rust-fxhash.cpp:233:4: warning: '$' in identifier [-Wdollar-in-identifier-extension]
  233 |    $.hashfn_bswap    = FxHash64<true, false, true>
      |    ^
<scratch>/codex/chainhash-m2-adjacent/smhasher3/hashes/rust-fxhash.cpp:237:4: warning: '$' in identifier [-Wdollar-in-identifier-extension]
  237 |    $.desc            = "Rust FxHash v2.1.1 64-bit version, with unofficial extra mixing",
      |    ^
<scratch>/codex/chainhash-m2-adjacent/smhasher3/hashes/rust-fxhash.cpp:238:4: warning: '$' in identifier [-Wdollar-in-identifier-extension]
  238 |    $.hash_flags      =
      |    ^
<scratch>/codex/chainhash-m2-adjacent/smhasher3/hashes/rust-fxhash.cpp:240:4: warning: '$' in identifier [-Wdollar-in-identifier-extension]
  240 |    $.impl_flags      =
      |    ^
<scratch>/codex/chainhash-m2-adjacent/smhasher3/hashes/rust-fxhash.cpp:245:4: warning: '$' in identifier [-Wdollar-in-identifier-extension]
  245 |    $.bits            = 64,
      |    ^
<scratch>/codex/chainhash-m2-adjacent/smhasher3/hashes/rust-fxhash.cpp:246:4: warning: '$' in identifier [-Wdollar-in-identifier-extension]
  246 |    $.verification_LE = 0xFC662413,
      |    ^
<scratch>/codex/chainhash-m2-adjacent/smhasher3/hashes/rust-fxhash.cpp:247:4: warning: '$' in identifier [-Wdollar-in-identifier-extension]
  247 |    $.verification_BE = 0x0B8B6821,
      |    ^
<scratch>/codex/chainhash-m2-adjacent/smhasher3/hashes/rust-fxhash.cpp:248:4: warning: '$' in identifier [-Wdollar-in-identifier-extension]
  248 |    $.hashfn_native   = FxHash64<false, true, true>,
      |    ^
<scratch>/codex/chainhash-m2-adjacent/smhasher3/hashes/rust-fxhash.cpp:249:4: warning: '$' in identifier [-Wdollar-in-identifier-extension]
  249 |    $.hashfn_bswap    = FxHash64<true, true, true>
      |    ^
<scratch>/codex/chainhash-m2-adjacent/smhasher3/hashes/rust-fxhash.cpp:253:4: warning: '$' in identifier [-Wdollar-in-identifier-extension]
  253 |    $.desc            = "Rust FxHash v2.1.1 64-bit version",
      |    ^
<scratch>/codex/chainhash-m2-adjacent/smhasher3/hashes/rust-fxhash.cpp:254:4: warning: '$' in identifier [-Wdollar-in-identifier-extension]
  254 |    $.hash_flags      =
      |    ^
<scratch>/codex/chainhash-m2-adjacent/smhasher3/hashes/rust-fxhash.cpp:256:4: warning: '$' in identifier [-Wdollar-in-identifier-extension]
  256 |    $.impl_flags      =
      |    ^
<scratch>/codex/chainhash-m2-adjacent/smhasher3/hashes/rust-fxhash.cpp:261:4: warning: '$' in identifier [-Wdollar-in-identifier-extension]
  261 |    $.bits            = 64,
      |    ^
<scratch>/codex/chainhash-m2-adjacent/smhasher3/hashes/rust-fxhash.cpp:262:4: warning: '$' in identifier [-Wdollar-in-identifier-extension]
  262 |    $.verification_LE = 0x686292BD,
      |    ^
<scratch>/codex/chainhash-m2-adjacent/smhasher3/hashes/rust-fxhash.cpp:263:4: warning: '$' in identifier [-Wdollar-in-identifier-extension]
  263 |    $.verification_BE = 0xF10008B1,
      |    ^
<scratch>/codex/chainhash-m2-adjacent/smhasher3/hashes/rust-fxhash.cpp:264:4: warning: '$' in identifier [-Wdollar-in-identifier-extension]
  264 |    $.hashfn_native   = FxHash64<false, false, false>,
      |    ^
<scratch>/codex/chainhash-m2-adjacent/smhasher3/hashes/rust-fxhash.cpp:265:4: warning: '$' in identifier [-Wdollar-in-identifier-extension]
  265 |    $.hashfn_bswap    = FxHash64<true, false, false>
      |    ^
<scratch>/codex/chainhash-m2-adjacent/smhasher3/hashes/rust-fxhash.cpp:269:4: warning: '$' in identifier [-Wdollar-in-identifier-extension]
  269 |    $.desc            = "Rust FxHash v2.1.1 64-bit version, with unofficial extra mixing",
      |    ^
<scratch>/codex/chainhash-m2-adjacent/smhasher3/hashes/rust-fxhash.cpp:270:4: warning: '$' in identifier [-Wdollar-in-identifier-extension]
  270 |    $.hash_flags      =
      |    ^
<scratch>/codex/chainhash-m2-adjacent/smhasher3/hashes/rust-fxhash.cpp:272:4: warning: '$' in identifier [-Wdollar-in-identifier-extension]
  272 |    $.impl_flags      =
      |    ^
<scratch>/codex/chainhash-m2-adjacent/smhasher3/hashes/rust-fxhash.cpp:277:4: warning: '$' in identifier [-Wdollar-in-identifier-extension]
  277 |    $.bits            = 64,
      |    ^
<scratch>/codex/chainhash-m2-adjacent/smhasher3/hashes/rust-fxhash.cpp:278:4: warning: '$' in identifier [-Wdollar-in-identifier-extension]
  278 |    $.verification_LE = 0x9CF6B62E,
      |    ^
<scratch>/codex/chainhash-m2-adjacent/smhasher3/hashes/rust-fxhash.cpp:279:4: warning: '$' in identifier [-Wdollar-in-identifier-extension]
  279 |    $.verification_BE = 0x23CEDC0E,
      |    ^
<scratch>/codex/chainhash-m2-adjacent/smhasher3/hashes/rust-fxhash.cpp:280:4: warning: '$' in identifier [-Wdollar-in-identifier-extension]
  280 |    $.hashfn_native   = FxHash64<false, true, false>,
      |    ^
<scratch>/codex/chainhash-m2-adjacent/smhasher3/hashes/rust-fxhash.cpp:281:4: warning: '$' in identifier [-Wdollar-in-identifier-extension]
  281 |    $.hashfn_bswap    = FxHash64<true, true, false>
      |    ^
<scratch>/codex/chainhash-m2-adjacent/smhasher3/hashes/rust-fxhash.cpp:285:4: warning: '$' in identifier [-Wdollar-in-identifier-extension]
  285 |    $.desc            = "Rust FxHash v2.1.1 32-bit version",
      |    ^
<scratch>/codex/chainhash-m2-adjacent/smhasher3/hashes/rust-fxhash.cpp:286:4: warning: '$' in identifier [-Wdollar-in-identifier-extension]
  286 |    $.hash_flags      =
      |    ^
<scratch>/codex/chainhash-m2-adjacent/smhasher3/hashes/rust-fxhash.cpp:289:4: warning: '$' in identifier [-Wdollar-in-identifier-extension]
  289 |    $.impl_flags      =
      |    ^
<scratch>/codex/chainhash-m2-adjacent/smhasher3/hashes/rust-fxhash.cpp:294:4: warning: '$' in identifier [-Wdollar-in-identifier-extension]
  294 |    $.bits            = 32,
      |    ^
<scratch>/codex/chainhash-m2-adjacent/smhasher3/hashes/rust-fxhash.cpp:295:4: warning: '$' in identifier [-Wdollar-in-identifier-extension]
  295 |    $.verification_LE = 0xC8D7717D,
      |    ^
<scratch>/codex/chainhash-m2-adjacent/smhasher3/hashes/rust-fxhash.cpp:296:4: warning: '$' in identifier [-Wdollar-in-identifier-extension]
  296 |    $.verification_BE = 0x0209B465,
      |    ^
<scratch>/codex/chainhash-m2-adjacent/smhasher3/hashes/rust-fxhash.cpp:297:4: warning: '$' in identifier [-Wdollar-in-identifier-extension]
  297 |    $.hashfn_native   = FxHash32<false, false>,
      |    ^
<scratch>/codex/chainhash-m2-adjacent/smhasher3/hashes/rust-fxhash.cpp:298:4: warning: '$' in identifier [-Wdollar-in-identifier-extension]
  298 |    $.hashfn_bswap    = FxHash32<true, false>
      |    ^
<scratch>/codex/chainhash-m2-adjacent/smhasher3/hashes/rust-fxhash.cpp:302:4: warning: '$' in identifier [-Wdollar-in-identifier-extension]
  302 |    $.desc            = "Rust FxHash v2.1.1 32-bit version, with unofficial extra mixing",
      |    ^
<scratch>/codex/chainhash-m2-adjacent/smhasher3/hashes/rust-fxhash.cpp:303:4: warning: '$' in identifier [-Wdollar-in-identifier-extension]
  303 |    $.hash_flags      =
      |    ^
<scratch>/codex/chainhash-m2-adjacent/smhasher3/hashes/rust-fxhash.cpp:306:4: warning: '$' in identifier [-Wdollar-in-identifier-extension]
  306 |    $.impl_flags      =
      |    ^
<scratch>/codex/chainhash-m2-adjacent/smhasher3/hashes/rust-fxhash.cpp:311:4: warning: '$' in identifier [-Wdollar-in-identifier-extension]
  311 |    $.bits            = 32,
      |    ^
<scratch>/codex/chainhash-m2-adjacent/smhasher3/hashes/rust-fxhash.cpp:312:4: warning: '$' in identifier [-Wdollar-in-identifier-extension]
  312 |    $.verification_LE = 0xD2DC6A74,
      |    ^
<scratch>/codex/chainhash-m2-adjacent/smhasher3/hashes/rust-fxhash.cpp:313:4: warning: '$' in identifier [-Wdollar-in-identifier-extension]
  313 |    $.verification_BE = 0x6202E4AD,
      |    ^
<scratch>/codex/chainhash-m2-adjacent/smhasher3/hashes/rust-fxhash.cpp:314:4: warning: '$' in identifier [-Wdollar-in-identifier-extension]
  314 |    $.hashfn_native   = FxHash32<false, true>,
      |    ^
<scratch>/codex/chainhash-m2-adjacent/smhasher3/hashes/rust-fxhash.cpp:315:4: warning: '$' in identifier [-Wdollar-in-identifier-extension]
  315 |    $.hashfn_bswap    = FxHash32<true, true>
      |    ^
[ 84%] Building CXX object CMakeFiles/SMHasher3Hashlib.dir/hashes/tenthash.cpp.o
17 warnings generated.
55 warnings generated.
[ 85%] Building CXX object CMakeFiles/SMHasher3Hashlib.dir/hashes/fasthash.cpp.o
[ 85%] Building CXX object CMakeFiles/SMHasher3Hashlib.dir/hashes/pengyhash.cpp.o
In file included from <scratch>/codex/chainhash-m2-adjacent/smhasher3/hashes/falcon_oaat.cpp:28:
<scratch>/codex/chainhash-m2-adjacent/smhasher3/include/hashlib/Hashlib.h:44:20: warning: '$' in identifier [-Wdollar-in-identifier-extension]
   44 |     HashFamilyInfo $(#N);                          \
      |                    ^
<scratch>/codex/chainhash-m2-adjacent/smhasher3/include/hashlib/Hashlib.h:46:12: warning: '$' in identifier [-Wdollar-in-identifier-extension]
   46 |     return $;                                      \
      |            ^
<scratch>/codex/chainhash-m2-adjacent/smhasher3/include/hashlib/Hashlib.h:54:14: warning: '$' in identifier [-Wdollar-in-identifier-extension]
   54 |     HashInfo $(#N, THIS_HASH_FAMILY.name);       \
      |              ^
<scratch>/codex/chainhash-m2-adjacent/smhasher3/include/hashlib/Hashlib.h:56:20: warning: '$' in identifier [-Wdollar-in-identifier-extension]
   56 |     register_hash(&$);                           \
      |                    ^
<scratch>/codex/chainhash-m2-adjacent/smhasher3/include/hashlib/Hashlib.h:57:12: warning: '$' in identifier [-Wdollar-in-identifier-extension]
   57 |     return $;                                    \
      |            ^
<scratch>/codex/chainhash-m2-adjacent/smhasher3/hashes/falcon_oaat.cpp:95:4: warning: '$' in identifier [-Wdollar-in-identifier-extension]
   95 |    $.src_url    = "https://github.com/rurban/smhasher/commit/3931fd6f723f4fb2afab6ef9a628912220e90ce7",
      |    ^
<scratch>/codex/chainhash-m2-adjacent/smhasher3/hashes/falcon_oaat.cpp:96:4: warning: '$' in identifier [-Wdollar-in-identifier-extension]
   96 |    $.src_status = HashFamilyInfo::SRC_FROZEN
      |    ^
<scratch>/codex/chainhash-m2-adjacent/smhasher3/hashes/falcon_oaat.cpp:100:4: warning: '$' in identifier [-Wdollar-in-identifier-extension]
  100 |    $.desc       = "GoodOAAT (Small non-multiplicative OAAT by funny-falcon)",
      |    ^
<scratch>/codex/chainhash-m2-adjacent/smhasher3/hashes/falcon_oaat.cpp:101:4: warning: '$' in identifier [-Wdollar-in-identifier-extension]
  101 |    $.hash_flags =
      |    ^
<scratch>/codex/chainhash-m2-adjacent/smhasher3/hashes/falcon_oaat.cpp:103:4: warning: '$' in identifier [-Wdollar-in-identifier-extension]
  103 |    $.impl_flags =
      |    ^
<scratch>/codex/chainhash-m2-adjacent/smhasher3/hashes/falcon_oaat.cpp:107:4: warning: '$' in identifier [-Wdollar-in-identifier-extension]
  107 |    $.bits = 32,
      |    ^
<scratch>/codex/chainhash-m2-adjacent/smhasher3/hashes/falcon_oaat.cpp:108:4: warning: '$' in identifier [-Wdollar-in-identifier-extension]
  108 |    $.verification_LE = 0x7B14EEE5,
      |    ^
<scratch>/codex/chainhash-m2-adjacent/smhasher3/hashes/falcon_oaat.cpp:109:4: warning: '$' in identifier [-Wdollar-in-identifier-extension]
  109 |    $.verification_BE = 0x1A834495,
      |    ^
<scratch>/codex/chainhash-m2-adjacent/smhasher3/hashes/falcon_oaat.cpp:110:4: warning: '$' in identifier [-Wdollar-in-identifier-extension]
  110 |    $.hashfn_native   = GoodOAAT<false>,
      |    ^
<scratch>/codex/chainhash-m2-adjacent/smhasher3/hashes/falcon_oaat.cpp:111:4: warning: '$' in identifier [-Wdollar-in-identifier-extension]
  111 |    $.hashfn_bswap    = GoodOAAT<true>
      |    ^
<scratch>/codex/chainhash-m2-adjacent/smhasher3/hashes/falcon_oaat.cpp:115:4: warning: '$' in identifier [-Wdollar-in-identifier-extension]
  115 |    $.desc       = "MicroOAAT (Small non-multiplicative OAAT by funny-falcon)",
      |    ^
<scratch>/codex/chainhash-m2-adjacent/smhasher3/hashes/falcon_oaat.cpp:116:4: warning: '$' in identifier [-Wdollar-in-identifier-extension]
  116 |    $.hash_flags =
      |    ^
<scratch>/codex/chainhash-m2-adjacent/smhasher3/hashes/falcon_oaat.cpp:118:4: warning: '$' in identifier [-Wdollar-in-identifier-extension]
  118 |    $.impl_flags =
      |    ^
<scratch>/codex/chainhash-m2-adjacent/smhasher3/hashes/falcon_oaat.cpp:122:4: warning: '$' in identifier [-Wdollar-in-identifier-extension]
  122 |    $.bits = 32,
      |    ^
<scratch>/codex/chainhash-m2-adjacent/smhasher3/hashes/falcon_oaat.cpp:123:4: warning: '$' in identifier [-Wdollar-in-identifier-extension]
  123 |    $.verification_LE = 0x16F1BA97,
      |    ^
<scratch>/codex/chainhash-m2-adjacent/smhasher3/hashes/falcon_oaat.cpp:124:4: warning: '$' in identifier [-Wdollar-in-identifier-extension]
  124 |    $.verification_BE = 0xDE58061B,
      |    ^
<scratch>/codex/chainhash-m2-adjacent/smhasher3/hashes/falcon_oaat.cpp:125:4: warning: '$' in identifier [-Wdollar-in-identifier-extension]
  125 |    $.hashfn_native   = MicroOAAT<false>,
      |    ^
<scratch>/codex/chainhash-m2-adjacent/smhasher3/hashes/falcon_oaat.cpp:126:4: warning: '$' in identifier [-Wdollar-in-identifier-extension]
  126 |    $.hashfn_bswap    = MicroOAAT<true>
      |    ^
23 warnings generated.
[ 86%] Building CXX object CMakeFiles/SMHasher3Hashlib.dir/hashes/superfasthash.cpp.o
In file included from <scratch>/codex/chainhash-m2-adjacent/smhasher3/hashes/tenthash.cpp:25:
<scratch>/codex/chainhash-m2-adjacent/smhasher3/include/hashlib/Hashlib.h:44:20: warning: '$' in identifier [-Wdollar-in-identifier-extension]
   44 |     HashFamilyInfo $(#N);                          \
      |                    ^
<scratch>/codex/chainhash-m2-adjacent/smhasher3/include/hashlib/Hashlib.h:46:12: warning: '$' in identifier [-Wdollar-in-identifier-extension]
   46 |     return $;                                      \
      |            ^
<scratch>/codex/chainhash-m2-adjacent/smhasher3/include/hashlib/Hashlib.h:54:14: warning: '$' in identifier [-Wdollar-in-identifier-extension]
   54 |     HashInfo $(#N, THIS_HASH_FAMILY.name);       \
      |              ^
<scratch>/codex/chainhash-m2-adjacent/smhasher3/include/hashlib/Hashlib.h:56:20: warning: '$' in identifier [-Wdollar-in-identifier-extension]
   56 |     register_hash(&$);                           \
      |                    ^
<scratch>/codex/chainhash-m2-adjacent/smhasher3/include/hashlib/Hashlib.h:57:12: warning: '$' in identifier [-Wdollar-in-identifier-extension]
   57 |     return $;                                    \
      |            ^
<scratch>/codex/chainhash-m2-adjacent/smhasher3/hashes/tenthash.cpp:130:4: warning: '$' in identifier [-Wdollar-in-identifier-extension]
  130 |    $.src_url    = "https://github.com/cessen/tenthash",
      |    ^
<scratch>/codex/chainhash-m2-adjacent/smhasher3/hashes/tenthash.cpp:131:4: warning: '$' in identifier [-Wdollar-in-identifier-extension]
  131 |    $.src_status = HashFamilyInfo::SRC_FROZEN
      |    ^
<scratch>/codex/chainhash-m2-adjacent/smhasher3/hashes/tenthash.cpp:135:4: warning: '$' in identifier [-Wdollar-in-identifier-extension]
  135 |    $.desc            = "TentHash",
      |    ^
<scratch>/codex/chainhash-m2-adjacent/smhasher3/hashes/tenthash.cpp:136:4: warning: '$' in identifier [-Wdollar-in-identifier-extension]
  136 |    $.hash_flags      =
      |    ^
<scratch>/codex/chainhash-m2-adjacent/smhasher3/hashes/tenthash.cpp:138:4: warning: '$' in identifier [-Wdollar-in-identifier-extension]
  138 |    $.impl_flags      =
      |    ^
<scratch>/codex/chainhash-m2-adjacent/smhasher3/hashes/tenthash.cpp:140:4: warning: '$' in identifier [-Wdollar-in-identifier-extension]
  140 |    $.bits            = 160,
      |    ^
<scratch>/codex/chainhash-m2-adjacent/smhasher3/hashes/tenthash.cpp:141:4: warning: '$' in identifier [-Wdollar-in-identifier-extension]
  141 |    $.verification_LE = 0x5FDAF416,
      |    ^
<scratch>/codex/chainhash-m2-adjacent/smhasher3/hashes/tenthash.cpp:142:4: warning: '$' in identifier [-Wdollar-in-identifier-extension]
  142 |    $.verification_BE = 0xB4D751AE,
      |    ^
<scratch>/codex/chainhash-m2-adjacent/smhasher3/hashes/tenthash.cpp:143:4: warning: '$' in identifier [-Wdollar-in-identifier-extension]
  143 |    $.hashfn_native   = TentHash<false>,
      |    ^
<scratch>/codex/chainhash-m2-adjacent/smhasher3/hashes/tenthash.cpp:144:4: warning: '$' in identifier [-Wdollar-in-identifier-extension]
  144 |    $.hashfn_bswap    = TentHash<true>,
      |    ^
<scratch>/codex/chainhash-m2-adjacent/smhasher3/hashes/tenthash.cpp:145:4: warning: '$' in identifier [-Wdollar-in-identifier-extension]
  145 |    $.seedfn          = init_seed
      |    ^
In file included from <scratch>/codex/chainhash-m2-adjacent/smhasher3/hashes/fasthash.cpp:27:
<scratch>/codex/chainhash-m2-adjacent/smhasher3/include/hashlib/Hashlib.h:44:20: warning: '$' in identifier [-Wdollar-in-identifier-extension]
   44 |     HashFamilyInfo $(#N);                          \
      |                    ^
<scratch>/codex/chainhash-m2-adjacent/smhasher3/include/hashlib/Hashlib.h:46:12: warning: '$' in identifier [-Wdollar-in-identifier-extension]
   46 |     return $;                                      \
      |            ^
<scratch>/codex/chainhash-m2-adjacent/smhasher3/include/hashlib/Hashlib.h:54:14: warning: '$' in identifier [-Wdollar-in-identifier-extension]
   54 |     HashInfo $(#N, THIS_HASH_FAMILY.name);       \
      |              ^
<scratch>/codex/chainhash-m2-adjacent/smhasher3/include/hashlib/Hashlib.h:56:20: warning: '$' in identifier [-Wdollar-in-identifier-extension]
   56 |     register_hash(&$);                           \
      |                    ^
<scratch>/codex/chainhash-m2-adjacent/smhasher3/include/hashlib/Hashlib.h:57:12: warning: '$' in identifier [-Wdollar-in-identifier-extension]
   57 |     return $;                                    \
      |            ^
<scratch>/codex/chainhash-m2-adjacent/smhasher3/hashes/fasthash.cpp:95:4: warning: '$' in identifier [-Wdollar-in-identifier-extension]
   95 |    $.src_url    = "https://github.com/ztanml/fast-hash",
      |    ^
<scratch>/codex/chainhash-m2-adjacent/smhasher3/hashes/fasthash.cpp:96:4: warning: '$' in identifier [-Wdollar-in-identifier-extension]
   96 |    $.src_status = HashFamilyInfo::SRC_STABLEISH
      |    ^
<scratch>/codex/chainhash-m2-adjacent/smhasher3/hashes/fasthash.cpp:100:4: warning: '$' in identifier [-Wdollar-in-identifier-extension]
  100 |    $.desc       = "fast-hash, 32-bit version",
      |    ^
<scratch>/codex/chainhash-m2-adjacent/smhasher3/hashes/fasthash.cpp:101:4: warning: '$' in identifier [-Wdollar-in-identifier-extension]
  101 |    $.hash_flags =
      |    ^
<scratch>/codex/chainhash-m2-adjacent/smhasher3/hashes/fasthash.cpp:103:4: warning: '$' in identifier [-Wdollar-in-identifier-extension]
  103 |  In file included from <scratch>/codex/chainhash-m2-adjacent/smhasher3/hashes/pengyhash.cpp:23:
<scratch>/codex/chainhash-m2-adjacent/smhasher3/include/hashlib/Hashlib.h:44:20: warning:   $.impl_f'$' in identifier [-Wdollar-in-identifier-extension]
la   44 |    gs =
      |    ^
 H<scratch>/codex/chainhash-m2-adjacent/smhasher3/hashes/fasthash.cpp:106:4ashFamilyInfo $(#N);             : warning: '$' in identifier [-Wdollar-in-identifier-extension]
  106 |    $.b    its =          \32,
      |    ^

      |                    ^
<scratch>/codex/chainhash-m2-adjacent/smhasher3/hashes/fasthash.cpp:107:4:<scratch>/codex/chainhash-m2-adjacent/smhasher3/include/hashlib/Hashlib.h:46:12: warning: '$' in identifier [-Wdollar-in-identifier-extension]
 warning: '$' in identifier [-Wdollar-in-identifier-extension]
  107 |    $.verific   46 |     ation_LE = 0xE94return $;     81AFC,           
      |    ^
                      \
      |            ^
<scratch>/codex/chainhash-m2-adjacent/smhasher3/hashes/fasthash.cpp:108:4: warning: '$' in identifier [-Wdollar-in-identifier-extension]
  108 | <scratch>/codex/chainhash-m2-adjacent/smhasher3/include/hashlib/Hashlib.h:54:14:    $.verificatiowarning: '$' in identifier [-Wdollar-in-identifier-extension]
n_BE = 0x48BCE1ED,
      |    ^
   54 |     HashIn<scratch>/codex/chainhash-m2-adjacent/smhasher3/hashes/fasthash.cpp:109:4: warning: '$' in identifier [-Wdollar-in-identifier-extension]
fo $(#N, THIS_HASH_FAMILY.name);       \
      |              ^
16 warnings generated.
<scratch>/codex/chainhash-m2-adjacent/smhasher3/include/hashlib/Hashlib.h:56:20: warning: '$' in identifier [-Wdollar-in-identifier-extension]
  109 |    56 |     $.   register_hash(&$); hash                   fn_nat       \
      |                    ^
ive   = fasthash<scratch>/codex/chainhash-m2-adjacent/smhasher3/include/hashlib/Hashlib.h:57:12: warning: '$' in identifier [-Wdollar-in-identifier-extension]
32<false>,
      |    ^
   57 |     ret<scratch>/codex/chainhash-m2-adjacent/smhasher3/hashes/fasthash.cpp:110:4: warning: '$' in identifier [-Wdollar-in-identifier-extension]urn $;     
        110 |    $.hash          fn_bswap    = fasth   ash32<true>            \
      |            ^

      |    ^
<scratch>/codex/chainhash-m2-adjacent/smhasher3/hashes/fasthash.cpp:114:4: warning: '$' in identifier [-Wdollar-in-identifier-extension]
  114 |    $.desc       = "fast-hash, 64-bit version",
      |    ^
<scratch>/codex/chainhash-m2-adjacent/smhasher3/hashes/fasthash.cpp:115:4: warning: '$' in identifier [-Wdollar-in-identifier-extension]
  115 |    $.h<scratch>/codex/chainhash-m2-adjacent/smhasher3/hashes/pengyhash.cpp:71:4: warning: '$' in identifier [-Wdollar-in-identifier-extension]
ash_flags =   71 |    
      |    ^
$.src_url <scratch>/codex/chainhash-m2-adjacent/smhasher3/hashes/fasthash.cpp:117:4: warning:    = "ht'$' in identifier [-Wdollar-in-identifier-extension]
  117 |    tps://$.impl_flaggithub.com/tinyps =
      eng/peng|    ^
<scratch>/codex/chainhash-m2-adjacent/smhasher3/hashes/fasthash.cpp:120:4: yhash",
      |    ^
warning: '$' in identifier [-Wdollar-in-identifier-extension]
  120<scratch>/codex/chainhash-m2-adjacent/smhasher3/hashes/pengyhash.cpp:72:4: warning:  |    $.bits = '$' in identifier [-Wdollar-in-identifier-extension]
64,   72 |   
      |    ^
 $.src_status = Hash<scratch>/codex/chainhash-m2-adjacent/smhasher3/hashes/fasthash.cpp:121:4: warning: '$' in identifier [-Wdollar-in-identifier-extension]
FamilyInfo::SRC_STABLEISH
      |    ^
  121 |    $.verification_LE = 0xA16231A7,
      |    ^
<scratch>/codex/chainhash-m2-adjacent/smhasher3/hashes/fasthash.cpp:122:4: warning: '$' in identifier [-Wdollar-in-identifier-extension]
  122 |    $.verification_BE = 0x82AD8DDB,
      |    ^
<scratch>/codex/chainhash-m2-adjacent/smhasher3/hashes/fasthash.cpp:123:4: warning: '$' in identifier [-Wdollar-in-identifier-extension]
  123 |    $.hashfn_native   = fasthash64<false>,
      |    ^
<scratch>/codex/chainhash-m2-adjacent/smhasher3/hashes/fasthash.cpp:124:4: warning: '$' in identifier [-Wdollar-in-identifier-extension]
  124 |    $.hashfn_bswap    = fasthash64<true>
<scratch>/codex/chainhash-m2-adjacent/smhasher3/hashes/pengyhash.cpp:76:      |    ^
4: warning: '$' in identifier [-Wdollar-in-identifier-extension]
   76 |    $.desc       = "pengyhash v0.3",
      |    ^
<scratch>/codex/chainhash-m2-adjacent/smhasher3/hashes/pengyhash.cpp:77:4: warning: '$' in identifier [-Wdollar-in-identifier-extension]
   77 |    $.hash_flags =
      |    ^
<scratch>/codex/chainhash-m2-adjacent/smhasher3/hashes/pengyhash.cpp:79:4: warning: '$' in identifier [-Wdollar-in-identifier-extension]
   79 |    $.impl_flags =
      |    ^
<scratch>/codex/chainhash-m2-adjacent/smhasher3/hashes/pengyhash.cpp:83:4: warning: '$' in identifier [-Wdollar-in-identifier-extension]
   83 |    $.bits = 64,
      |    ^
<scratch>/codex/chainhash-m2-adjacent/smhasher3/hashes/pengyhash.cpp:84:4: warning: '$' in identifier [-Wdollar-in-identifier-extension]
   84 |    $.verification_LE = 0x861A1254,
      |    ^
<scratch>/codex/chainhash-m2-adjacent/smhasher3/hashes/pengyhash.cpp:85:4: warning: '$' in identifier [-Wdollar-in-identifier-extension]
   85 |    $.verification_BE = 0x861A1254,
      |    ^
<scratch>/codex/chainhash-m2-adjacent/smhasher3/hashes/pengyhash.cpp:86:4: warning: '$' in identifier [-Wdollar-in-identifier-extension]
   86 |    $.hashfn_native   = pengy,
      |    ^
<scratch>/codex/chainhash-m2-adjacent/smhasher3/hashes/pengyhash.cpp:87:4: warning: '$' in identifier [-Wdollar-in-identifier-extension]
   87 |    $.hashfn_bswap    = pengy
      |    ^
[ 86%] Building CXX object CMakeFiles/SMHasher3Hashlib.dir/hashes/o1hash.cpp.o
23 warnings generated.
15 warnings generated.
[ 88%] Building CXX object CMakeFiles/SMHasher3Hashlib.dir/hashes/murmur_oaat.cpp.o
[ 89%] Building CXX object CMakeFiles/SMHasher3Hashlib.dir/hashes/x17.cpp.o
In file included from <scratch>/codex/chainhash-m2-adjacent/smhasher3/hashes/superfasthash.cpp:28:
<scratch>/codex/chainhash-m2-adjacent/smhasher3/include/hashlib/Hashlib.h:44:20: warning: '$' in identifier [-Wdollar-in-identifier-extension]
   44 |     HashFamilyInfo $(#N);                          \
      |                    ^
<scratch>/codex/chainhash-m2-adjacent/smhasher3/include/hashlib/Hashlib.h:46:12: warning: '$' in identifier [-Wdollar-in-identifier-extension]
   46 |     return $;                                      \
      |            ^
<scratch>/codex/chainhash-m2-adjacent/smhasher3/include/hashlib/Hashlib.h:54:14: warning: '$' in identifier [-Wdollar-in-identifier-extension]
   54 |     HashInfo $(#N, THIS_HASH_FAMILY.name);       \
      |              ^
<scratch>/codex/chainhash-m2-adjacent/smhasher3/include/hashlib/Hashlib.h:56:20: warning: '$' in identifier [-Wdollar-in-identifier-extension]
   56 |     register_hash(&$);                           \
      |                    ^
<scratch>/codex/chainhash-m2-adjacent/smhasher3/include/hashlib/Hashlib.h:57:12: warning: '$' in identifier [-Wdollar-in-identifier-extension]
   57 |     return $;                                    \
      |            ^
<scratch>/codex/chainhash-m2-adjacent/smhasher3/hashes/superfasthash.cpp:92:4: warning: '$' in identifier [-Wdollar-in-identifier-extension]
   92 |    $.src_url    = "http://www.azillionmonkeys.com/qed/hash.html",
      |    ^
<scratch>/codex/chainhash-m2-adjacent/smhasher3/hashes/superfasthash.cpp:93:4: warning: '$' in identifier [-Wdollar-in-identifier-extension]
   93 |    $.src_status = HashFamilyInfo::SRC_FROZEN
      |    ^
<scratch>/codex/chainhash-m2-adjacent/smhasher3/hashes/superfasthash.cpp:97:4: warning: '$' in identifier [-Wdollar-in-identifier-extension]
   97 |    $.desc       = "Paul Hsieh's SuperFastHash",
      |    ^
<scratch>/codex/chainhash-m2-adjacent/smhasher3/hashes/superfasthash.cpp:98:4: warning: '$' in identifier [-Wdollar-in-identifier-extension]
   98 |    $.hash_flags =
      |    ^
<scratch>/codex/chainhash-m2-adjacent/smhasher3/hashes/superfasthash.cpp:101:4: warning: '$' in identifier [-Wdollar-in-identifier-extension]
  101 |    $.impl_flags =
      |    ^
<scratch>/codex/chainhash-m2-adjacent/smhasher3/hashes/superfasthash.cpp:105:4: warning: '$' in identifier [-Wdollar-in-identifier-extension]
  105 |    $.bits = 32,
      |    ^
<scratch>/codex/chainhash-m2-adjacent/smhasher3/hashes/superfasthash.cpp:106:4: warning: '$' in identifier [-Wdollar-in-identifier-extension]
  106 |    $.verification_LE = 0xCFA52B38,
      |    ^
<scratch>/codex/chainhash-m2-adjacent/smhasher3/hashes/superfasthash.cpp:107:4: warning: '$' in identifier [-Wdollar-in-identifier-extension]
  107 |    $.verification_BE = 0xDF0823CA,
      |    ^
<scratch>/codex/chainhash-m2-adjacent/smhasher3/hashes/superfasthash.cpp:108:4: warning: '$' in identifier [-Wdollar-in-identifier-extension]
  108 |    $.hashfn_native   = SFH<false>,
      |    ^
<scratch>/codex/chainhash-m2-adjacent/smhasher3/hashes/superfasthash.cpp:109:4: warning: '$' in identifier [-Wdollar-in-identifier-extension]
  109 |    $.hashfn_bswap    = SFH<true>
      |    ^
15 warnings generated.
[ 89%] Building CXX object CMakeFiles/SMHasher3Hashlib.dir/hashes/chibihash.cpp.o
In file included from <scratch>/codex/chainhash-m2-adjacent/smhasher3/hashes/o1hash.cpp:39:
<scratch>/codex/chainhash-m2-adjacent/smhasher3/include/hashlib/Hashlib.h:44:20: warning: '$' in identifier [-Wdollar-in-identifier-extension]
   44 |     HashFamilyInfo $(#N);                          \
      |                    ^
<scratch>/codex/chainhash-m2-adjacent/smhasher3/include/hashlib/Hashlib.h:46:12: warning: '$' in identifier [-Wdollar-in-identifier-extension]
   46 |     return $;                                      \
      |            ^
<scratch>/codex/chainhash-m2-adjacent/smhasher3/include/hashlib/Hashlib.h:54:14: warning: '$' in identifier [-Wdollar-in-identifier-extension]
   54 |     HashInfo $(#N, THIS_HASH_FAMILY.name);       \
      |              ^
<scratch>/codex/chainhash-m2-adjacent/smhasher3/include/hashlib/Hashlib.h:56:20: warning: '$' in identifier [-Wdollar-in-identifier-extension]
   56 |     register_hash(&$);                           \
      |                    ^
<scratch>/codex/chainhash-m2-adjacent/smhasher3/include/hashlib/Hashlib.h:57:12: warning: '$' in identifier [-Wdollar-in-identifier-extension]
   57 |     return $;                                    \
      |            ^
<scratch>/codex/chainhash-m2-adjacent/smhasher3/hashes/o1hash.cpp:74:4: warning: '$' in identifier [-Wdollar-in-identifier-extension]
   74 |    $.src_url    = "https://github.com/wangyi-fudan/wyhash/blob/master/old_versions/o1hash.h",
      |    ^
<scratch>/codex/chainhash-m2-adjacent/smhasher3/hashes/o1hash.cpp:75:4: warning: '$' in identifier [-Wdollar-in-identifier-extension]
   75 |    $.src_status = HashFamilyInfo::SRC_FROZEN
      |    ^
<scratch>/codex/chainhash-m2-adjacent/smhasher3/hashes/o1hash.cpp:79:4: warning: '$' in identifier [-Wdollar-in-identifier-extension]
   79 |    $.desc       = "o(1) hash, from wyhash",
      |    ^
<scratch>/codex/chainhash-m2-adjacent/smhasher3/hashes/o1hash.cpp:80:4: warning: '$' in identifier [-Wdollar-in-identifier-extension]
   80 |    $.sort_order = 45,
      |    ^
<scratch>/codex/chainhash-m2-adjacent/smhasher3/hashes/o1hash.cpp:81:4: warning: '$' in identifier [-Wdollar-in-identifier-extension]
   81 |    $.hash_flags =
      |    ^
<scratch>/codex/chainhash-m2-adjacent/smhasher3/hashes/o1hash.cpp:84:4: warning: '$' in identifier [-Wdollar-in-identifier-extension]
   84 |    $.impl_flags =
      |    ^
<scratch>/codex/chainhash-m2-adjacent/smhasher3/hashes/o1hash.cpp:88:4: warning: '$' in identifier [-Wdollar-in-identifier-extension]
   88 |    $.bits = 64,
      |    ^
<scratch>/codex/chainhash-m2-adjacent/smhasher3/hashes/o1hash.cpp:89:4: warning: '$' in identifier [-Wdollar-in-identifier-extension]
   89 |    $.verification_LE = 0xAE049F09,
      |    ^
<scratch>/codex/chainhash-m2-adjacent/smhasher3/hashes/o1hash.cpp:90:4: warning: '$' in identifier [-Wdollar-in-identifier-extension]
   90 |    $.verification_BE = 0x299BD16A,
      |    ^
<scratch>/codex/chainhash-m2-adjacent/smhasher3/hashes/o1hash.cpp:91:4: warning: '$' in identifier [-Wdollar-in-identifier-extension]
   91 |    $.hashfn_native   = o1hash<false>,
      |    ^
<scratch>/codex/chainhash-m2-adjacent/smhasher3/hashes/o1hash.cpp:92:4: warning: '$' in identifier [-Wdollar-in-identifier-extension]
   92 |    $.hashfn_bswap    = o1hash<true>
      |    ^
16 warnings generated.
In file included from <scratch>/codex/chainhash-m2-adjacent/smhasher3/hashes/x17.cpp:28:
<scratch>/codex/chainhash-m2-adjacent/smhasher3/include/hashlib/Hashlib.h:44:20: warning: '$' in identifier [-Wdollar-in-identifier-extension]
   44 |     HashFamilyInfo $(#N);                          \
      |                    ^
<scratch>/codex/chainhash-m2-adjacent/smhasher3/include/hashlib/Hashlib.h:46:12: warning: '$' in identifier [-Wdollar-in-identifier-extension]
   46 |     return $;                                      \
      |            ^
<scratch>/codex/chainhash-m2-adjacent/smhasher3/include/hashlib/Hashlib.h:54:14: warning: '$' in identifier [-Wdollar-in-identifier-extension]
   54 |     HasIn file included from <scratch>/codex/chainhash-m2-adjacent/smhasher3/hashes/murmur_oaat.cpp:28:
<scratch>/codex/chainhash-m2-adjacent/smhasher3/include/hashlib/Hashlib.h:44:20: warning: '$' in identifier [-Wdollar-in-identifier-extension]
hI   44 |   nfo   H$(#N, THIS_HASashFamilyH_FAMILYInfo $(#N);  .name);                        \
      |              ^
       \
      <scratch>/codex/chainhash-m2-adjacent/smhasher3/include/hashlib/Hashlib.h:56|                    ^
:20: warning: '$' in identifier [-Wdollar-in-identifier-extension]
   56 |  <scratch>/codex/chainhash-m2-adjacent/smhasher3/include/hashlib/Hashlib.h:46:12: warning: '$' in identifier [-Wdollar-in-identifier-extension]
   46 |     return $;            register_hash(&$           );                                      \
             \
      |                    ^
|            ^
<scratch>/codex/chainhash-m2-adjacent/smhasher3/include/hashlib/Hashlib.h:57:12:<scratch>/codex/chainhash-m2-adjacent/smhasher3/include/hashlib/Hashlib.h:54: 14: warning: '$' in identifier [-Wdollar-in-identifier-extension]
warning: '$' in identifier [-Wdollar-in-identifier-extension]
   54 |        57 |     HashInfo $(#N, return $THIS_HASH_FAMILY.name);    ;                 \       
      |              ^
        <scratch>/codex/chainhash-m2-adjacent/smhasher3/include/hashlib/Hashlib.h:56     :20: warning: '$' in identifier [-Wdollar-in-identifier-extension]
   56 |     register_h  \
      |            ^
ash(&$);                           \
      |                    ^
<scratch>/codex/chainhash-m2-adjacent/smhasher3/include/hashlib/Hashlib.h:57:12: warning: '$' in identifier [-Wdollar-in-identifier-extension]
   57 |     return $;     <scratch>/codex/chainhash-m2-adjacent/smhasher3/hashes/x17.cpp:48       :4:      warning: '$' in identifier [-Wdollar-in-identifier-extension]
        48 |            $.s      \
      |            ^
rc_url    = "https://github.com/aappleby/smhasher/blob/master/src/Hash<scratch>/codex/chainhash-m2-adjacent/smhasher3/hashes/murmur_oaat.cpp:52es.:4:cpp",
      |    ^
 warning: '$' in identifier [-Wdollar-in-identifier-extension]<scratch>/codex/chainhash-m2-adjacent/smhasher3/hashes/x17.cpp:49
   52 |  :4:  $.src_u warning: '$' in identifier [-Wdollar-in-identifier-extension]
   49 |    $.rl src_status = HashFamily   Inf= "https://gito::hub.com/aaSRCppl_FROZEeby/smN
      hasher/blob/m|    ^
aster/src/Hashes.cpp",
      |    ^
<scratch>/codex/chainhash-m2-adjacent/smhasher3/hashes/murmur_oaat.cpp:53:4: warning: '$' in identifier [-Wdollar-in-identifier-extension]
   53 |    $.src_status = HashFamilyInfo::SRC_FROZEN
      |    ^
<scratch>/codex/chainhash-m2-adjacent/smhasher3/hashes/x17.cpp:53:4: warning: '$' in identifier [-Wdollar-in-identifier-extension]
   53 |    $.desc       = "x17",
      |    ^
<scratch>/codex/chainhash-m2-adjacent/smhasher3/hashes/x17.cpp:54:4: warning: <scratch>/codex/chainhash-m2-adjacent/smhasher3/hashes/murmur_oaat.cpp:57:4: warning: '$' in identifier [-Wdollar-in-identifier-extension]'$' in identifier [-Wdollar-in-identifier-extension]
   54 |  
   57 |      $$.d.haessh_flags =
      |    ^
<scratch>/codex/chainhash-m2-adjacent/smhasher3/hashes/x17.cpp:56:4: warning: c  '$' in identifier [-Wdollar-in-identifier-extension]
   56    |     = $. "Oimpl_flags =
      |    ^
AAT has<scratch>/codex/chainhash-m2-adjacent/smhasher3/hashes/x17.cpp:60:4: warning: '$' in identifier [-Wdollar-in-identifier-extension]
   60 |    $.bits =h based o 32,
      |    ^
<scratch>/codex/chainhash-m2-adjacent/smhasher3/hashes/x17.cpp:61:n Murmur's mix",
4: warning: '$' in identifier [-Wdollar-in-identifier-extension]
      |    ^   61 | 
<scratch>/codex/chainhash-m2-adjacent/smhasher3/hashes/murmur_oaat.cpp:58:4: warning:    $.verification_LE'$' in identifier [-Wdollar-in-identifier-extension]
   58 |    $.has = h_f0x8la128E14C,
      | gs =
      |    ^
<scratch>/codex/chainhash-m2-adjacent/smhasher3/hashes/murmur_oaat.cpp:60:4: warning: '$' in identifier [-Wdollar-in-identifier-extension]
   60 |    $.impl_   ^
<scratch>/codex/chainhash-m2-adjacent/smhasher3/hashes/x17.cpp:62:4: warning: '$' in identifier [-Wdollar-in-identifier-extension]fla
   62 |    $gs .ve=
      rification|    ^
<scratch>/codex/chainhash-m2-adjacent/smhasher3/hashes/murmur_oaat.cpp:65:4: _BEwarning: '$' in identifier [-Wdollar-in-identifier-extension]
 = 0x9AD0   65 | FE22,
      |    $.   ^
<scratch>/codex/chainhash-m2-adjacent/smhasher3/hashes/x17.cpp:63:4: warning: '$' in identifier [-Wdollar-in-identifier-extension]bits = 3
   63 |    $.hashfn_native   = x17<false>2,
,
      |    ^      |    ^
<scratch>/codex/chainhash-m2-adjacent/smhasher3/hashes/murmur_oaat.cpp:66:
<scratch>/codex/chainhash-m2-adjacent/smhasher3/hashes/x17.cpp:64:4:4: warning: '$' in identifier [-Wdollar-in-identifier-extension] warning: '$' in identifier [-Wdollar-in-identifier-extension]
   66 |    
   $.v64 |    $.haerificatioshfn_Ln_bswap    = x17<E = 0x5363BD98tru,
      |    ^
<scratch>/codex/chainhash-m2-adjacent/smhasher3/hashes/murmur_oaat.cpp:67:e>
      |    ^
4: warning: '$' in identifier [-Wdollar-in-identifier-extension]
   67 |    $.verification_BE = 0x29CCE130,
      |    ^
<scratch>/codex/chainhash-m2-adjacent/smhasher3/hashes/murmur_oaat.cpp:68:4: warning: '$' in identifier [-Wdollar-in-identifier-extension]
   68 |    $.hashfn_native   = MurmurOAAT<false>,
      |    ^
<scratch>/codex/chainhash-m2-adjacent/smhasher3/hashes/murmur_oaat.cpp:69:4: warning: '$' in identifier [-Wdollar-in-identifier-extension]
   69 |    $.hashfn_bswap    = MurmurOAAT<true>
      |    ^
[ 90%] Building CXX object CMakeFiles/SMHasher3Hashlib.dir/hashes/mulxp_hash.cpp.o
15 warnings generated.
15 warnings generated.
[ 90%] Building CXX object CMakeFiles/SMHasher3Hashlib.dir/hashes/a5hash.cpp.o
[ 91%] Building CXX object CMakeFiles/SMHasher3Hashlib.dir/hashes/museair.cpp.o
In file included from <scratch>/codex/chainhash-m2-adjacent/smhasher3/hashes/chibihash.cpp:9:
<scratch>/codex/chainhash-m2-adjacent/smhasher3/include/hashlib/Hashlib.h:44:20: warning: '$' in identifier [-Wdollar-in-identifier-extension]
   44 |     HashFamilyInfo $(#N);                          \
      |                    ^
<scratch>/codex/chainhash-m2-adjacent/smhasher3/include/hashlib/Hashlib.h:46:12: warning: '$' in identifier [-Wdollar-in-identifier-extension]
   46 |     return $;                                      \
      |            ^
<scratch>/codex/chainhash-m2-adjacent/smhasher3/include/hashlib/Hashlib.h:54:14: warning: '$' in identifier [-Wdollar-in-identifier-extension]
   54 |     HashInfo $(#N, THIS_HASH_FAMILY.name);       \
      |              ^
<scratch>/codex/chainhash-m2-adjacent/smhasher3/include/hashlib/Hashlib.h:56:20: warning: '$' in identifier [-Wdollar-in-identifier-extension]
   56 |     register_hash(&$);                           \
      |                    ^
<scratch>/codex/chainhash-m2-adjacent/smhasher3/include/hashlib/Hashlib.h:57:12: warning: '$' in identifier [-Wdollar-in-identifier-extension]
   57 |     return $;                                    \
      |            ^
<scratch>/codex/chainhash-m2-adjacent/smhasher3/hashes/chibihash.cpp:74:4: warning: '$' in identifier [-Wdollar-in-identifier-extension]
   74 |    $.src_url    = "https://github.com/N-R-K/ChibiHash",
      |    ^
<scratch>/codex/chainhash-m2-adjacent/smhasher3/hashes/chibihash.cpp:75:4: warning: '$' in identifier [-Wdollar-in-identifier-extension]
   75 |    $.src_status = HashFamilyInfo::SRC_ACTIVE
      |    ^
<scratch>/codex/chainhash-m2-adjacent/smhasher3/hashes/chibihash.cpp:79:4: warning: '$' in identifier [-Wdollar-in-identifier-extension]
   79 |    $.desc            = "ChibiHash64, v2",
      |    ^
<scratch>/codex/chainhash-m2-adjacent/smhasher3/hashes/chibihash.cpp:80:4: warning: '$' in identifier [-Wdollar-in-identifier-extension]
   80 |    $.hash_flags      =
      |    ^
<scratch>/codex/chainhash-m2-adjacent/smhasher3/hashes/chibihash.cpp:82:4: warning: '$' in identifier [-Wdollar-in-identifier-extension]
   82 |    $.impl_flags      =
      |    ^
<scratch>/codex/chainhash-m2-adjacent/smhasher3/hashes/chibihash.cpp:87:4: warning: '$' in identifier [-Wdollar-in-identifier-extension]
   87 |    $.bits            = 64,
      |    ^
<scratch>/codex/chainhash-m2-adjacent/smhasher3/hashes/chibihash.cpp:88:4: warning: '$' in identifier [-Wdollar-in-identifier-extension]
   88 |    $.verification_LE = 0x65ED889A,
      |    ^
<scratch>/codex/chainhash-m2-adjacent/smhasher3/hashes/chibihash.cpp:89:4: warning: '$' in identifier [-Wdollar-in-identifier-extension]
   89 |    $.verification_BE = 0x37C9D593,
      |    ^
<scratch>/codex/chainhash-m2-adjacent/smhasher3/hashes/chibihash.cpp:90:4: warning: '$' in identifier [-Wdollar-in-identifier-extension]
   90 |    $.hashfn_native   = ChibiHash64_V2<false>,
      |    ^
<scratch>/codex/chainhash-m2-adjacent/smhasher3/hashes/chibihash.cpp:91:4: warning: '$' in identifier [-Wdollar-in-identifier-extension]
   91 |    $.hashfn_bswap    = ChibiHash64_V2<true>
      |    ^
15 warnings generated.
[ 92%] Building CXX object CMakeFiles/SMHasher3Hashlib.dir/hashes/w1hash.cpp.o
In file included from <scratch>/codex/chainhash-m2-adjacent/smhasher3/hashes/mulxp_hash.cpp:33:
<scratch>/codex/chainhash-m2-adjacent/smhasher3/include/hashlib/Hashlib.h:44:20: warning: '$' in identifier [-Wdollar-in-identifier-extension]
   44 |     HashFamilyInfo $(#N);                          \
      |                    ^
<scratch>/codex/chainhash-m2-adjacent/smhasher3/include/hashlib/Hashlib.h:46:12: warning: '$' in identifier [-Wdollar-in-identifier-extension]
   46 |     return $;                                      \
      |            ^
<scratch>/codex/chainhash-m2-adjacent/smhasher3/include/hashlib/Hashlib.h:54:14: warning: '$' in identifier [-Wdollar-in-identifier-extension]
   54 |     HashInfo $(#N, THIS_HASH_FAMILY.name);       \
      |              ^
<scratch>/codex/chainhash-m2-adjacent/smhasher3/include/hashlib/Hashlib.h:56:20: warning: '$' in identifier [-Wdollar-in-identifier-extension]
   56 |     register_hash(&$);                           \
      |                    ^
<scratch>/codex/chainhash-m2-adjacent/smhasher3/include/hashlib/Hashlib.h:57:12: warning: '$' in identifier [-Wdollar-in-identifier-extension]
   57 |     return $;                                    \
      |            ^
<scratch>/codex/chainhash-m2-adjacent/smhasher3/hashes/mulxp_hash.cpp:272:4: warning: '$' in identifier [-Wdollar-in-identifier-extension]
  272 |    $.src_url    = "https://github.com/pdimov/mulxp_hash",
      |    ^
<scratch>/codex/chainhash-m2-adjacent/smhasher3/hashes/mulxp_hash.cpp:273:4: warning: '$' in identifier [-Wdollar-in-identifier-extension]
  273 |    $.src_status = HashFamilyInfo::SRC_STABLEISH
      |    ^
<scratch>/codex/chainhash-m2-adjacent/smhasher3/hashes/mulxp_hash.cpp:277:4: warning: '$' in identifier [-Wdollar-in-identifier-extension]
  277 |    $.desc            = "mulxp1_hash, 32-bit version",
      |    ^
<scratch>/codex/chainhash-m2-adjacent/smhasher3/hashes/mulxp_hash.cpp:278:4: warning: '$' in identifier [-Wdollar-in-identifier-extension]
  278 |    $.hash_flags      =
      |    ^
<scratch>/codex/chainhash-m2-adjacent/smhasher3/hashes/mulxp_hash.cpp:280:4: warning: '$' in identifier [-Wdollar-in-identifier-extension]
  280 |    $.impl_flags      =
      |    ^
<scratch>/codex/chainhash-m2-adjacent/smhasher3/hashes/mulxp_hash.cpp:284:4: warning: '$' in identifier [-Wdollar-in-identifier-extension]
  284 |    $.bits            = 32,
      |    ^
<scratch>/codex/chainhash-m2-adjacent/smhasher3/hashes/mulxp_hash.cpp:285:4: warning: '$' in identifier [-Wdollar-in-identifier-extension]
  285 |    $.verification_LE = 0x59CBE0F0,
      |    ^
<scratch>/codex/chainhash-m2-adjacent/smhasher3/hashes/mulxp_hash.cpp:286:4: warning: '$' in identifier [-Wdollar-in-identifier-extension]
  286 |    $.verification_BE = 0x13253F14,
      |    ^
<scratch>/codex/chainhash-m2-adjacent/smhasher3/hashes/mulxp_hash.cpp:287:4: warning: '$' in identifier [-Wdollar-in-identifier-extension]
  287 |    $.hashfn_native   = mulxp1_32<false>,
      |    ^
<scratch>/codex/chainhash-m2-adjacent/smhasher3/hashes/mulxp_hash.cpp:288:4: warning: '$' in identifier [-Wdollar-in-identifier-extension]
  288 |    $.hashfn_bswap    = mulxp1_32<true>
      |    ^
<scratch>/codex/chainhash-m2-adjacent/smhasher3/hashes/mulxp_hash.cpp:292:4: warning: '$' in identifier [-Wdollar-in-identifier-extension]
  292 |    $.desc            = "mulxp1_hash, 64-bit version",
      |    ^
<scratch>/codex/chainhash-m2-adjacent/smhasher3/hashes/mulxp_hash.cpp:293:4: warning: '$' in identifier [-Wdollar-in-identifier-extension]
  293 |    $.hash_flags      =
      |    ^
<scratch>/codex/chainhash-m2-adjacent/smhasher3/hashes/mulxp_hash.cpp:295:4: warning: '$' in identifier [-Wdollar-in-identifier-extension]
  295 |    $.impl_flags      =
      |    ^
<scratch>/codex/chainhash-m2-adjacent/smhasher3/hashes/mulxp_hash.cpp:299:4: warning: '$' in identifier [-Wdollar-in-identifier-extension]
  299 |    $.bits            = 64,
      |    ^
<scratch>/codex/chainhash-m2-adjacent/smhasher3/hashes/mulxp_hash.cpp:300:4: warning: '$' in identifier [-Wdollar-in-identifier-extension]
  300 |    $.verification_LE = 0xA476BA89,
      |    ^
<scratch>/codex/chainhash-m2-adjacent/smhasher3/hashes/mulxp_hash.cpp:301:4: warning: '$' in identifier [-Wdollar-in-identifier-extension]
  301 |    $.verification_BE = 0xA2443FAE,
      |    ^
<scratch>/codex/chainhash-m2-adjacent/smhasher3/hashes/mulxp_hash.cpp:302:4: warning: '$' in identifier [-Wdollar-in-identifier-extension]
  302 |    $.hashfn_native   = mulxp1_64<false>,
      |    ^
<scratch>/codex/chainhash-m2-adjacent/smhasher3/hashes/mulxp_hash.cpp:303:4: warning: '$' in identifier [-Wdollar-in-identifier-extension]
  303 |    $.hashfn_bswap    = mulxp1_64<true>
      |    ^
<scratch>/codex/chainhash-m2-adjacent/smhasher3/hashes/mulxp_hash.cpp:307:4: warning: '$' in identifier [-Wdollar-in-identifier-extension]
  307 |    $.desc            = "mulxp3_hash, 32-bit version",
      |    ^
<scratch>/codex/chainhash-m2-adjacent/smhasher3/hashes/mulxp_hash.cpp:308:4: warning: '$' in identifier [-Wdollar-in-identifier-extension]
  308 |    $.hash_flags      =
      |    ^
<scratch>/codex/chainhash-m2-adjacent/smhasher3/hashes/mulxp_hash.cpp:310:4: warning: '$' in identifier [-Wdollar-in-identifier-extension]
  310 |    $.impl_flags      =
      |    ^
<scratch>/codex/chainhash-m2-adjacent/smhasher3/hashes/mulxp_hash.cpp:314:4: warning: '$' in identifier [-Wdollar-in-identifier-extension]
  314 |    $.bits            = 32,
      |    ^
<scratch>/codex/chainhash-m2-adjacent/smhasher3/hashes/mulxp_hash.cpp:315:4: warning: '$' in identifier [-Wdollar-in-identifier-extension]
  315 |    $.verification_LE = 0x8C944400,
      |    ^
<scratch>/codex/chainhash-m2-adjacent/smhasher3/hashes/mulxp_hash.cpp:316:4: warning: '$' in identifier [-Wdollar-in-identifier-extension]
  316 |    $.verification_BE = 0x2B053E73,
      |    ^
<scratch>/codex/chainhash-m2-adjacent/smhasher3/hashes/mulxp_hash.cpp:317:4: warning: '$' in identifier [-Wdollar-in-identifier-extension]
  317 |    $.hashfn_native   = mulxp3_32<false>,
      |    ^
<scratch>/codex/chainhash-m2-adjacent/smhasher3/hashes/mulxp_hash.cpp:318:4: warning: '$' in identifier [-Wdollar-in-identifier-extension]
  318 |    $.hashfn_bswap    = mulxp3_32<true>
      |    ^
<scratch>/codex/chainhash-m2-adjacent/smhasher3/hashes/mulxp_hash.cpp:322:4: warning: '$' in identifier [-Wdollar-in-identifier-extension]
  322 |    $.desc            = "mulxp3_hash, 64-bit version",
      |    ^
<scratch>/codex/chainhash-m2-adjacent/smhasher3/hashes/mulxp_hash.cpp:323:4: warning: '$' in identifier [-Wdollar-in-identifier-extension]
  323 |    $.hash_flags      =
      |    ^
<scratch>/codex/chainhash-m2-adjacent/smhasher3/hashes/mulxp_hash.cpp:325:4: warning: '$' in identifier [-Wdollar-in-identifier-extension]
  325 |    $.impl_flags      =
      |    ^
<scratch>/codex/chainhash-m2-adjacent/smhasher3/hashes/mulxp_hash.cpp:329:4: warning: '$' in identifier [-Wdollar-in-identifier-extension]
  329 |    $.bits            = 64,
      |    ^
<scratch>/codex/chainhash-m2-adjacent/smhasher3/hashes/mulxp_hash.cpp:330:4: warning: '$' in identifier [-Wdollar-in-identifier-extension]
  330 |    $.verification_LE = 0xB4786096,
      |    ^
<scratch>/codex/chainhash-m2-adjacent/smhasher3/hashes/mulxp_hash.cpp:331:4: warning: '$' in identifier [-Wdollar-in-identifier-extension]
  331 |    $.verification_BE = 0x0F21A9C4,
      |    ^
<scratch>/codex/chainhash-m2-adjacent/smhasher3/hashes/mulxp_hash.cpp:332:4: warning: '$' in identifier [-Wdollar-in-identifier-extension]
  332 |    $.hashfn_native   = mulxp3_64<false>,
      |    ^
<scratch>/codex/chainhash-m2-adjacent/smhasher3/hashes/mulxp_hash.cpp:333:4: warning: '$' in identifier [-Wdollar-in-identifier-extension]
  333 |    $.hashfn_bswap    = mulxp3_64<true>
      |    ^
In file included from <scratch>/codex/chainhash-m2-adjacent/smhasher3/hashes/museair.cpp:10:
<scratch>/codex/chainhash-m2-adjacent/smhasher3/include/hashlib/Hashlib.h:44:20: warning: '$' in identifier [-Wdollar-in-identifier-extension]
   44 |     HashFamilyInfo $(#N);                          \
      |                    ^
<scratch>/codex/chainhash-m2-adjacent/smhasher3/include/hashlib/Hashlib.h:46:12: warning: '$' in identifier [-Wdollar-in-identifier-extension]
   46 |     return $;                                      \
      |            ^
<scratch>/codex/chainhash-m2-adjacent/smhasher3/include/hashlib/Hashlib.h:54:14: warning: '$' in identifier [-Wdollar-in-identifier-extension]
   54 |     HashInfo $(#N, THIS_HASH_FAMILY.name);       \
      |              ^
<scratch>/codex/chainhash-m2-adjacent/smhasher3/include/hashlib/Hashlib.h:56:20: warning: '$' in identifier [-Wdollar-in-identifier-extension]
   56 |     register_hash(&$);                           \
      |                    ^
<scratch>/codex/chainhash-m2-adjacent/smhasher3/include/hashlib/Hashlib.h:57:12: warning: '$' in identifier [-Wdollar-in-identifier-extension]
   57 |     return $;                                    \
      |            ^
<scratch>/codex/chainhash-m2-adjacent/smhasher3/hashes/museair.cpp:268:4: warning: '$' in identifier [-Wdollar-in-identifier-extension]
  268 |    $.src_url    = "https://github.com/eternal-io/museair/",
      |    ^
<scratch>/codex/chainhash-m2-adjacent/smhasher3/hashes/museair.cpp:269:4: warning: '$' in identifier [-Wdollar-in-identifier-extension]
  269 |    $.src_status = HashFamilyInfo::SRC_ACTIVE
      |    ^
In file included from <scratch>/codex/chainhash-m2-adjacent/smhasher3/hashes/a5hash.cpp:28:
<scratch>/codex/chainhash-m2-adjacent/smhasher3/include/hashlib/Hashlib.h:44:20: warning: '$' in identifier [-Wdollar-in-identifier-extension]
   44 |     HashFamilyInfo $(#N);                          \
      |                    ^
<scratch>/codex/chainhash-m2-adjacent/smhasher3/include/hashlib/Hashlib.h:46:12: warning: '$' in identifier [-Wdollar-in-identifier-extension]
   46 |     return $;                                      \
      |            ^
<scratch>/codex/chainhash-m2-adjacent/smhasher3/include/hashlib/Hashlib.h:54:14: warning: '$' in identifier [-Wdollar-in-identifier-extension]
   54 |     HashInfo $<scratch>/codex/chainhash-m2-adjacent/smhasher3/hashes/museair.cpp:273:4: warning: '$' in identifier [-Wdollar-in-identifier-extension]
(#N, THIS_HASH_FAMI  273 |    $.desc  LY.name);                 \
      | = "MuseA             ^
ir v0<scratch>/codex/chainhash-m2-adjacent/smhasher3/include/hashlib/Hashlib.h:56:20: warning: '$' in identifier [-Wdollar-in-identifier-extension]
   56 |     register_h.3",ash(&$);         
      |    ^
                  <scratch>/codex/chainhash-m2-adjacent/smhasher3/hashes/museair.cpp:274:4: warning: '$' in identifier [-Wdollar-in-identifier-extension]
  274 |    $.hash\
      |                    ^
_flags   <scratch>/codex/chainhash-m2-adjacent/smhasher3/include/hashlib/Hashlib.h:57:12: warning:    =
      | '$' in identifier [-Wdollar-in-identifier-extension]
   ^
   57 |   <scratch>/codex/chainhash-m2-adjacent/smhasher3/hashes/museair.cpp:276:4: warning: '$' in identifier [-Wdollar-in-identifier-extension]
  276 |      return $;   $.impl_         flags                 =
      |    ^
          <scratch>/codex/chainhash-m2-adjacent/smhasher3/hashes/museair.cpp:281:4: warning: '$' in identifier [-Wdollar-in-identifier-extension]
  281 |    $.   \
      | bits                 ^
      = 64,
      |    ^
<scratch>/codex/chainhash-m2-adjacent/smhasher3/hashes/museair.cpp:282:4: warning: '$' in identifier [-Wdollar-in-identifier-extension]
  282 |    $.verification_LE = 0xF89F1683,
      |    ^
<scratch>/codex/chainhash-m2-adjacent/smhasher3/hashes/museair.cpp:283:4: warning: '$' in identifier [-Wdollar-in-identifier-extension]
  283 |    $.verification_BE = 0xDFEF2570,
      |    ^
<scratch>/codex/chainhash-m2-adjacent/smhasher3/hashes/museair.cpp:284:4: warning: '$' in identifier [-Wdollar-in-identifier-extension]
  284 |    $.hashfn_native   = MuseAirHash<false, false, false>,
      |    ^
<scratch>/codex/chainhash-m2-adjacent/smhasher3/hashes/museair.cpp:285:4: warning: '$' in identifier [-Wdollar-in-identifier-extension]
  285 |    $.hashfn_bswap    = MuseAirHash<true, false, false>
      |    ^
<scratch>/codex/chainhash-m2-adjacent/smhasher3/hashes/museair.cpp:289:4: warning: '$' in identifier [-Wdollar-in-identifier-extension]
  289 |    $.desc            = "MuseAir v0.3, bfast version",
      |    ^
<scratch>/codex/chainhash-m2-adjacent/smhasher3/hashes/museair.cpp:290:4: warning: '$' in identifier [-Wdollar-in-identifier-extension]
  290 |    $.hash_flags      =
      |    ^
<scratch>/codex/chainhash-m2-adjacent/smhasher3/hashes/museair.cpp:292:4: warning: '$' in identifier [-Wdollar-in-identifier-extension]
  292 |    $.impl_flags      =
      |    ^
<scratch>/codex/chainhash-m2-adjacent/smhasher3/hashes/museair.cpp:297:4: warning: '$' in identifier [-Wdollar-in-identifier-extension]
  297 |    $.bits     <scratch>/codex/chainhash-m2-adjacent/smhasher3/hashes/a5hash.cpp:455:4: warning: '$' in identifier [-Wdollar-in-identifier-extension]   
    = 64,
      |    ^
  455 |    $<scratch>/codex/chainhash-m2-adjacent/smhasher3/hashes/museair.cpp:298:4.src_url: warning: '$' in identifier [-Wdollar-in-identifier-extension]
  298 |    $.verifi    = cation_L"https://github.E = 0xC6com/avan1BEE56eev/a5hash",
      |    ^,
      |    ^

<scratch>/codex/chainhash-m2-adjacent/smhasher3/hashes/a5hash.cpp:456:4: warning: '$' in identifier [-Wdollar-in-identifier-extension]<scratch>/codex/chainhash-m2-adjacent/smhasher3/hashes/museair.cpp:299:4
: warning: '$' in identifier [-Wdollar-in-identifier-extension]
  299 |    $.  456 |    $.src_verificatstatus ion_BE == HashF 0x16186amilyInfo::SD00,
      |    ^RC_STAB
LEISH
      |    ^
<scratch>/codex/chainhash-m2-adjacent/smhasher3/hashes/museair.cpp:300:4: warning: '$' in identifier [-Wdollar-in-identifier-extension]
  300 |    $.hashfn_native   = MuseAirHash<false, true, false>,
      |    ^
<scratch>/codex/chainhash-m2-adjacent/smhasher3/hashes/museair.cpp:301:4: warning: '$' in identifier [-Wdollar-in-identifier-extension]
  301 |    $.hashfn_bswap    = MuseAirHash<true, true, false>
      |    ^
<scratch>/codex/chainhash-m2-adjacent/smhasher3/hashes/a5hash.cpp:460:4: warning: '$' in identifier [-Wdollar-in-identifier-extension]
  460 |    $.desc       = "a5hash v5.21, 64-bit version",
      |    ^
<scratch>/codex/chainhash-m2-adjacent/smhasher3/hashes/a5hash.cpp:461:4: warning: '$' in identifier [-Wdollar-in-identifier-extension]
  461 |    $.hash_flags =
      |    ^
<scratch>/codex/chainhash-m2-adjacent/smhasher3/hashes/a5hash.cpp:463:4: warning: '$' in identifier [-Wdollar-in-identifier-extension]
  463 |    $.impl_flags =
      |    ^
<scratch>/codex/chainhash-m2-adjacent/smhasher3/hashes/a5hash.cpp:467:4: warning: '$' in identifier [-Wdollar-in-identifier-extension]
  467 |    $.bits = 64,
      |    ^
<scratch>/codex/chainhash-m2-adjacent/smhasher3/hashes/a5hash.cpp:468:4: warning: '$' in identifier [-Wdollar-in-identifier-extension]
  468 |    $.verification_LE = 0xADDE79B3,
      |    ^
<scratch>/codex/chainhash-m2-adjacent/smhasher3/hashes/a5hash.cpp:469:4: warning: '$' in identifier [-Wdollar-in-identifier-extension]
  469 |    $.verification_BE = 0x11A303D0,
      |    ^
<scratch>/codex/chainhash-m2-adjacent/smhasher3/hashes/a5hash.cpp:470:4: warning: '$' in identifier [-Wdollar-in-identifier-extension]
  470 |    $.hashfn_native   = a5hash_64<false>,
      |    ^
<scratch>/codex/chainhash-m2-adjacent/smhasher3/hashes/a5hash.cpp:471:4: warning: '$' in identifier [-Wdollar-in-identifier-extension]
  471 |    $.hashfn_bswap    = a5hash_64<true>
      |    ^
<scratch>/codex/chainhash-m2-adjacent/smhasher3/hashes/museair.cpp:305:4: warning: '$' in identifier [-Wdollar-in-identifier-extension]
  305 |    $.desc          <scratch>/codex/chainhash-m2-adjacent/smhasher3/hashes/a5hash.cpp:475:4:   = "MuseAirwarning: '$' in identifier [-Wdollar-in-identifier-extension]
 v0  475 | .3, 128    bi$.desc     ts",
      |    ^
<scratch>/codex/chainhash-m2-adjacent/smhasher3/hashes/museair.cpp:306  =:4: "a5hash v5 warning: '$' in identifier [-Wdollar-in-identifier-extension].21
  306 |    $.has, 32-bit version",
      |    ^
<scratch>/codex/chainhash-m2-adjacent/smhasher3/hashes/a5hash.cpp:476:4: h_fwarning: '$' in identifier [-Wdollar-in-identifier-extension]
lags     476   =
      |    ^
<scratch>/codex/chainhash-m2-adjacent/smhasher3/hashes/museair.cpp:308:4: warning: '$' in identifier [-Wdollar-in-identifier-extension]
  308 |    $.impl_f |    $lags     .hash_flags =
      |    ^
 =
      |    ^
<scratch>/codex/chainhash-m2-adjacent/smhasher3/hashes/a5hash.cpp:479<scratch>/codex/chainhash-m2-adjacent/smhasher3/hashes/museair.cpp:313::4: warning: '$' in identifier [-Wdollar-in-identifier-extension]
4: warning:   479 | '$' in identifier [-Wdollar-in-identifier-extension]
  313 |       $$.i.bits        mpl   _fl = ags128 =
,
            |    ^
<scratch>/codex/chainhash-m2-adjacent/smhasher3/hashes/a5hash.cpp:483:4: |    ^
warning: '$' in identifier [-Wdollar-in-identifier-extension]
  483 |    $.bits = 32,
      |    ^
<scratch>/codex/chainhash-m2-adjacent/smhasher3/hashes/a5hash.cpp:<scratch>/codex/chainhash-m2-adjacent/smhasher3/hashes/museair.cpp:314484:4: warning: '$' in identifier [-Wdollar-in-identifier-extension]
  :4: warning: '$' in identifier [-Wdollar-in-identifier-extension]
  314 |    484 |  $.v  $erification_LE.ve = 0xD3DFE238,
rif      |    ^
ica<scratch>/codex/chainhash-m2-adjacent/smhasher3/hashes/museair.cpp:315tion_L:4:E = warning: '$' in identifier [-Wdollar-in-identifier-extension] 0x
  315 |    $A948D11B,
      |    ^
<scratch>/codex/chainhash-m2-adjacent/smhasher3/hashes/a5hash.cpp:485:.verification4: warning: '$' in identifier [-Wdollar-in-identifier-extension]
_BE  485 |     = $.v0x0eri5ECfic3BEati4,
      |    ^
<scratch>/codex/chainhash-m2-adjacent/smhasher3/hashes/museair.cpp:316:4: warning: '$' in identifier [-Wdollar-in-identifier-extension]
  316 |   on_ $.hashfn_nativeBE    = MuseAirHash<fals= 0e, x9C6false, true>,
      |    ^
<scratch>/codex/chainhash-m2-adjacent/smhasher3/hashes/museair.cpp:317:4: warning: '$' in identifier [-Wdollar-in-identifier-extension]
196A0,
      |    ^
<scratch>/codex/chainhash-m2-adjacent/smhasher3/hashes/a5hash.cpp:486:4  317 |    $.hashfn: warning: '$' in identifier [-Wdollar-in-identifier-extension]
_bswap  486 |        = MuseA$.hashfirHash<trn_natiue, fave   = a5hash_32<false>,
      |    ^
lse, true<scratch>/codex/chainhash-m2-adjacent/smhasher3/hashes/a5hash.cpp:487>
      :4:|    ^
 warning: '$' in identifier [-Wdollar-in-identifier-extension]
  487 |    $.hashfn_bswap    = a5hash_32<true>
      |    ^
<scratch>/codex/chainhash-m2-adjacent/smhasher3/hashes/museair.cpp:321:4: warning: '$' in identifier [-Wdollar-in-identifier-extension]
  321 |    $.desc            = "MuseAir v0.3, 128 bits, bfast version",
      |    ^
<scratch>/codex/chainhash-m2-adjacent/smhasher3/hashes/museair.cpp:322:4: warning: '$' in identifier [-Wdollar-in-identifier-extension]
  322 |    $.hash_flags      =
      |    ^
<scratch>/codex/chainhash-m2-adjacent/smhasher3/hashes/museair.cpp:324:4: warning: '$' in identifier [-Wdollar-in-identifier-extension]
  324 |    $.impl_flags      =<scratch>/codex/chainhash-m2-adjacent/smhasher3/hashes/a5hash.cpp:491:4: warning: 
      |    ^
'$' in identifier [-Wdollar-in-identifier-extension]
<scratch>/codex/chainhash-m2-adjacent/smhasher3/hashes/museair.cpp:329:4: warning: '$' in identifier [-Wdollar-in-identifier-extension]
  329 |    $.bits            = 128,
      |      ^
<scratch>/codex/chainhash-m2-adjacent/smhasher3/hashes/museair.cpp:330:4: warning: '$' in identifier [-Wdollar-in-identifier-extension]
  330 |   491 |   $.verification_LE = 0x27939BF  $1,
      |    ^
.de<scratch>/codex/chainhash-m2-adjacent/smhasher3/hashes/museair.cpp:331:4:sc       = "a warning: '$' in identifier [-Wdollar-in-identifier-extension]
  331 |    $.verifica5hash v5.21, 128tion_BE =-bit versi 0xCB4AB283on",
      |    ^
,
      |    ^
<scratch>/codex/chainhash-m2-adjacent/smhasher3/hashes/museair.cpp:332:4: warning: '$' in identifier [-Wdollar-in-identifier-extension]
<scratch>/codex/chainhash-m2-adjacent/smhasher3/hashes/a5hash.cpp:492:4: warning: '$' in identifier [-Wdollar-in-identifier-extension]
  492 |    $.hash_f  332 |    $.hashfn_native   = Muslags =
      |    ^
eAirHash<scratch>/codex/chainhash-m2-adjacent/smhasher3/hashes/a5hash.cpp:494<false, tru:4: warning: '$' in identifier [-Wdollar-in-identifier-extension]
  494 |    e, true>,
$.impl_flags =
      |    ^
      |    ^
<scratch>/codex/chainhash-m2-adjacent/smhasher3/hashes/museair.cpp:333:4: warning: <scratch>/codex/chainhash-m2-adjacent/smhasher3/hashes/a5hash.cpp:498:4: warning: '$' in identifier [-Wdollar-in-identifier-extension]
'$' in identifier [-Wdollar-in-identifier-extension]
  333 |    $.hashfn_bswap  498 |    $.    = Mbits = 128,
      | useAirHa   ^
<scratch>/codex/chainhash-m2-adjacent/smhasher3/hashes/a5hash.cpp:499:4: warning: '$' in identifier [-Wdollar-in-identifier-extension]
  499 |    $.verifsh<true, true, true>
      |    ^
ication_LE = 0x89406B11,
      |    ^
<scratch>/codex/chainhash-m2-adjacent/smhasher3/hashes/a5hash.cpp:500:4: warning: '$' in identifier [-Wdollar-in-identifier-extension]
  500 |    $.verification_BE = 0x890F41CB,
      |    ^
<scratch>/codex/chainhash-m2-adjacent/smhasher3/hashes/a5hash.cpp:501:4: warning: '$' in identifier [-Wdollar-in-identifier-extension]
  501 |    $.hashfn_native   = a5hash_128<false>,
      |    ^
<scratch>/codex/chainhash-m2-adjacent/smhasher3/hashes/a5hash.cpp:502:4: warning: '$' in identifier [-Wdollar-in-identifier-extension]
  502 |    $.hashfn_bswap    = a5hash_128<true>
      |    ^
<scratch>/codex/chainhash-m2-adjacent/smhasher3/hashes/a5hash.cpp:506:4: warning: '$' in identifier [-Wdollar-in-identifier-extension]
  506 |    $.desc       = "a5hash v5.21, 128-bit version, 64-bit truncated (rh==NULL)",
      |    ^
<scratch>/codex/chainhash-m2-adjacent/smhasher3/hashes/a5hash.cpp:507:4: warning: '$' in identifier [-Wdollar-in-identifier-extension]
  507 |    $.hash_flags =
      |    ^
<scratch>/codex/chainhash-m2-adjacent/smhasher3/hashes/a5hash.cpp:509:4: warning: '$' in identifier [-Wdollar-in-identifier-extension]
  509 |    $.impl_flags =
      |    ^
<scratch>/codex/chainhash-m2-adjacent/smhasher3/hashes/a5hash.cpp:513:4: warning: '$' in identifier [-Wdollar-in-identifier-extension]
  513 |    $.bits = 64,
      |    ^
<scratch>/codex/chainhash-m2-adjacent/smhasher3/hashes/a5hash.cpp:514:4: warning: '$' in identifier [-Wdollar-in-identifier-extension]
  514 |    $.verification_LE = 0x14AD402C,
      |    ^
<scratch>/codex/chainhash-m2-adjacent/smhasher3/hashes/a5hash.cpp:515:4: warning: '$' in identifier [-Wdollar-in-identifier-extension]
  515 |    $.verification_BE = 0xA500372C,
      |    ^
<scratch>/codex/chainhash-m2-adjacent/smhasher3/hashes/a5hash.cpp:516:4: warning: '$' in identifier [-Wdollar-in-identifier-extension]
  516 |    $.hashfn_native   = a5hash_128_64<false>,
      |    ^
<scratch>/codex/chainhash-m2-adjacent/smhasher3/hashes/a5hash.cpp:517:4: warning: '$' in identifier [-Wdollar-in-identifier-extension]
  517 |    $.hashfn_bswap    = a5hash_128_64<true>
      |    ^
39 warnings generated.
[ 92%] Building CXX object CMakeFiles/SMHasher3Hashlib.dir/hashes/xmsx.cpp.o
39 warnings generated.
[ 94%] Building CXX object CMakeFiles/SMHasher3Hashlib.dir/hashes/gxhash.cpp.o
39 warnings generated.
In file included from <scratch>/codex/chainhash-m2-adjacent/smhasher3/hashes/w1hash.cpp:33:
<scratch>/codex/chainhash-m2-adjacent/smhasher3/include/hashlib/Hashlib.h:44:20: warning: '$' in identifier [-Wdollar-in-identifier-extension]
   44 |     HashFamilyInfo $(#N);                          \
      |                    ^
<scratch>/codex/chainhash-m2-adjacent/smhasher3/include/hashlib/Hashlib.h:46:12: warning: '$' in identifier [-Wdollar-in-identifier-extension]
   46 |     return $;                                      \
      |            ^
<scratch>/codex/chainhash-m2-adjacent/smhasher3/include/hashlib/Hashlib.h:54:14: warning: '$' in identifier [-Wdollar-in-identifier-extension]
   54 |     HashInfo $(#N, THIS_HASH_FAMILY.name);       \
      |              ^
<scratch>/codex/chainhash-m2-adjacent/smhasher3/include/hashlib/Hashlib.h:56:20: warning: '$' in identifier [-Wdollar-in-identifier-extension]
   56 |     register_hash(&$);                           \
      |                    ^
<scratch>/codex/chainhash-m2-adjacent/smhasher3/include/hashlib/Hashlib.h:57:12: warning: '$' in identifier [-Wdollar-in-identifier-extension]
   57 |     return $;                                    \
      |            ^
<scratch>/codex/chainhash-m2-adjacent/smhasher3/hashes/w1hash.cpp:206:4: warning: '$' in identifier [-Wdollar-in-identifier-extension]
  206 |    $.src_url    = "https://github.com/peterrk/w1hash",
      |    ^
<scratch>/codex/chainhash-m2-adjacent/smhasher3/hashes/w1hash.cpp:207:4: warning: '$' in identifier [-Wdollar-in-identifier-extension]
  207 |    $.src_status = HashFamilyInfo::SRC_STABLEISH
      |    ^
<scratch>/codex/chainhash-m2-adjacent/smhasher3/hashes/w1hash.cpp:211:4: warning: '$' in identifier [-Wdollar-in-identifier-extension]
  211 |    $.desc            = "w1hash",
      |    ^
<scratch>/codex/chainhash-m2-adjacent/smhasher3/hashes/w1hash.cpp:212:4: warning: '$' in identifier [-Wdollar-in-identifier-extension]
  212 |    $.impl            = w1_readimpl_str[SM3_W1_UB_READS],
      |    ^
<scratch>/codex/chainhash-m2-adjacent/smhasher3/hashes/w1hash.cpp:213:4: warning: '$' in identifier [-Wdollar-in-identifier-extension]
  213 |    $.hash_flags      =
      |    ^
<scratch>/codex/chainhash-m2-adjacent/smhasher3/hashes/w1hash.cpp:215:4: warning: '$' in identifier [-Wdollar-in-identifier-extension]
  215 |    $.impl_flags      =
      |    ^
<scratch>/codex/chainhash-m2-adjacent/smhasher3/hashes/w1hash.cpp:219:4: warning: '$' in identifier [-Wdollar-in-identifier-extension]
  219 |    $.bits            = 64,
      |    ^
<scratch>/codex/chainhash-m2-adjacent/smhasher3/hashes/w1hash.cpp:220:4: warning: '$' in identifier [-Wdollar-in-identifier-extension]
  220 |    $.verification_LE = 0x648948F1,
      |    ^
<scratch>/codex/chainhash-m2-adjacent/smhasher3/hashes/w1hash.cpp:221:4: warning: '$' in identifier [-Wdollar-in-identifier-extension]
  221 |    $.verification_BE = 0xD69F31A0,
      |    ^
<scratch>/codex/chainhash-m2-adjacent/smhasher3/hashes/w1hash.cpp:222:4: warning: '$' in identifier [-Wdollar-in-identifier-extension]
  222 |    $.hashfn_native   = w1hash<false>,
      |    ^
<scratch>/codex/chainhash-m2-adjacent/smhasher3/hashes/w1hash.cpp:223:4: warning: '$' in identifier [-Wdollar-in-identifier-extension]
  223 |    $.hashfn_bswap    = w1hash<true>
      |    ^
[ 95%] Building CXX object CMakeFiles/SMHasher3Hashlib.dir/hashes/rust-rapidhash.cpp.o
16 warnings generated.
[ 95%] Building C object CMakeFiles/SMHasher3Hashlib.dir/hashes/vendor/umash/umash_impl.c.o
In file included from <scratch>/codex/chainhash-m2-adjacent/smhasher3/hashes/xmsx.cpp:30:
<scratch>/codex/chainhash-m2-adjacent/smhasher3/include/hashlib/Hashlib.h:44:20: warning: '$' in identifier [-Wdollar-in-identifier-extension]
   44 |     HashFamilyInfo $(#N);                          \
      |                    ^
<scratch>/codex/chainhash-m2-adjacent/smhasher3/include/hashlib/Hashlib.h:46:12: warning: '$' in identifier [-Wdollar-in-identifier-extension]
   46 |     return $;                                      \
      |            ^
<scratch>/codex/chainhash-m2-adjacent/smhasher3/include/hashlib/Hashlib.h:54:14: warning: '$' in identifier [-Wdollar-in-identifier-extension]
   54 |     HashInfo $(#N, THIS_HASH_FAMILY.name);       \
      |              ^
<scratch>/codex/chainhash-m2-adjacent/smhasher3/include/hashlib/Hashlib.h:56:20: warning: '$' in identifier [-Wdollar-in-identifier-extension]
   56 |     register_hash(&$);                           \
      |                    ^
<scratch>/codex/chainhash-m2-adjacent/smhasher3/include/hashlib/Hashlib.h:57:12: warning: '$' in identifier [-Wdollar-in-identifier-extension]
   57 |     return $;                                    \
      |            ^
<scratch>/codex/chainhash-m2-adjacent/smhasher3/hashes/xmsx.cpp:94:4: warning: '$' in identifier [-Wdollar-in-identifier-extension]
   94 |    $.src_url    = "https://github.com/dlebed/smhasher",
      |    ^
<scratch>/codex/chainhash-m2-adjacent/smhasher3/hashes/xmsx.cpp:95:4: warning: '$' in identifier [-Wdollar-in-identifier-extension]
   95 |    $.src_status = HashFamilyInfo::SRC_STABLEISH
      |    ^
<scratch>/codex/chainhash-m2-adjacent/smhasher3/hashes/xmsx.cpp:99:4: warning: '$' in identifier [-Wdollar-in-identifier-extension]
   99 |    $.desc       = "xmsx (XOR - Multiply - Shift - XOR) Hash",
      |    ^
<scratch>/codex/chainhash-m2-adjacent/smhasher3/hashes/xmsx.cpp:100:4: warning: '$' in identifier [-Wdollar-in-identifier-extension]
  100 |    $.hash_flags =
      |    ^
<scratch>/codex/chainhash-m2-adjacent/smhasher3/hashes/xmsx.cpp:102:4: warning: '$' in identifier [-Wdollar-in-identifier-extension]
  102 |    $.impl_flags =
      |    ^
<scratch>/codex/chainhash-m2-adjacent/smhasher3/hashes/xmsx.cpp:106:4: warning: '$' in identifier [-Wdollar-in-identifier-extension]
  106 |    $.bits = 32,
      |    ^
<scratch>/codex/chainhash-m2-adjacent/smhasher3/hashes/xmsx.cpp:107:4: warning: '$' in identifier [-Wdollar-in-identifier-extension]
  107 |    $.verification_LE = 0x6B54E1D4,
      |    ^
<scratch>/codex/chainhash-m2-adjacent/smhasher3/hashes/xmsx.cpp:108:4: warning: '$' in identifier [-Wdollar-in-identifier-extension]
  108 |    $.verification_BE = 0x2E9167AB,
      |    ^
<scratch>/codex/chainhash-m2-adjacent/smhasher3/hashes/xmsx.cpp:109:4: warning: '$' in identifier [-Wdollar-in-identifier-extension]
  109 |    $.hashfn_native   = xmsx<false>,
      |    ^
<scratch>/codex/chainhash-m2-adjacent/smhasher3/hashes/xmsx.cpp:110:4: warning: '$' in identifier [-Wdollar-in-identifier-extension]
  110 |    $.hashfn_bswap    = xmsx<true>
      |    ^
15 warnings generated.
[ 96%] Building C object CMakeFiles/SMHasher3Hashlib.dir/hashes/vendor/umash/umash_bswap.c.o
In file included from <scratch>/codex/chainhash-m2-adjacent/smhasher3/hashes/gxhash.cpp:28:
<scratch>/codex/chainhash-m2-adjacent/smhasher3/include/hashlib/Hashlib.h:44:20: warning: '$' in identifier [-Wdollar-in-identifier-extension]
   44 |     HashFamilyInfo $(#N);                          \
      |                    ^
<scratch>/codex/chainhash-m2-adjacent/smhasher3/include/hashlib/Hashlib.h:46:12: warning: '$' in identifier [-Wdollar-in-identifier-extension]
   46 |     return $;                                      \
      |            ^
<scratch>/codex/chainhash-m2-adjacent/smhasher3/include/hashlib/Hashlib.h:54:14: warning: '$' in identifier [-Wdollar-in-identifier-extension]
   54 |     HashInfo $(#N, THIS_HASH_FAMILY.name);       \
      |              ^
<scratch>/codex/chainhash-m2-adjacent/smhasher3/include/hashlib/Hashlib.h:56:20: warning: '$' in identifier [-Wdollar-in-identifier-extension]
   56 |     register_hash(&$);                           \
      |                    ^
<scratch>/codex/chainhash-m2-adjacent/smhasher3/include/hashlib/Hashlib.h:57:12: warning: '$' in identifier [-Wdollar-in-identifier-extension]
   57 |     return $;                                    \
      |            ^
[ 96%] Building C object CMakeFiles/SMHasher3Hashlib.dir/hashes/vendor/clhash/clhash.c.o
In file included from <scratch>/codex/chainhash-m2-adjacent/smhasher3/hashes/rust-rapidhash.cpp:32:
<scratch>/codex/chainhash-m2-adjacent/smhasher3/include/hashlib/Hashlib.h:44:20: warning: '$' in identifier [-Wdollar-in-identifier-extension]
   44 |     HashFamilyInfo $(#N);                          \
      |                    ^
<scratch>/codex/chainhash-m2-adjacent/smhasher3/include/hashlib/Hashlib.h:46:12: warning: '$' in identifier [-Wdollar-in-identifier-extension]
   46 |     return $;                                      \
      |            ^
<scratch>/codex/chainhash-m2-adjacent/smhasher3/include/hashlib/Hashlib.h:54:14: warning: '$' in identifier [-Wdollar-in-identifier-extension]
   54 |     HashInfo $(#N, THIS_HASH_FAMILY.name);       \
      |              ^
<scratch>/codex/chainhash-m2-adjacent/smhasher3/include/hashlib/Hashlib.h:56:20: warning: '$' in identifier [-Wdollar-in-identifier-extension]
   56 |     register_hash(&$);                           \
      |                    ^
<scratch>/codex/chainhash-m2-adjacent/smhasher3/include/hashlib/Hashlib.h:57:12: warning: '$' in identifier [-Wdollar-in-identifier-extension]
   57 |     return $;                                    \
      |            ^
<scratch>/codex/chainhash-m2-adjacent/smhasher3/hashes/rust-rapidhash.cpp:411:4: warning: '$' in identifier [-Wdollar-in-identifier-extension]
  411 |    $.src_url    = "https://github.com/hoxxep/rapidhash",
      |    ^
<scratch>/codex/chainhash-m2-adjacent/smhasher3/hashes/rust-rapidhash.cpp:412:4: warning: '$' in identifier [-Wdollar-in-identifier-extension]
  412 |    $.src_status = HashFamilyInfo::SRC_ACTIVE
      |    ^
<scratch>/codex/chainhash-m2-adjacent/smhasher3/hashes/rust-rapidhash.cpp:424:4: warning: '$' in identifier [-Wdollar-in-identifier-extension]
  424 |    $.desc       = "rapidhash rust, quality::RapidHasher::new()",
      |    ^
<scratch>/codex/chainhash-m2-adjacent/smhasher3/hashes/rust-rapidhash.cpp:425:4: warning: '$' in identifier [-Wdollar-in-identifier-extension]
  425 |    $.sort_order = 0,
      |    ^
<scratch>/codex/chainhash-m2-adjacent/smhasher3/hashes/rust-rapidhash.cpp:426:4: warning: '$' in identifier [-Wdollar-in-identifier-extension]
  426 |    $.hash_flags =
      |    ^
<scratch>/codex/chainhash-m2-adjacent/smhasher3/hashes/rust-rapidhash.cpp:428:4: warning: '$' in identifier [-Wdollar-in-identifier-extension]
  428 |    $.impl_flags =
      |    ^
<scratch>/codex/chainhash-m2-adjacent/smhasher3/hashes/rust-rapidhash.cpp:431:4: warning: '$' in identifier [-Wdollar-in-identifier-extension]
  431 |    $.bits = 64,
      |    ^
<scratch>/codex/chainhash-m2-adjacent/smhasher3/hashes/rust-rapidhash.cpp:432:4: warning: '$' in identifier [-Wdollar-in-identifier-extension]
  432 |    $.verification_LE = 0x562EF848,
      |    ^
<scratch>/codex/chainhash-m2-adjacent/smhasher3/hashes/rust-rapidhash.cpp:433:4: warning: '$' in identifier [-Wdollar-in-identifier-extension]
  433 |    $.verification_BE = 0x714A6798,
      |    ^
<scratch>/codex/chainhash-m2-adjacent/smhasher3/hashes/rust-rapidhash.cpp:434:4: warning: '$' in identifier [-Wdollar-in-identifier-extension]
  434 |    $.hashfn_native   = RustRapidHash64<false, UNROLLED_FLAG, PROTECTED_FLAG, false, true, false>,
      |    ^
<scratch>/codex/chainhash-m2-adjacent/smhasher3/hashes/rust-rapidhash.cpp:435:4: warning: '$' in identifier [-Wdollar-in-identifier-extension]
  435 |    $.hashfn_bswap    = RustRapidHash64<true, UNROLLED_FLAG, PROTECTED_FLAG, false, true, false>,
      |    ^
<scratch>/codex/chainhash-m2-adjacent/smhasher3/hashes/rust-rapidhash.cpp:436:4: warning: '$' in identifier [-Wdollar-in-identifier-extension]
  436 |    $.seedfn          = rapidhash_seed
      |    ^
<scratch>/codex/chainhash-m2-adjacent/smhasher3/hashes/rust-rapidhash.cpp:440:4: warning: '$' in identifier [-Wdollar-in-identifier-extension]
  440 |    $.desc       = "rapidhash rust, quality::SeedableState::new()",
      |    ^
<scratch>/codex/chainhash-m2-adjacent/smhasher3/hashes/rust-rapidhash.cpp:441:4: warning: '$' in identifier [-Wdollar-in-identifier-extension]
  441 |    $.sort_order = 10,
      |    ^
<scratch>/codex/chainhash-m2-adjacent/smhasher3/hashes/rust-rapidhash.cpp:442:4: warning: '$' in identifier [-Wdollar-in-identifier-extension]
  442 |    $.hash_flags =
      |    ^
<scratch>/codex/chainhash-m2-adjacent/smhasher3/hashes/rust-rapidhash.cpp:444:4: warning: '$' in identifier [-Wdollar-in-identifier-extension]
  444 |    $.impl_flags =
      |    ^
<scratch>/codex/chainhash-m2-adjacent/smhasher3/hashes/rust-rapidhash.cpp:447:4: warning: '$' in identifier [-Wdollar-in-identifier-extension]
  447 |    $.bits = 64,
      |    ^
<scratch>/codex/chainhash-m2-adjacent/smhasher3/hashes/rust-rapidhash.cpp:448:4: warning: '$' in identifier [-Wdollar-in-identifier-extension]
  448 |    $.verification_LE = 0x9E0838C9,
      |    ^
<scratch>/codex/chainhash-m2-adjacent/smhasher3/hashes/rust-rapidhash.cpp:449:4: warning: '$' in identifier [-Wdollar-in-identifier-extension]
  449 |    $.verification_BE = 0x1C2AC079,
      |    ^
<scratch>/codex/chainhash-m2-adjacent/smhasher3/hashes/rust-rapidhash.cpp:450:4: warning: '$' in identifier [-Wdollar-in-identifier-extension]
  450 |    $.hashfn_native   = RustRapidHash64<false, UNROLLED_FLAG, PROTECTED_FLAG, false, true, true>,
      |    ^
<scratch>/codex/chainhash-m2-adjacent/smhasher3/hashes/rust-rapidhash.cpp:451:4: warning: '$' in identifier [-Wdollar-in-identifier-extension]
  451 |    $.hashfn_bswap    = RustRapidHash64<true, UNROLLED_FLAG, PROTECTED_FLAG, false, true, true>,
      |    ^
<scratch>/codex/chainhash-m2-adjacent/smhasher3/hashes/rust-rapidhash.cpp:452:4: warning: '$' in identifier [-Wdollar-in-identifier-extension]
  452 |    $.seedfn          = create_secrets_from_seed
      |    ^
<scratch>/codex/chainhash-m2-adjacent/smhasher3/hashes/rust-rapidhash.cpp:456:4: warning: '$' in identifier [-Wdollar-in-identifier-extension]
  456 |    $.desc       = "rapidhash rust, fast::RapidHasher::new()",
      |    ^
<scratch>/codex/chainhash-m2-adjacent/smhasher3/hashes/rust-rapidhash.cpp:457:4: warning: '$' in identifier [-Wdollar-in-identifier-extension]
  457 |    $.sort_order = 20,
      |    ^
<scratch>/codex/chainhash-m2-adjacent/smhasher3/hashes/rust-rapidhash.cpp:458:4: warning: '$' in identifier [-Wdollar-in-identifier-extension]
  458 |    $.hash_flags =
      |    ^
<scratch>/codex/chainhash-m2-adjacent/smhasher3/hashes/rust-rapidhash.cpp:460:4: warning: '$' in identifier [-Wdollar-in-identifier-extension]
  460 |    $.impl_flags =
      |    ^
<scratch>/codex/chainhash-m2-adjacent/smhasher3/hashes/rust-rapidhash.cpp:463:4: warning: '$' in identifier [-Wdollar-in-identifier-extension]
  463 |    $.bits = 64,
      |    ^
<scratch>/codex/chainhash-m2-adjacent/smhasher3/hashes/rust-rapidhash.cpp:464:4: warning: '$' in identifier [-Wdollar-in-identifier-extension]
  464 |    $.verification_LE = 0xB891F260,
      |    ^
<scratch>/codex/chainhash-m2-adjacent/smhasher3/hashes/rust-rapidhash.cpp:465:4: warning: '$' in identifier [-Wdollar-in-identifier-extension]
  465 |    $.verification_BE = 0x7B75C39E,
      |    ^
<scratch>/codex/chainhash-m2-adjacent/smhasher3/hashes/rust-rapidhash.cpp:466:4: warning: '$' in identifier [-Wdollar-in-identifier-extension]
  466 |    $.hashfn_native   = RustRapidHash64<false, UNROLLED_FLAG, PROTECTED_FLAG, false, false, false>,
      |    ^
<scratch>/codex/chainhash-m2-adjacent/smhasher3/hashes/rust-rapidhash.cpp:467:4: warning: '$' in identifier [-Wdollar-in-identifier-extension]
  467 |    $.hashfn_bswap    = RustRapidHash64<true, UNROLLED_FLAG, PROTECTED_FLAG, false, false, false>,
      |    ^
<scratch>/codex/chainhash-m2-adjacent/smhasher3/hashes/rust-rapidhash.cpp:468:4: warning: '$' in identifier [-Wdollar-in-identifier-extension]
  468 |    $.seedfn          = rapidhash_seed,
      |    ^
<scratch>/codex/chainhash-m2-adjacent/smhasher3/hashes/rust-rapidhash.cpp:469:4: warning: '$' in identifier [-Wdollar-in-identifier-extension]
  469 |    $.seedfixfn       = excludeBadseeds,
      |    ^
<scratch>/codex/chainhash-m2-adjacent/smhasher3/hashes/rust-rapidhash.cpp:470:4: warning: '$' in identifier [-Wdollar-in-identifier-extension]
  470 |    $.badseeddesc     = "Many bad seeds; see rust-rapidhash.cpp for known list",
      |    ^
<scratch>/codex/chainhash-m2-adjacent/smhasher3/hashes/rust-rapidhash.cpp:471:4: warning: '$' in identifier [-Wdollar-in-identifier-extension]
  471 |    $.badseeds        = {
      |    ^
<scratch>/codex/chainhash-m2-adjacent/smhasher3/hashes/rust-rapidhash.cpp:562:4: warning: '$' in identifier [-Wdollar-in-identifier-extension]
  562 |    $.desc       = "rapidhash rust, fast::SeedableState::new()",
      |    ^
<scratch>/codex/chainhash-m2-adjacent/smhasher3/hashes/rust-rapidhash.cpp:563:4: warning: '$' in identifier [-Wdollar-in-identifier-extension]
  563 |    $.sort_order = 30,
      |    ^
<scratch>/codex/chainhash-m2-adjacent/smhasher3/hashes/rust-rapidhash.cpp:564:4: warning: '$' in identifier [-Wdollar-in-identifier-extension]
  564 |    $.hash_flags =
      |    ^
<scratch>/codex/chainhash-m2-adjacent/smhasher3/hashes/rust-rapidhash.cpp:566:4: warning: '$' in identifier [-Wdollar-in-identifier-extension]
  566 |    $.impl_flags =
      |    ^
<scratch>/codex/chainhash-m2-adjacent/smhasher3/hashes/rust-rapidhash.cpp:569:4: warning: '$' in identifier [-Wdollar-in-identifier-extension]
  569 |    $.bits = 64,
      |    ^
<scratch>/codex/chainhash-m2-adjacent/smhasher3/hashes/rust-rapidhash.cpp:570:4: warning: '$' in identifier [-Wdollar-in-identifier-extension]
  570 |    $.verification_LE = 0xC3100741,
      |    ^
<scratch>/codex/chainhash-m2-adjacent/smhasher3/hashes/rust-rapidhash.cpp:571:4: warning: '$' in identifier [-Wdollar-in-identifier-extension]
  571 |    $.verification_BE = 0x62C5E469,
      |    ^
<scratch>/codex/chainhash-m2-adjacent/smhasher3/hashes/rust-rapidhash.cpp:572:4: warning: '$' in identifier [-Wdollar-in-identifier-extension]
  572 |    $.hashfn_native   = RustRapidHash64<false, UNROLLED_FLAG, PROTECTED_FLAG, false, false, true>,
      |    ^
<scratch>/codex/chainhash-m2-adjacent/smhasher3/hashes/rust-rapidhash.cpp:573:4: warning: '$' in identifier [-Wdollar-in-identifier-extension]
  573 |    $.hashfn_bswap    = RustRapidHash64<true, UNROLLED_FLAG, PROTECTED_FLAG, false, false, true>,
      |    ^
<scratch>/codex/chainhash-m2-adjacent/smhasher3/hashes/rust-rapidhash.cpp:574:4: warning: '$' in identifier [-Wdollar-in-identifier-extension]
  574 |    $.seedfn          = create_secrets_from_seed,
      |    ^
<scratch>/codex/chainhash-m2-adjacent/smhasher3/hashes/rust-rapidhash.cpp:575:4: warning: '$' in identifier [-Wdollar-in-identifier-extension]
  575 |    $.seedfixfn       = excludeBadseeds,
      |    ^
<scratch>/codex/chainhash-m2-adjacent/smhasher3/hashes/rust-rapidhash.cpp:576:4: warning: '$' in identifier [-Wdollar-in-identifier-extension]
  576 |    $.badseeddesc     = "Many bad seeds; see rust-rapidhash.cpp for known list",
      |    ^
<scratch>/codex/chainhash-m2-adjacent/smhasher3/hashes/rust-rapidhash.cpp:577:4: warning: '$' in identifier [-Wdollar-in-identifier-extension]
  577 |    $.badseeds        = {
      |    ^
<scratch>/codex/chainhash-m2-adjacent/smhasher3/hashes/rust-rapidhash.cpp:658:4: warning: '$' in identifier [-Wdollar-in-identifier-extension]
  658 |    $.desc       = "rapidhash rust, quality::RapidHasher::new(), no wide mult",
      |    ^
<scratch>/codex/chainhash-m2-adjacent/smhasher3/hashes/rust-rapidhash.cpp:659:4: warning: '$' in identifier [-Wdollar-in-identifier-extension]
  659 |    $.sort_order = 40,
      |    ^
<scratch>/codex/chainhash-m2-adjacent/smhasher3/hashes/rust-rapidhash.cpp:660:4: warning: '$' in identifier [-Wdollar-in-identifier-extension]
  660 |    $.hash_flags =
      |    ^
<scratch>/codex/chainhash-m2-adjacent/smhasher3/hashes/rust-rapidhash.cpp:662:4: warning: '$' in identifier [-Wdollar-in-identifier-extension]
  662 |    $.impl_flags =
      |    ^
<scratch>/codex/chainhash-m2-adjacent/smhasher3/hashes/rust-rapidhash.cpp:665:4: warning: '$' in identifier [-Wdollar-in-identifier-extension]
  665 |    $.bits = 64,
      |    ^
<scratch>/codex/chainhash-m2-adjacent/smhasher3/hashes/rust-rapidhash.cpp:666:4: warning: '$' in identifier [-Wdollar-in-identifier-extension]
  666 |    $.verification_LE = 0x77BCDA91,
      |    ^
<scratch>/codex/chainhash-m2-adjacent/smhasher3/hashes/rust-rapidhash.cpp:667:4: warning: '$' in identifier [-Wdollar-in-identifier-extension]
  667 |    $.verification_BE = 0xF30CC344,
      |    ^
<scratch>/codex/chainhash-m2-adjacent/smhasher3/hashes/rust-rapidhash.cpp:668:4: warning: '$' in identifier [-Wdollar-in-identifier-extension]
  668 |    $.hashfn_native   = RustRapidHash64<false, UNROLLED_FLAG, PROTECTED_FLAG, true, true, false>,
      |    ^
<scratch>/codex/chainhash-m2-adjacent/smhasher3/hashes/rust-rapidhash.cpp:669:4: warning: '$' in identifier [-Wdollar-in-identifier-extension]
  669 |    $.hashfn_bswap    = RustRapidHash64<true, UNROLLED_FLAG, PROTECTED_FLAG, true, true, false>,
      |    ^
<scratch>/codex/chainhash-m2-adjacent/smhasher3/hashes/rust-rapidhash.cpp:670:4: warning: '$' in identifier [-Wdollar-in-identifier-extension]
  670 |    $.seedfn          = rapidhash_seed
      |    ^
<scratch>/codex/chainhash-m2-adjacent/smhasher3/hashes/rust-rapidhash.cpp:674:4: warning: '$' in identifier [-Wdollar-in-identifier-extension]
  674 |    $.desc       = "rapidhash rust, quality::SeedableState::new(), no wide mult",
      |    ^
<scratch>/codex/chainhash-m2-adjacent/smhasher3/hashes/rust-rapidhash.cpp:675:4: warning: '$' in identifier [-Wdollar-in-identifier-extension]
  675 |    $.sort_order = 50,
      |    ^
<scratch>/codex/chainhash-m2-adjacent/smhasher3/hashes/rust-rapidhash.cpp:676:4: warning: '$' in identifier [-Wdollar-in-identifier-extension]
  676 |    $.hash_flags =
      |    ^
<scratch>/codex/chainhash-m2-adjacent/smhasher3/hashes/rust-rapidhash.cpp:678:4: warning: '$' in identifier [-Wdollar-in-identifier-extension]
  678 |    $.impl_flags =
      |    ^
<scratch>/codex/chainhash-m2-adjacent/smhasher3/hashes/rust-rapidhash.cpp:681:4: warning: '$' in identifier [-Wdollar-in-identifier-extension]
  681 |    $.bits = 64,
      |    ^
<scratch>/codex/chainhash-m2-adjacent/smhasher3/hashes/rust-rapidhash.cpp:682:4: warning: '$' in identifier [-Wdollar-in-identifier-extension]
  682 |    $.verification_LE = 0xC31AF1C5,
      |    ^
<scratch>/codex/chainhash-m2-adjacent/smhasher3/hashes/rust-rapidhash.cpp:683:4: warning: '$' in identifier [-Wdollar-in-identifier-extension]
  683 |    $.verification_BE = 0x617E996C,
      |    ^
<scratch>/codex/chainhash-m2-adjacent/smhasher3/hashes/rust-rapidhash.cpp:684:4: warning: '$' in identifier [-Wdollar-in-identifier-extension]
  684 |    $.hashfn_native   = RustRapidHash64<false, UNROLLED_FLAG, PROTECTED_FLAG, true, true, true>,
      |    ^
<scratch>/codex/chainhash-m2-adjacent/smhasher3/hashes/rust-rapidhash.cpp:685:4: warning: '$' in identifier [-Wdollar-in-identifier-extension]
  685 |    $.hashfn_bswap    = RustRapidHash64<true, UNROLLED_FLAG, PROTECTED_FLAG, true, true, true>,
      |    ^
<scratch>/codex/chainhash-m2-adjacent/smhasher3/hashes/rust-rapidhash.cpp:686:4: warning: '$' in identifier [-Wdollar-in-identifier-extension]
  686 |    $.seedfn          = create_secrets_from_seed
      |    ^
<scratch>/codex/chainhash-m2-adjacent/smhasher3/hashes/rust-rapidhash.cpp:690:4: warning: '$' in identifier [-Wdollar-in-identifier-extension]
  690 |    $.desc       = "rapidhash rust, fast::RapidHasher::new(), no wide mult",
      |    ^
<scratch>/codex/chainhash-m2-adjacent/smhasher3/hashes/rust-rapidhash.cpp:691:4: warning: '$' in identifier [-Wdollar-in-identifier-extension]
  691 |    $.sort_order = 60,
      |    ^
<scratch>/codex/chainhash-m2-adjacent/smhasher3/hashes/rust-rapidhash.cpp:692:4: warning: '$' in identifier [-Wdollar-in-identifier-extension]
  692 |    $.hash_flags =
      |    ^
<scratch>/codex/chainhash-m2-adjacent/smhasher3/hashes/rust-rapidhash.cpp:694:4: warning: '$' in identifier [-Wdollar-in-identifier-extension]
  694 |    $.impl_flags =
      |    ^
<scratch>/codex/chainhash-m2-adjacent/smhasher3/hashes/rust-rapidhash.cpp:697:4: warning: '$' in identifier [-Wdollar-in-identifier-extension]
  697 |    $.bits = 64,
      |    ^
<scratch>/codex/chainhash-m2-adjacent/smhasher3/hashes/rust-rapidhash.cpp:698:4: warning: '$' in identifier [-Wdollar-in-identifier-extension]
  698 |    $.verification_LE = 0x2955B659,
      |    ^
<scratch>/codex/chainhash-m2-adjacent/smhasher3/hashes/rust-rapidhash.cpp:699:4: warning: '$' in identifier [-Wdollar-in-identifier-extension]
  699 |    $.verification_BE = 0x9D0F120C,
      |    ^
<scratch>/codex/chainhash-m2-adjacent/smhasher3/hashes/rust-rapidhash.cpp:700:4: warning: '$' in identifier [-Wdollar-in-identifier-extension]
  700 |    $.hashfn_native   = RustRapidHash64<false, UNROLLED_FLAG, PROTECTED_FLAG, true, false, false>,
      |    ^
<scratch>/codex/chainhash-m2-adjacent/smhasher3/hashes/rust-rapidhash.cpp:701:4: warning: '$' in identifier [-Wdollar-in-identifier-extension]
  701 |    $.hashfn_bswap    = RustRapidHash64<true, UNROLLED_FLAG, PROTECTED_FLAG, true, false, false>,
      |    ^
<scratch>/codex/chainhash-m2-adjacent/smhasher3/hashes/rust-rapidhash.cpp:702:4: warning: '$' in identifier [-Wdollar-in-identifier-extension]
  702 |    $.seedfn          = rapidhash_seed
      |    ^
<scratch>/codex/chainhash-m2-adjacent/smhasher3/hashes/rust-rapidhash.cpp:706:4: warning: '$' in identifier [-Wdollar-in-identifier-extension]
  706 |    $.desc       = "rapidhash rust, fast::SeedableState::new(), no wide mult",
      |    ^
<scratch>/codex/chainhash-m2-adjacent/smhasher3/hashes/rust-rapidhash.cpp:707:4: warning: '$' in identifier [-Wdollar-in-identifier-extension]
  707 |    $.sort_order = 70,
      |    ^
<scratch>/codex/chainhash-m2-adjacent/smhasher3/hashes/rust-rapidhash.cpp:708:4: warning: '$' in identifier [-Wdollar-in-identifier-extension]
  708 |    $.hash_flags =
      |    ^
<scratch>/codex/chainhash-m2-adjacent/smhasher3/hashes/rust-rapidhash.cpp:710:4: warning: '$' in identifier [-Wdollar-in-identifier-extension]
  710 |    $.impl_flags =
      |    ^
<scratch>/codex/chainhash-m2-adjacent/smhasher3/hashes/rust-rapidhash.cpp:713:4: warning: '$' in identifier [-Wdollar-in-identifier-extension]
  713 |    $.bits = 64,
      |    ^
<scratch>/codex/chainhash-m2-adjacent/smhasher3/hashes/rust-rapidhash.cpp:714:4: warning: '$' in identifier [-Wdollar-in-identifier-extension]
  714 |    $.verification_LE = 0xDB1D8A21,
      |    ^
<scratch>/codex/chainhash-m2-adjacent/smhasher3/hashes/rust-rapidhash.cpp:715:4: warning: '$' in identifier [-Wdollar-in-identifier-extension]
  715 |    $.verification_BE = 0x64BAB88E,
      |    ^
<scratch>/codex/chainhash-m2-adjacent/smhasher3/hashes/rust-rapidhash.cpp:716:4: warning: '$' in identifier [-Wdollar-in-identifier-extension]
  716 |    $.hashfn_native   = RustRapidHash64<false, UNROLLED_FLAG, PROTECTED_FLAG, true, false, true>,
      |    ^
<scratch>/codex/chainhash-m2-adjacent/smhasher3/hashes/rust-rapidhash.cpp:717:4: warning: '$' in identifier [-Wdollar-in-identifier-extension]
  717 |    $.hashfn_bswap    = RustRapidHash64<true, UNROLLED_FLAG, PROTECTED_FLAG, true, false, true>,
      |    ^
<scratch>/codex/chainhash-m2-adjacent/smhasher3/hashes/rust-rapidhash.cpp:718:4: warning: '$' in identifier [-Wdollar-in-identifier-extension]
  718 |    $.seedfn          = create_secrets_from_seed
      |    ^
<scratch>/codex/chainhash-m2-adjacent/smhasher3/hashes/gxhash.cpp:402:4: warning: '$' in identifier [-Wdollar-in-identifier-extension]
  402 |    $.src_url    = "https://github.com/ogxd/gxhash",
      |    ^
<scratch>/codex/chainhash-m2-adjacent/smhasher3/hashes/gxhash.cpp:403:4: warning: '$' in identifier [-Wdollar-in-identifier-extension]
  403 |    $.src_status = HashFamilyInfo::SRC_STABLEISH
      |    ^
<scratch>/codex/chainhash-m2-adjacent/smhasher3/hashes/gxhash.cpp:407:4: warning: '$' in identifier [-Wdollar-in-identifier-extension]
  407 |    $.desc            = "GxHash (ported from Rust)",
      |    ^
<scratch>/codex/chainhash-m2-adjacent/smhasher3/hashes/gxhash.cpp:408:4: warning: '$' in identifier [-Wdollar-in-identifier-extension]
  408 |    $.impl            = GX_IMPL_STR,
      |    ^
<scratch>/codex/chainhash-m2-adjacent/smhasher3/hashes/gxhash.cpp:409:4: warning: '$' in identifier [-Wdollar-in-identifier-extension]
  409 |    $.hash_flags      =
      |    ^
<scratch>/codex/chainhash-m2-adjacent/smhasher3/hashes/gxhash.cpp:412:4: warning: '$' in identifier [-Wdollar-in-identifier-extension]
  412 |    $.impl_flags      =
      |    ^
<scratch>/codex/chainhash-m2-adjacent/smhasher3/hashes/gxhash.cpp:416:4: warning: '$' in identifier [-Wdollar-in-identifier-extension]
  416 |    $.bits            = 128,
      |    ^
<scratch>/codex/chainhash-m2-adjacent/smhasher3/hashes/gxhash.cpp:417:4: warning: '$' in identifier [-Wdollar-in-identifier-extension]
  417 |    $.verification_LE = 0x64A77B47,
      |    ^
<scratch>/codex/chainhash-m2-adjacent/smhasher3/hashes/gxhash.cpp:418:4: warning: '$' in identifier [-Wdollar-in-identifier-extension]
  418 |    $.verification_BE = 0x64A77B47,
      |    ^
<scratch>/codex/chainhash-m2-adjacent/smhasher3/hashes/gxhash.cpp:419:4: warning: '$' in identifier [-Wdollar-in-identifier-extension]
  419 |    $.hashfn_native   = GxHash128,
      |    ^
<scratch>/codex/chainhash-m2-adjacent/smhasher3/hashes/gxhash.cpp:420:4: warning: '$' in identifier [-Wdollar-in-identifier-extension]
  420 |    $.hashfn_bswap    = GxHash128
      |    ^
<scratch>/codex/chainhash-m2-adjacent/smhasher3/hashes/gxhash.cpp:424:4: warning: '$' in identifier [-Wdollar-in-identifier-extension]
  424 |    $.desc            = "GxHash, lower 64 bits (ported from Rust)",
      |    ^
<scratch>/codex/chainhash-m2-adjacent/smhasher3/hashes/gxhash.cpp:425:4: warning: '$' in identifier [-Wdollar-in-identifier-extension]
  425 |    $.impl            = GX_IMPL_STR,
      |    ^
<scratch>/codex/chainhash-m2-adjacent/smhasher3/hashes/gxhash.cpp:426:4: warning: '$' in identifier [-Wdollar-in-identifier-extension]
  426 |    $.hash_flags      =
      |    ^
<scratch>/codex/chainhash-m2-adjacent/smhasher3/hashes/gxhash.cpp:429:4: warning: '$' in identifier [-Wdollar-in-identifier-extension]
  429 |    $.impl_flags      =
      |    ^
<scratch>/codex/chainhash-m2-adjacent/smhasher3/hashes/gxhash.cpp:433:4: warning: '$' in identifier [-Wdollar-in-identifier-extension]
  433 |    $.bits            = 64,
      |    ^
<scratch>/codex/chainhash-m2-adjacent/smhasher3/hashes/gxhash.cpp:434:4: warning: '$' in identifier [-Wdollar-in-identifier-extension]
  434 |    $.verification_LE = 0x48F84240,
      |    ^
<scratch>/codex/chainhash-m2-adjacent/smhasher3/hashes/gxhash.cpp:435:4: warning: '$' in identifier [-Wdollar-in-identifier-extension]
  435 |    $.verification_BE = 0x48F84240,
      |    ^
<scratch>/codex/chainhash-m2-adjacent/smhasher3/hashes/gxhash.cpp:436:4: warning: '$' in identifier [-Wdollar-in-identifier-extension]
  436 |    $.hashfn_native   = GxHash64,
      |    ^
<scratch>/codex/chainhash-m2-adjacent/smhasher3/hashes/gxhash.cpp:437:4: warning: '$' in identifier [-Wdollar-in-identifier-extension]
  437 |    $.hashfn_bswap    = GxHash64
      |    ^
<scratch>/codex/chainhash-m2-adjacent/smhasher3/hashes/gxhash.cpp:51:20: warning: unused variable 'PAGE_SIZE' [-Wunused-const-variable]
   51 | constexpr uint64_t PAGE_SIZE     = 0x1000;
      |                    ^~~~~~~~~
26 warnings generated.
[ 97%] Building C object CMakeFiles/SMHasher3Hashlib.dir/hashes/vendor/clhash/clhash_bswap.c.o
93 warnings generated.
[ 98%] Linking CXX static library libSMHasher3Hashlib.a
[ 98%] Built target SMHasher3Hashlib
[ 98%] Building CXX object CMakeFiles/SMHasher3.dir/main.cpp.o
In file included from <scratch>/codex/chainhash-m2-adjacent/smhasher3/main.cpp:65:
<scratch>/codex/chainhash-m2-adjacent/smhasher3/include/hashlib/Hashlib.h:44:20: warning: '$' in identifier [-Wdollar-in-identifier-extension]
   44 |     HashFamilyInfo $(#N);                          \
      |                    ^
<scratch>/codex/chainhash-m2-adjacent/smhasher3/include/hashlib/Hashlib.h:46:12: warning: '$' in identifier [-Wdollar-in-identifier-extension]
   46 |     return $;                                      \
      |            ^
<scratch>/codex/chainhash-m2-adjacent/smhasher3/include/hashlib/Hashlib.h:54:14: warning: '$' in identifier [-Wdollar-in-identifier-extension]
   54 |     HashInfo $(#N, THIS_HASH_FAMILY.name);       \
      |              ^
<scratch>/codex/chainhash-m2-adjacent/smhasher3/include/hashlib/Hashlib.h:56:20: warning: '$' in identifier [-Wdollar-in-identifier-extension]
   56 |     register_hash(&$);                           \
      |                    ^
<scratch>/codex/chainhash-m2-adjacent/smhasher3/include/hashlib/Hashlib.h:57:12: warning: '$' in identifier [-Wdollar-in-identifier-extension]
   57 |     return $;                                    \
      |            ^
5 warnings generated.
[100%] Linking CXX executable SMHasher3
ld: warning: building for macOS-26.2, but linking with dylib '/opt/homebrew/opt/openssl@3/lib/libcrypto.3.dylib' which was built for newer version 27.0
[100%] Built target SMHasher3
